item_id,briefing,doc_id,claim,evidence,claim_id,perturbation,label
b0000_none,2026-05-06/baseline/q01-resident-pioneer,microtopo,"The location's low topographic position (HAND = 3.81 m, TWI = 14.79) indicates a propensity for surface runoff accumulation .","Source: USGS 3DEP 30 m DEM (LiDAR-derived) via py3dep, with TWI and HAND derived using whitebox-workflows hydrology toolkit.
Point elevation at this address: 1.37 m above sea level.
Topographic position relative to surroundings: topographic LOW POINT — surface runoff in the 200 m neighbourhood routes toward this location.
Fraction of cells within 200 m radius that are LOWER in elevation than this address: 0.8%.
Fraction of cells within 750 m radius that are LOWER in elevation than this address: 23.8%.
Basin relief (max elevation in 750 m AOI minus address elevation): 13.27 m.
Height Above Nearest Drainage (HAND): 3.81 m. Interpretation: moderate (3-8 m) — typical urban-block elevation above drainage. HAND is the standard hydrology index for vertical distance from a cell to the nearest channel; used by USGS, USACE, and InfoWorks ICM.
Topographic Wetness Index (TWI): 14.79. Interpretation: very high — saturation-prone terrain. TWI = ln(specific catchment area / tan slope) is the TOPMODEL framework's saturation propensity metric.",b0000,none,1
b0000_doc_swap,2026-05-06/baseline/q01-resident-pioneer,dep_moderate_2050_nta,"The location's low topographic position (HAND = 3.81 m, TWI = 14.79) indicates a propensity for surface runoff accumulation .","scenario: dep_moderate_2050
label: DEP Moderate Stormwater (2.13 in/hr, 2050 SLR)
fraction_any: 0.0392 (3.9 %, 4 %)
fraction_class.1: 0.02 (2.0 %, 2 %)
fraction_class.2: 0.0102 (1.0 %, 1 %)
fraction_class.3: 0.009 (0.9 %, 1 %)
polygon_area_m2: 5649571.1",b0000,doc_swap,0
b0000_number,2026-05-06/baseline/q01-resident-pioneer,microtopo,"The location's low topographic position (HAND = 3.81 m, TWI = 7.39) indicates a propensity for surface runoff accumulation .","Source: USGS 3DEP 30 m DEM (LiDAR-derived) via py3dep, with TWI and HAND derived using whitebox-workflows hydrology toolkit.
Point elevation at this address: 1.37 m above sea level.
Topographic position relative to surroundings: topographic LOW POINT — surface runoff in the 200 m neighbourhood routes toward this location.
Fraction of cells within 200 m radius that are LOWER in elevation than this address: 0.8%.
Fraction of cells within 750 m radius that are LOWER in elevation than this address: 23.8%.
Basin relief (max elevation in 750 m AOI minus address elevation): 13.27 m.
Height Above Nearest Drainage (HAND): 3.81 m. Interpretation: moderate (3-8 m) — typical urban-block elevation above drainage. HAND is the standard hydrology index for vertical distance from a cell to the nearest channel; used by USGS, USACE, and InfoWorks ICM.
Topographic Wetness Index (TWI): 14.79. Interpretation: very high — saturation-prone terrain. TWI = ln(specific catchment area / tan slope) is the TOPMODEL framework's saturation propensity metric.",b0000,number,0
b0000_direction,2026-05-06/baseline/q01-resident-pioneer,microtopo,"The location's high topographic position (HAND = 3.81 m, TWI = 14.79) indicates a propensity for surface runoff accumulation .","Source: USGS 3DEP 30 m DEM (LiDAR-derived) via py3dep, with TWI and HAND derived using whitebox-workflows hydrology toolkit.
Point elevation at this address: 1.37 m above sea level.
Topographic position relative to surroundings: topographic LOW POINT — surface runoff in the 200 m neighbourhood routes toward this location.
Fraction of cells within 200 m radius that are LOWER in elevation than this address: 0.8%.
Fraction of cells within 750 m radius that are LOWER in elevation than this address: 23.8%.
Basin relief (max elevation in 750 m AOI minus address elevation): 13.27 m.
Height Above Nearest Drainage (HAND): 3.81 m. Interpretation: moderate (3-8 m) — typical urban-block elevation above drainage. HAND is the standard hydrology index for vertical distance from a cell to the nearest channel; used by USGS, USACE, and InfoWorks ICM.
Topographic Wetness Index (TWI): 14.79. Interpretation: very high — saturation-prone terrain. TWI = ln(specific catchment area / tan slope) is the TOPMODEL framework's saturation propensity metric.",b0000,direction,0
b0001_none,2026-05-06/baseline/q01-resident-pioneer,sandy,"Hurricane Sandy directly flooded this address on October 29‑30, 2012 .","Source: NYC Sandy Inundation Zone (NYC OpenData 5xsi-dfpx, empirical extent of areas flooded by Hurricane Sandy in 2012).
FACT: The address is LOCATED WITHIN this empirical 2012 inundation extent.
INTERPRETATION: Hurricane Sandy did flood this address (or this immediate parcel) on October 29-30, 2012. This is a historical fact, not a model prediction.
Do not state the opposite. The address is inside the Sandy inundation zone.",b0001,none,1
b0001_doc_swap,2026-05-06/baseline/q01-resident-pioneer,microtopo_nta,"Hurricane Sandy directly flooded this address on October 29‑30, 2012 .","n_cells: 8948
elev_min_m: -2.13
elev_median_m: 3.77
elev_p10_m: 1.91
elev_max_m: 18.77
hand_median_m: 4.45
twi_median: 8.33
frac_hand_lt1: 0.0581 (5.8 %, 6 %)
frac_twi_gt10: 0.2326 (23.3 %, 23 %)",b0001,doc_swap,0
b0001_number,2026-05-06/baseline/q01-resident-pioneer,sandy,"Hurricane Sandy directly flooded this address on October 29‑30, 604 .","Source: NYC Sandy Inundation Zone (NYC OpenData 5xsi-dfpx, empirical extent of areas flooded by Hurricane Sandy in 2012).
FACT: The address is LOCATED WITHIN this empirical 2012 inundation extent.
INTERPRETATION: Hurricane Sandy did flood this address (or this immediate parcel) on October 29-30, 2012. This is a historical fact, not a model prediction.
Do not state the opposite. The address is inside the Sandy inundation zone.",b0001,number,0
b0002_none,2026-05-06/baseline/q01-resident-pioneer,nyc311,"Within the past five years, there have been 65 flood-related complaints within 200 m, with the most common descriptors being ""Catch Basin Clogged/Flooding"" (24) and ""Sewer Backup"" (22) .","Source: NYC 311 service requests (Socrata erm2-nwe9, 2010-present).
311 flood-related complaints within 200 m, last 5 years: 65.
Top descriptors and counts: Catch Basin Clogged/Flooding (Use Comments) (SC): 24; Sewer Backup (Use Comments) (SA): 22; Street Flooding (SJ): 18; Flooding on Street: 1.
Per-year counts: 2021: 6, 2022: 14, 2023: 27, 2024: 10, 2025: 8.",b0002,none,1
b0002_doc_swap,2026-05-06/baseline/q01-resident-pioneer,nws_obs,"Within the past five years, there have been 65 flood-related complaints within 200 m, with the most common descriptors being ""Catch Basin Clogged/Flooding"" (24) and ""Sewer Backup"" (22) .","station_id: KNYC
station_name: Central Park, NY
distance_km: 11.4
obs_time: 2026-09-26T18:51:00+00:00
temp_c: 16.1
precip_last_hour_mm: None
precip_last_3h_mm: None
precip_last_6h_mm: None
narrative: Latest METAR at Central Park, NY (11.4 km away): 16.1°C (obs 2026-09-26T18:51).
error: None",b0002,doc_swap,0
b0002_number,2026-05-06/baseline/q01-resident-pioneer,nyc311,"Within the past five years, there have been 130 flood-related complaints within 200 m, with the most common descriptors being ""Catch Basin Clogged/Flooding"" (24) and ""Sewer Backup"" (22) .","Source: NYC 311 service requests (Socrata erm2-nwe9, 2010-present).
311 flood-related complaints within 200 m, last 5 years: 65.
Top descriptors and counts: Catch Basin Clogged/Flooding (Use Comments) (SC): 24; Sewer Backup (Use Comments) (SA): 22; Street Flooding (SJ): 18; Flooding on Street: 1.
Per-year counts: 2021: 6, 2022: 14, 2023: 27, 2024: 10, 2025: 8.",b0002,number,0
b0002_direction,2026-05-06/baseline/q01-resident-pioneer,nyc311,"Within the past five years, there have been 65 flood-related complaints beyond 200 m, with the most common descriptors being ""Catch Basin Clogged/Flooding"" (24) and ""Sewer Backup"" (22) .","Source: NYC 311 service requests (Socrata erm2-nwe9, 2010-present).
311 flood-related complaints within 200 m, last 5 years: 65.
Top descriptors and counts: Catch Basin Clogged/Flooding (Use Comments) (SC): 24; Sewer Backup (Use Comments) (SA): 22; Street Flooding (SJ): 18; Flooding on Street: 1.
Per-year counts: 2021: 6, 2022: 14, 2023: 27, 2024: 10, 2025: 8.",b0002,direction,0
b0003_none,2026-05-06/baseline/q01-resident-pioneer,floodnet,"Additionally, sensors within a 600 m radius have recorded four flood events in the last three years, including a peak depth of 51 mm at one sensor starting October 30, 2025 .","Source: FloodNet NYC ultrasonic depth sensor network (api.floodnet.nyc).
Sensors within 600 m: 4.
Sensors with labeled flood events in last 3 years: 2.
Total flood events at those sensors: 4.
Peak event: 51 mm depth at sensor openly_driven_tarpon starting 2025-10-30.",b0003,none,1
b0003_doc_swap,2026-05-06/baseline/q01-resident-pioneer,ida_hwm,"Additionally, sensors within a 600 m radius have recorded four flood events in the last three years, including a peak depth of 51 mm at one sensor starting October 30, 2025 .","n_within_radius: 0
radius_m: 800
max_elev_ft: None
max_height_above_gnd_ft: None
nearest_dist_m: 3861.0
nearest_site: Near west shore of Ohrbach Lake at William H. Pouch Boy Scout Camp, Staten Island
nearest_elev_ft: 240.7
narrative: No Hurricane Ida (Sept 2021) high-water marks were surveyed within 800 m of this address. Nearest USGS-surveyed mark: Near west shore of Ohrbach Lake at William H. Pouch Boy Scout Camp, Staten Island (3861 m away).",b0003,doc_swap,0
b0003_number,2026-05-06/baseline/q01-resident-pioneer,floodnet,"Additionally, sensors within a 180 m radius have recorded four flood events in the last three years, including a peak depth of 51 mm at one sensor starting October 30, 2025 .","Source: FloodNet NYC ultrasonic depth sensor network (api.floodnet.nyc).
Sensors within 600 m: 4.
Sensors with labeled flood events in last 3 years: 2.
Total flood events at those sensors: 4.
Peak event: 51 mm depth at sensor openly_driven_tarpon starting 2025-10-30.",b0003,number,0
b0003_direction,2026-05-06/baseline/q01-resident-pioneer,floodnet,"Additionally, sensors beyond a 600 m radius have recorded four flood events in the last three years, including a peak depth of 51 mm at one sensor starting October 30, 2025 .","Source: FloodNet NYC ultrasonic depth sensor network (api.floodnet.nyc).
Sensors within 600 m: 4.
Sensors with labeled flood events in last 3 years: 2.
Total flood events at those sensors: 4.
Peak event: 51 mm depth at sensor openly_driven_tarpon starting 2025-10-30.",b0003,direction,0
b0004_none,2026-05-06/baseline/q01-resident-pioneer,microtopo,"The terrain analysis shows this parcel as a topographic low point within its surroundings, with 23.8 % of cells within a 750 m radius being lower in elevation than the address .","Source: USGS 3DEP 30 m DEM (LiDAR-derived) via py3dep, with TWI and HAND derived using whitebox-workflows hydrology toolkit.
Point elevation at this address: 1.37 m above sea level.
Topographic position relative to surroundings: topographic LOW POINT — surface runoff in the 200 m neighbourhood routes toward this location.
Fraction of cells within 200 m radius that are LOWER in elevation than this address: 0.8%.
Fraction of cells within 750 m radius that are LOWER in elevation than this address: 23.8%.
Basin relief (max elevation in 750 m AOI minus address elevation): 13.27 m.
Height Above Nearest Drainage (HAND): 3.81 m. Interpretation: moderate (3-8 m) — typical urban-block elevation above drainage. HAND is the standard hydrology index for vertical distance from a cell to the nearest channel; used by USGS, USACE, and InfoWorks ICM.
Topographic Wetness Index (TWI): 14.79. Interpretation: very high — saturation-prone terrain. TWI = ln(specific catchment area / tan slope) is the TOPMODEL framework's saturation propensity metric.",b0004,none,1
b0004_doc_swap,2026-05-06/baseline/q01-resident-pioneer,fema_nfhl,"The terrain analysis shows this parcel as a topographic low point within its surroundings, with 23.8 % of cells within a 750 m radius being lower in elevation than the address .","fld_zone: X
zone_subty: AREA OF MINIMAL FLOOD HAZARD
sfha: False
firm_panel: 3604970379F
effective_year: 2007
narrative: This address sits in FEMA flood zone X, per NFHL FIRM panel 3604970379F, effective 2007.",b0004,doc_swap,0
b0004_number,2026-05-06/baseline/q01-resident-pioneer,microtopo,"The terrain analysis shows this parcel as a topographic low point within its surroundings, with 23.8 % of cells within a 225 m radius being lower in elevation than the address .","Source: USGS 3DEP 30 m DEM (LiDAR-derived) via py3dep, with TWI and HAND derived using whitebox-workflows hydrology toolkit.
Point elevation at this address: 1.37 m above sea level.
Topographic position relative to surroundings: topographic LOW POINT — surface runoff in the 200 m neighbourhood routes toward this location.
Fraction of cells within 200 m radius that are LOWER in elevation than this address: 0.8%.
Fraction of cells within 750 m radius that are LOWER in elevation than this address: 23.8%.
Basin relief (max elevation in 750 m AOI minus address elevation): 13.27 m.
Height Above Nearest Drainage (HAND): 3.81 m. Interpretation: moderate (3-8 m) — typical urban-block elevation above drainage. HAND is the standard hydrology index for vertical distance from a cell to the nearest channel; used by USGS, USACE, and InfoWorks ICM.
Topographic Wetness Index (TWI): 14.79. Interpretation: very high — saturation-prone terrain. TWI = ln(specific catchment area / tan slope) is the TOPMODEL framework's saturation propensity metric.",b0004,number,0
b0004_direction,2026-05-06/baseline/q01-resident-pioneer,microtopo,"The terrain analysis shows this parcel as a topographic low point within its surroundings, with 23.8 % of cells within a 750 m radius being higher in elevation than the address .","Source: USGS 3DEP 30 m DEM (LiDAR-derived) via py3dep, with TWI and HAND derived using whitebox-workflows hydrology toolkit.
Point elevation at this address: 1.37 m above sea level.
Topographic position relative to surroundings: topographic LOW POINT — surface runoff in the 200 m neighbourhood routes toward this location.
Fraction of cells within 200 m radius that are LOWER in elevation than this address: 0.8%.
Fraction of cells within 750 m radius that are LOWER in elevation than this address: 23.8%.
Basin relief (max elevation in 750 m AOI minus address elevation): 13.27 m.
Height Above Nearest Drainage (HAND): 3.81 m. Interpretation: moderate (3-8 m) — typical urban-block elevation above drainage. HAND is the standard hydrology index for vertical distance from a cell to the nearest channel; used by USGS, USACE, and InfoWorks ICM.
Topographic Wetness Index (TWI): 14.79. Interpretation: very high — saturation-prone terrain. TWI = ln(specific catchment area / tan slope) is the TOPMODEL framework's saturation propensity metric.",b0004,direction,0
b0005_none,2026-05-06/baseline/q01-resident-pioneer,ttm_forecast,"The modeled surge residual at the nearest Battery gauge predicts a modest positive residual (0.13 ft) occurring approximately 18 minutes from now, suggesting potential wind-driven setup .","Source: Granite TimeSeries TTM r2 (Ekambaram et al. 2024, NeurIPS) — ibm-granite/granite-timeseries-ttm-r2 via granite-tsfm. Zero-shot forecast of the surge residual (observed minus astronomical tide) at the Battery, NY (NOAA station 8518750). 6-min cadence, ~51 h context, ~9.6 h horizon..
Gauge: The Battery, NY (NOAA 8518750, 2.5 km from address — closest of Battery / Kings Point / Sandy Hook).
Context window: 512 samples (~51.2 h of 6-min residual).
Forecast horizon: 96 samples (~9.6 h ahead).
Recent residual: 0.12 ft (residual = observed water level minus astronomical prediction).
Recent peak |residual| in context: 0.47 ft.
Forecast peak residual: 0.13 ft, expected 18 minutes from now (at 2026-05-06T06:17Z UTC).
INTERPRETATION: positive residual is a wind-driven setup or storm-surge component on top of the tide; the model predicts the non-tidal part NOAA's astronomical predictor does not cover.",b0005,none,1
b0005_doc_swap,2026-05-06/baseline/q01-resident-pioneer,sandy_nta,"The modeled surge residual at the nearest Battery gauge predicts a modest positive residual (0.13 ft) occurring approximately 18 minutes from now, suggesting potential wind-driven setup .","overlap_area_m2: 3870613.4
polygon_area_m2: 4421167.4
fraction: 0.8755 (87.5 %, 88 %)
inside: True",b0005,doc_swap,0
b0005_number,2026-05-06/baseline/q01-resident-pioneer,ttm_forecast,"The modeled surge residual at the nearest Battery gauge predicts a modest positive residual (0.13 ft) occurring approximately 27 minutes from now, suggesting potential wind-driven setup .","Source: Granite TimeSeries TTM r2 (Ekambaram et al. 2024, NeurIPS) — ibm-granite/granite-timeseries-ttm-r2 via granite-tsfm. Zero-shot forecast of the surge residual (observed minus astronomical tide) at the Battery, NY (NOAA station 8518750). 6-min cadence, ~51 h context, ~9.6 h horizon..
Gauge: The Battery, NY (NOAA 8518750, 2.5 km from address — closest of Battery / Kings Point / Sandy Hook).
Context window: 512 samples (~51.2 h of 6-min residual).
Forecast horizon: 96 samples (~9.6 h ahead).
Recent residual: 0.12 ft (residual = observed water level minus astronomical prediction).
Recent peak |residual| in context: 0.47 ft.
Forecast peak residual: 0.13 ft, expected 18 minutes from now (at 2026-05-06T06:17Z UTC).
INTERPRETATION: positive residual is a wind-driven setup or storm-surge component on top of the tide; the model predicts the non-tidal part NOAA's astronomical predictor does not cover.",b0005,number,0
b0005_direction,2026-05-06/baseline/q01-resident-pioneer,ttm_forecast,"The modeled surge residual at the nearest Battery gauge predicts a modest negative residual (0.13 ft) occurring approximately 18 minutes from now, suggesting potential wind-driven setup .","Source: Granite TimeSeries TTM r2 (Ekambaram et al. 2024, NeurIPS) — ibm-granite/granite-timeseries-ttm-r2 via granite-tsfm. Zero-shot forecast of the surge residual (observed minus astronomical tide) at the Battery, NY (NOAA station 8518750). 6-min cadence, ~51 h context, ~9.6 h horizon..
Gauge: The Battery, NY (NOAA 8518750, 2.5 km from address — closest of Battery / Kings Point / Sandy Hook).
Context window: 512 samples (~51.2 h of 6-min residual).
Forecast horizon: 96 samples (~9.6 h ahead).
Recent residual: 0.12 ft (residual = observed water level minus astronomical prediction).
Recent peak |residual| in context: 0.47 ft.
Forecast peak residual: 0.13 ft, expected 18 minutes from now (at 2026-05-06T06:17Z UTC).
INTERPRETATION: positive residual is a wind-driven setup or storm-surge component on top of the tide; the model predicts the non-tidal part NOAA's astronomical predictor does not cover.",b0005,direction,0
b0006_none,2026-05-06/baseline/q02-attorney-gold,nyc311,"There have been 26 flood-related 311 service requests within a 200 m radius over the past five years, with the majority (14) related to clogged catch basins causing flooding .","Source: NYC 311 service requests (Socrata erm2-nwe9, 2010-present).
311 flood-related complaints within 200 m, last 5 years: 26.
Top descriptors and counts: Catch Basin Clogged/Flooding (Use Comments) (SC): 14; Street Flooding (SJ): 11; Sewer Backup (Use Comments) (SA): 1.
Per-year counts: 2021: 3, 2022: 5, 2023: 10, 2024: 3, 2025: 4, 2026: 1.",b0006,none,1
b0006_doc_swap,2026-05-06/baseline/q02-attorney-gold,dep_moderate_2050_nta,"There have been 26 flood-related 311 service requests within a 200 m radius over the past five years, with the majority (14) related to clogged catch basins causing flooding .","scenario: dep_moderate_2050
label: DEP Moderate Stormwater (2.13 in/hr, 2050 SLR)
fraction_any: 0.0413 (4.1 %, 4 %)
fraction_class.1: 0.0131 (1.3 %, 1 %)
fraction_class.2: 0.0054 (0.5 %, 1 %)
fraction_class.3: 0.0228 (2.3 %, 2 %)
polygon_area_m2: 1786222.2",b0006,doc_swap,0
b0006_number,2026-05-06/baseline/q02-attorney-gold,nyc311,"There have been 13 flood-related 311 service requests within a 200 m radius over the past five years, with the majority (14) related to clogged catch basins causing flooding .","Source: NYC 311 service requests (Socrata erm2-nwe9, 2010-present).
311 flood-related complaints within 200 m, last 5 years: 26.
Top descriptors and counts: Catch Basin Clogged/Flooding (Use Comments) (SC): 14; Street Flooding (SJ): 11; Sewer Backup (Use Comments) (SA): 1.
Per-year counts: 2021: 3, 2022: 5, 2023: 10, 2024: 3, 2025: 4, 2026: 1.",b0006,number,0
b0006_direction,2026-05-06/baseline/q02-attorney-gold,nyc311,"There have been 26 flood-related 311 service requests beyond a 200 m radius over the past five years, with the majority (14) related to clogged catch basins causing flooding .","Source: NYC 311 service requests (Socrata erm2-nwe9, 2010-present).
311 flood-related complaints within 200 m, last 5 years: 26.
Top descriptors and counts: Catch Basin Clogged/Flooding (Use Comments) (SC): 14; Street Flooding (SJ): 11; Sewer Backup (Use Comments) (SA): 1.
Per-year counts: 2021: 3, 2022: 5, 2023: 10, 2024: 3, 2025: 4, 2026: 1.",b0006,direction,0
b0007_none,2026-05-06/baseline/q02-attorney-gold,floodnet,"Additionally, one FloodNet sensor within 600 m recorded a peak flood depth of 14 mm during a recent event on 2026-03-12 .","Source: FloodNet NYC ultrasonic depth sensor network (api.floodnet.nyc).
Sensors within 600 m: 2.
Sensors with labeled flood events in last 3 years: 1.
Total flood events at those sensors: 1.
Peak event: 14 mm depth at sensor merely_fancy_sloth starting 2026-03-12.",b0007,none,1
b0007_doc_swap,2026-05-06/baseline/q02-attorney-gold,dep_moderate_2050_nta,"Additionally, one FloodNet sensor within 600 m recorded a peak flood depth of 14 mm during a recent event on 2026-03-12 .","scenario: dep_moderate_2050
label: DEP Moderate Stormwater (2.13 in/hr, 2050 SLR)
fraction_any: 0.0242 (2.4 %, 2 %)
fraction_class.1: 0.0079 (0.8 %, 1 %)
fraction_class.2: 0.0035 (0.4 %, 0 %)
fraction_class.3: 0.0128 (1.3 %, 1 %)
polygon_area_m2: 1072229.6",b0007,doc_swap,0
b0007_number,2026-05-06/baseline/q02-attorney-gold,floodnet,"Additionally, one FloodNet sensor within 600 m recorded a peak flood depth of 14 mm during a recent event on 608-03-12 .","Source: FloodNet NYC ultrasonic depth sensor network (api.floodnet.nyc).
Sensors within 600 m: 2.
Sensors with labeled flood events in last 3 years: 1.
Total flood events at those sensors: 1.
Peak event: 14 mm depth at sensor merely_fancy_sloth starting 2026-03-12.",b0007,number,0
b0007_direction,2026-05-06/baseline/q02-attorney-gold,floodnet,"Additionally, one FloodNet sensor beyond 600 m recorded a peak flood depth of 14 mm during a recent event on 2026-03-12 .","Source: FloodNet NYC ultrasonic depth sensor network (api.floodnet.nyc).
Sensors within 600 m: 2.
Sensors with labeled flood events in last 3 years: 1.
Total flood events at those sensors: 1.
Peak event: 14 mm depth at sensor merely_fancy_sloth starting 2026-03-12.",b0007,direction,0
b0008_none,2026-05-06/baseline/q02-attorney-gold,microtopo,"The terrain analysis indicates the point elevation is 5.19 m above sea level, with a Topographic Wetness Index (TWI) of 9.52, suggesting moderate saturation propensity .","Source: USGS 3DEP 30 m DEM (LiDAR-derived) via py3dep, with TWI and HAND derived using whitebox-workflows hydrology toolkit.
Point elevation at this address: 5.19 m above sea level.
Topographic position relative to surroundings: MID-SLOPE — neither a clear low point nor high ground.
Fraction of cells within 200 m radius that are LOWER in elevation than this address: 38.2%.
Fraction of cells within 750 m radius that are LOWER in elevation than this address: 56.6%.
Basin relief (max elevation in 750 m AOI minus address elevation): 13.06 m.
Height Above Nearest Drainage (HAND): 6.42 m. Interpretation: moderate (3-8 m) — typical urban-block elevation above drainage. HAND is the standard hydrology index for vertical distance from a cell to the nearest channel; used by USGS, USACE, and InfoWorks ICM.
Topographic Wetness Index (TWI): 9.52. Interpretation: moderate. TWI = ln(specific catchment area / tan slope) is the TOPMODEL framework's saturation propensity metric.",b0008,none,1
b0008_doc_swap,2026-05-06/baseline/q02-attorney-gold,dep_moderate_current_nta,"The terrain analysis indicates the point elevation is 5.19 m above sea level, with a Topographic Wetness Index (TWI) of 9.52, suggesting moderate saturation propensity .","scenario: dep_moderate_current
label: DEP Moderate Stormwater (2.13 in/hr, current SLR)
fraction_any: 0.0271 (2.7 %, 3 %)
fraction_class.1: 0.0225 (2.2 %, 2 %)
fraction_class.2: 0.0046 (0.5 %, 0 %)
fraction_class.3: 0.0
polygon_area_m2: 1958843.2",b0008,doc_swap,0
b0008_number,2026-05-06/baseline/q02-attorney-gold,microtopo,"The terrain analysis indicates the point elevation is 10.38 m above sea level, with a Topographic Wetness Index (TWI) of 9.52, suggesting moderate saturation propensity .","Source: USGS 3DEP 30 m DEM (LiDAR-derived) via py3dep, with TWI and HAND derived using whitebox-workflows hydrology toolkit.
Point elevation at this address: 5.19 m above sea level.
Topographic position relative to surroundings: MID-SLOPE — neither a clear low point nor high ground.
Fraction of cells within 200 m radius that are LOWER in elevation than this address: 38.2%.
Fraction of cells within 750 m radius that are LOWER in elevation than this address: 56.6%.
Basin relief (max elevation in 750 m AOI minus address elevation): 13.06 m.
Height Above Nearest Drainage (HAND): 6.42 m. Interpretation: moderate (3-8 m) — typical urban-block elevation above drainage. HAND is the standard hydrology index for vertical distance from a cell to the nearest channel; used by USGS, USACE, and InfoWorks ICM.
Topographic Wetness Index (TWI): 9.52. Interpretation: moderate. TWI = ln(specific catchment area / tan slope) is the TOPMODEL framework's saturation propensity metric.",b0008,number,0
b0008_direction,2026-05-06/baseline/q02-attorney-gold,microtopo,"The terrain analysis indicates the point elevation is 5.19 m below sea level, with a Topographic Wetness Index (TWI) of 9.52, suggesting moderate saturation propensity .","Source: USGS 3DEP 30 m DEM (LiDAR-derived) via py3dep, with TWI and HAND derived using whitebox-workflows hydrology toolkit.
Point elevation at this address: 5.19 m above sea level.
Topographic position relative to surroundings: MID-SLOPE — neither a clear low point nor high ground.
Fraction of cells within 200 m radius that are LOWER in elevation than this address: 38.2%.
Fraction of cells within 750 m radius that are LOWER in elevation than this address: 56.6%.
Basin relief (max elevation in 750 m AOI minus address elevation): 13.06 m.
Height Above Nearest Drainage (HAND): 6.42 m. Interpretation: moderate (3-8 m) — typical urban-block elevation above drainage. HAND is the standard hydrology index for vertical distance from a cell to the nearest channel; used by USGS, USACE, and InfoWorks ICM.
Topographic Wetness Index (TWI): 9.52. Interpretation: moderate. TWI = ln(specific catchment area / tan slope) is the TOPMODEL framework's saturation propensity metric.",b0008,direction,0
b0009_none,2026-05-06/baseline/q02-attorney-gold,microtopo,"The Height Above Nearest Drainage (HAND) value is 6.42 m, confirming a moderate elevation relative to the nearest drainage .","Source: USGS 3DEP 30 m DEM (LiDAR-derived) via py3dep, with TWI and HAND derived using whitebox-workflows hydrology toolkit.
Point elevation at this address: 5.19 m above sea level.
Topographic position relative to surroundings: MID-SLOPE — neither a clear low point nor high ground.
Fraction of cells within 200 m radius that are LOWER in elevation than this address: 38.2%.
Fraction of cells within 750 m radius that are LOWER in elevation than this address: 56.6%.
Basin relief (max elevation in 750 m AOI minus address elevation): 13.06 m.
Height Above Nearest Drainage (HAND): 6.42 m. Interpretation: moderate (3-8 m) — typical urban-block elevation above drainage. HAND is the standard hydrology index for vertical distance from a cell to the nearest channel; used by USGS, USACE, and InfoWorks ICM.
Topographic Wetness Index (TWI): 9.52. Interpretation: moderate. TWI = ln(specific catchment area / tan slope) is the TOPMODEL framework's saturation propensity metric.",b0009,none,1
b0009_doc_swap,2026-05-06/baseline/q02-attorney-gold,dep_moderate_2050_nta,"The Height Above Nearest Drainage (HAND) value is 6.42 m, confirming a moderate elevation relative to the nearest drainage .","scenario: dep_moderate_2050
label: DEP Moderate Stormwater (2.13 in/hr, 2050 SLR)
fraction_any: 0.0413 (4.1 %, 4 %)
fraction_class.1: 0.0131 (1.3 %, 1 %)
fraction_class.2: 0.0054 (0.5 %, 1 %)
fraction_class.3: 0.0228 (2.3 %, 2 %)
polygon_area_m2: 1786222.2",b0009,doc_swap,0
b0009_number,2026-05-06/baseline/q02-attorney-gold,microtopo,"The Height Above Nearest Drainage (HAND) value is 1.93 m, confirming a moderate elevation relative to the nearest drainage .","Source: USGS 3DEP 30 m DEM (LiDAR-derived) via py3dep, with TWI and HAND derived using whitebox-workflows hydrology toolkit.
Point elevation at this address: 5.19 m above sea level.
Topographic position relative to surroundings: MID-SLOPE — neither a clear low point nor high ground.
Fraction of cells within 200 m radius that are LOWER in elevation than this address: 38.2%.
Fraction of cells within 750 m radius that are LOWER in elevation than this address: 56.6%.
Basin relief (max elevation in 750 m AOI minus address elevation): 13.06 m.
Height Above Nearest Drainage (HAND): 6.42 m. Interpretation: moderate (3-8 m) — typical urban-block elevation above drainage. HAND is the standard hydrology index for vertical distance from a cell to the nearest channel; used by USGS, USACE, and InfoWorks ICM.
Topographic Wetness Index (TWI): 9.52. Interpretation: moderate. TWI = ln(specific catchment area / tan slope) is the TOPMODEL framework's saturation propensity metric.",b0009,number,0
b0010_none,2026-05-06/baseline/q02-attorney-gold,microtopo,"Within a 750 m radius, 56.6 % of cells are lower in elevation than this address, contributing to potential surface runoff during heavy rainfall events .","Source: USGS 3DEP 30 m DEM (LiDAR-derived) via py3dep, with TWI and HAND derived using whitebox-workflows hydrology toolkit.
Point elevation at this address: 5.19 m above sea level.
Topographic position relative to surroundings: MID-SLOPE — neither a clear low point nor high ground.
Fraction of cells within 200 m radius that are LOWER in elevation than this address: 38.2%.
Fraction of cells within 750 m radius that are LOWER in elevation than this address: 56.6%.
Basin relief (max elevation in 750 m AOI minus address elevation): 13.06 m.
Height Above Nearest Drainage (HAND): 6.42 m. Interpretation: moderate (3-8 m) — typical urban-block elevation above drainage. HAND is the standard hydrology index for vertical distance from a cell to the nearest channel; used by USGS, USACE, and InfoWorks ICM.
Topographic Wetness Index (TWI): 9.52. Interpretation: moderate. TWI = ln(specific catchment area / tan slope) is the TOPMODEL framework's saturation propensity metric.",b0010,none,1
b0010_doc_swap,2026-05-06/baseline/q02-attorney-gold,sandy,"Within a 750 m radius, 56.6 % of cells are lower in elevation than this address, contributing to potential surface runoff during heavy rainfall events .","Source: NYC Sandy Inundation Zone (NYC OpenData 5xsi-dfpx, empirical extent of areas flooded by Hurricane Sandy in 2012).
FACT: The address is LOCATED WITHIN this empirical 2012 inundation extent.
INTERPRETATION: Hurricane Sandy did flood this address (or this immediate parcel) on October 29-30, 2012. This is a historical fact, not a model prediction.
Do not state the opposite. The address is inside the Sandy inundation zone.",b0010,doc_swap,0
b0010_number,2026-05-06/baseline/q02-attorney-gold,microtopo,"Within a 375 m radius, 56.6 % of cells are lower in elevation than this address, contributing to potential surface runoff during heavy rainfall events .","Source: USGS 3DEP 30 m DEM (LiDAR-derived) via py3dep, with TWI and HAND derived using whitebox-workflows hydrology toolkit.
Point elevation at this address: 5.19 m above sea level.
Topographic position relative to surroundings: MID-SLOPE — neither a clear low point nor high ground.
Fraction of cells within 200 m radius that are LOWER in elevation than this address: 38.2%.
Fraction of cells within 750 m radius that are LOWER in elevation than this address: 56.6%.
Basin relief (max elevation in 750 m AOI minus address elevation): 13.06 m.
Height Above Nearest Drainage (HAND): 6.42 m. Interpretation: moderate (3-8 m) — typical urban-block elevation above drainage. HAND is the standard hydrology index for vertical distance from a cell to the nearest channel; used by USGS, USACE, and InfoWorks ICM.
Topographic Wetness Index (TWI): 9.52. Interpretation: moderate. TWI = ln(specific catchment area / tan slope) is the TOPMODEL framework's saturation propensity metric.",b0010,number,0
b0010_direction,2026-05-06/baseline/q02-attorney-gold,microtopo,"Within a 750 m radius, 56.6 % of cells are higher in elevation than this address, contributing to potential surface runoff during heavy rainfall events .","Source: USGS 3DEP 30 m DEM (LiDAR-derived) via py3dep, with TWI and HAND derived using whitebox-workflows hydrology toolkit.
Point elevation at this address: 5.19 m above sea level.
Topographic position relative to surroundings: MID-SLOPE — neither a clear low point nor high ground.
Fraction of cells within 200 m radius that are LOWER in elevation than this address: 38.2%.
Fraction of cells within 750 m radius that are LOWER in elevation than this address: 56.6%.
Basin relief (max elevation in 750 m AOI minus address elevation): 13.06 m.
Height Above Nearest Drainage (HAND): 6.42 m. Interpretation: moderate (3-8 m) — typical urban-block elevation above drainage. HAND is the standard hydrology index for vertical distance from a cell to the nearest channel; used by USGS, USACE, and InfoWorks ICM.
Topographic Wetness Index (TWI): 9.52. Interpretation: moderate. TWI = ln(specific catchment area / tan slope) is the TOPMODEL framework's saturation propensity metric.",b0010,direction,0
b0011_none,2026-05-06/baseline/q02-attorney-gold,rag_nycha,"NYCHA's flood resilience efforts include 32 passive barriers and 5 wet flood-proofing measures across its sites, reflecting a city-wide strategy to enhance infrastructure resilience against flooding .","Source: NYCHA, Flood Resilience: Lessons Learned, page 74.
Retrieved passage (verbatim): Flood Resilience at NYCHA: Memorializing Lessons Learned Through the Hurricane Sandy Disaster Recovery Program 74 Appendix Recovery and Resilience Scope Overview ASTORIA BARUCH BEACH 41ST STREET CAMPOS PLAZA II CAREY GARDENS CARLTON MANOR CONEY ISLAND (SITE 8) CONEY ISLAND HOUSES CONEY ISLAND IB CONEY ISLAND 4&5 EAST RIVER GOWANUS GRAVESEND HABER HAMMEL ISAACS LA GUARDIA LAVANBURG HOMES LINCOLN HOUSES LOWER EAST SIDE REHAB 5 METRO NORTH NEW LANE OCEAN BAY APARTMENTS (BAYSIDE) OCEAN BAY APARTMENTS (OCEANSIDE) O'DWYER RANGEL REDFERN RED HOOK EAST RED HOOK WEST RIIS RIIS II SMITH SURFSIDE TWO BRIDGES WALD Total SiTE IMPROVEMENT Electrical Feeders Replacement ● ● ● ● ● ● ● ● ● ● ● ● ● ● ● ● ● ● ● ● ● Only Slope Stabilization Scope ● ● ● ● ● ● ● ● ● ● ● ● ● 35 Upgraded Site Lighting ● ● ● ● ● ● ● ● ● ● ● ● ● ● ● ● ● ● ● ● ● ● ● ● ● ● ● ● ● ● 30 Upgraded Playground Areas ● ● ● ● ● ● ● ● ● ● ● ● ● ● ● ● ● ● ● ● ● ● ● ● ● 25 Green Infrastructure Implementation ● ● ● ● ● ● ● ● ● 9 FACILITIES Roof Replacement ● ● ● ● ● ● ● ● ● ● ● ● ● ● ● ● ● ● ● ● ● ● ● ● ● ● ● ● 28 Façade Repair ● ● ● ● ● ● ● ● ● 11 Lobby Upgrade ● ● ● ● ● ● ● ● ● ● ● ● ● ● ● 15 Community Center Upgrade ● ● ● ● ● ● ● 7 Community Center Addition ● ● 2 Child Care Center Upgrade/Addition ● ● ● 3 Boiler Room Addition ● ● ● ● ● ● ● ● ● ● ● ● ● ● ● ● ● ● 18 MEP Building Annexes ● ● ● ● ● ● ● ● ● ● ● ● ● ● ● ● ● ● ● ● ● ● ● 23 FLOOD PROOFING Development Flood Wall ● ● 2 Wet flood proofing ● ● ● ● ● 5 Dry flood proofing ● ● ● ● ● ● ● ● ● ● ● ● ● ● ● ● ● ● ● ● ● ● ● ● ● ● ● ● ● ● ● 32 Passive barriers ● ● ● ● ● ● ● ● ● ● ● 11 Manually deployed barriers ● ● ● ● ● ● ● ● ● ● ● ● ● ● ● ● ● ● ● ● ● ● 22 ELECTRICAL SYSTEMS Upgraded Switchgears ● ● ● ● ● ● ● ● ● ● ● ● ● ● ● ● ● ● ● ● ● ● ● ● ● ● ● ● ● ● ● ● ● ● 34 Relocating all Panels above Project Flood Elevation ● ● ● ● ● ● ● ● ● ● ● ● ● ● ● ● ● ● ● ● ● ● ● ● ● ● ● 27 Centralized Ba",b0011,none,1
b0011_doc_swap,2026-05-06/baseline/q02-attorney-gold,dep_extreme_2080_nta,"NYCHA's flood resilience efforts include 32 passive barriers and 5 wet flood-proofing measures across its sites, reflecting a city-wide strategy to enhance infrastructure resilience against flooding .","scenario: dep_extreme_2080
label: DEP Extreme Stormwater (3.66 in/hr, 2080 SLR)
fraction_any: 0.4425 (44.2 %, 44 %)
fraction_class.1: 0.0473 (4.7 %, 5 %)
fraction_class.2: 0.0116 (1.2 %, 1 %)
fraction_class.3: 0.3836 (38.4 %, 38 %)
polygon_area_m2: 4421167.4",b0011,doc_swap,0
b0011_number,2026-05-06/baseline/q02-attorney-gold,rag_nycha,"NYCHA's flood resilience efforts include 10 passive barriers and 5 wet flood-proofing measures across its sites, reflecting a city-wide strategy to enhance infrastructure resilience against flooding .","Source: NYCHA, Flood Resilience: Lessons Learned, page 74.
Retrieved passage (verbatim): Flood Resilience at NYCHA: Memorializing Lessons Learned Through the Hurricane Sandy Disaster Recovery Program 74 Appendix Recovery and Resilience Scope Overview ASTORIA BARUCH BEACH 41ST STREET CAMPOS PLAZA II CAREY GARDENS CARLTON MANOR CONEY ISLAND (SITE 8) CONEY ISLAND HOUSES CONEY ISLAND IB CONEY ISLAND 4&5 EAST RIVER GOWANUS GRAVESEND HABER HAMMEL ISAACS LA GUARDIA LAVANBURG HOMES LINCOLN HOUSES LOWER EAST SIDE REHAB 5 METRO NORTH NEW LANE OCEAN BAY APARTMENTS (BAYSIDE) OCEAN BAY APARTMENTS (OCEANSIDE) O'DWYER RANGEL REDFERN RED HOOK EAST RED HOOK WEST RIIS RIIS II SMITH SURFSIDE TWO BRIDGES WALD Total SiTE IMPROVEMENT Electrical Feeders Replacement ● ● ● ● ● ● ● ● ● ● ● ● ● ● ● ● ● ● ● ● ● Only Slope Stabilization Scope ● ● ● ● ● ● ● ● ● ● ● ● ● 35 Upgraded Site Lighting ● ● ● ● ● ● ● ● ● ● ● ● ● ● ● ● ● ● ● ● ● ● ● ● ● ● ● ● ● ● 30 Upgraded Playground Areas ● ● ● ● ● ● ● ● ● ● ● ● ● ● ● ● ● ● ● ● ● ● ● ● ● 25 Green Infrastructure Implementation ● ● ● ● ● ● ● ● ● 9 FACILITIES Roof Replacement ● ● ● ● ● ● ● ● ● ● ● ● ● ● ● ● ● ● ● ● ● ● ● ● ● ● ● ● 28 Façade Repair ● ● ● ● ● ● ● ● ● 11 Lobby Upgrade ● ● ● ● ● ● ● ● ● ● ● ● ● ● ● 15 Community Center Upgrade ● ● ● ● ● ● ● 7 Community Center Addition ● ● 2 Child Care Center Upgrade/Addition ● ● ● 3 Boiler Room Addition ● ● ● ● ● ● ● ● ● ● ● ● ● ● ● ● ● ● 18 MEP Building Annexes ● ● ● ● ● ● ● ● ● ● ● ● ● ● ● ● ● ● ● ● ● ● ● 23 FLOOD PROOFING Development Flood Wall ● ● 2 Wet flood proofing ● ● ● ● ● 5 Dry flood proofing ● ● ● ● ● ● ● ● ● ● ● ● ● ● ● ● ● ● ● ● ● ● ● ● ● ● ● ● ● ● ● 32 Passive barriers ● ● ● ● ● ● ● ● ● ● ● 11 Manually deployed barriers ● ● ● ● ● ● ● ● ● ● ● ● ● ● ● ● ● ● ● ● ● ● 22 ELECTRICAL SYSTEMS Upgraded Switchgears ● ● ● ● ● ● ● ● ● ● ● ● ● ● ● ● ● ● ● ● ● ● ● ● ● ● ● ● ● ● ● ● ● ● 34 Relocating all Panels above Project Flood Elevation ● ● ● ● ● ● ● ● ● ● ● ● ● ● ● ● ● ● ● ● ● ● ● ● ● ● ● 27 Centralized Ba",b0011,number,0
b0012_none,2026-05-06/baseline/q03-planner-hollis,nyc311_nta,"In the last three years, Hollis recorded 435 flood‑related service requests via NYC 311, dominated by sewer backup (296) and catch basin clogs/flooding (87) .","n: 435
radius_m: None
years: 3
by_year.2023: 120
by_year.2024: 120
by_year.2025: 147
by_year.2026: 48
by_descriptor.Sewer Backup (Use Comments) (SA): 296
by_descriptor.Catch Basin Clogged/Flooding (Use Comments) (SC): 87
by_descriptor.Street Flooding (SJ): 42
by_descriptor.Manhole Overflow (Use Comments) (SA1): 10
most_recent.0.date: 2026-05-04
most_recent.0.descriptor: Sewer Backup (Use Comments) (SA)
most_recent.0.address: 99-15 196 STREET
most_recent.1.date: 2026-05-02
most_recent.1.descriptor: Sewer Backup (Use Comments) (SA)
most_recent.1.address: 186-15 JAMAICA AVENUE
most_recent.2.date: 2026-05-02
most_recent.2.descriptor: Sewer Backup (Use Comments) (SA)
most_recent.2.address: 186-17 JAMAICA AVENUE
most_recent.3.date: 2026-04-30
most_recent.3.descriptor: Catch Basin Clogged/Flooding (Use Comments) (SC)
most_recent.3.address: 93-31 202 STREET
most_recent.4.date: 2026-04-24
most_recent.4.descriptor: Sewer Backup (Use Comments) (SA)
most_recent.4.address: 192-04 90 AVENUE",b0012,none,1
b0012_doc_swap,2026-05-06/baseline/q03-planner-hollis,dep_moderate_2050_nta,"In the last three years, Hollis recorded 435 flood‑related service requests via NYC 311, dominated by sewer backup (296) and catch basin clogs/flooding (87) .","scenario: dep_moderate_2050
label: DEP Moderate Stormwater (2.13 in/hr, 2050 SLR)
fraction_any: 0.0392 (3.9 %, 4 %)
fraction_class.1: 0.02 (2.0 %, 2 %)
fraction_class.2: 0.0102 (1.0 %, 1 %)
fraction_class.3: 0.009 (0.9 %, 1 %)
polygon_area_m2: 5649571.1",b0012,doc_swap,0
b0012_number,2026-05-06/baseline/q03-planner-hollis,nyc311_nta,"In the last three years, Hollis recorded 435 flood‑related service requests via NYC 311, dominated by sewer backup (89) and catch basin clogs/flooding (87) .","n: 435
radius_m: None
years: 3
by_year.2023: 120
by_year.2024: 120
by_year.2025: 147
by_year.2026: 48
by_descriptor.Sewer Backup (Use Comments) (SA): 296
by_descriptor.Catch Basin Clogged/Flooding (Use Comments) (SC): 87
by_descriptor.Street Flooding (SJ): 42
by_descriptor.Manhole Overflow (Use Comments) (SA1): 10
most_recent.0.date: 2026-05-04
most_recent.0.descriptor: Sewer Backup (Use Comments) (SA)
most_recent.0.address: 99-15 196 STREET
most_recent.1.date: 2026-05-02
most_recent.1.descriptor: Sewer Backup (Use Comments) (SA)
most_recent.1.address: 186-15 JAMAICA AVENUE
most_recent.2.date: 2026-05-02
most_recent.2.descriptor: Sewer Backup (Use Comments) (SA)
most_recent.2.address: 186-17 JAMAICA AVENUE
most_recent.3.date: 2026-04-30
most_recent.3.descriptor: Catch Basin Clogged/Flooding (Use Comments) (SC)
most_recent.3.address: 93-31 202 STREET
most_recent.4.date: 2026-04-24
most_recent.4.descriptor: Sewer Backup (Use Comments) (SA)
most_recent.4.address: 192-04 90 AVENUE",b0012,number,0
b0012_place,2026-05-06/baseline/q03-planner-hollis,nyc311_nta,"In the last three years, Two Bridges recorded 435 flood‑related service requests via NYC 311, dominated by sewer backup (296) and catch basin clogs/flooding (87) .","n: 435
radius_m: None
years: 3
by_year.2023: 120
by_year.2024: 120
by_year.2025: 147
by_year.2026: 48
by_descriptor.Sewer Backup (Use Comments) (SA): 296
by_descriptor.Catch Basin Clogged/Flooding (Use Comments) (SC): 87
by_descriptor.Street Flooding (SJ): 42
by_descriptor.Manhole Overflow (Use Comments) (SA1): 10
most_recent.0.date: 2026-05-04
most_recent.0.descriptor: Sewer Backup (Use Comments) (SA)
most_recent.0.address: 99-15 196 STREET
most_recent.1.date: 2026-05-02
most_recent.1.descriptor: Sewer Backup (Use Comments) (SA)
most_recent.1.address: 186-15 JAMAICA AVENUE
most_recent.2.date: 2026-05-02
most_recent.2.descriptor: Sewer Backup (Use Comments) (SA)
most_recent.2.address: 186-17 JAMAICA AVENUE
most_recent.3.date: 2026-04-30
most_recent.3.descriptor: Catch Basin Clogged/Flooding (Use Comments) (SC)
most_recent.3.address: 93-31 202 STREET
most_recent.4.date: 2026-04-24
most_recent.4.descriptor: Sewer Backup (Use Comments) (SA)
most_recent.4.address: 192-04 90 AVENUE",b0012,place,0
b0013_none,2026-05-06/baseline/q03-planner-hollis,microtopo_nta,"The terrain analysis shows a median elevation of 18.47 m, with 25.0% of the neighborhood's cells having a Height Above Nearest Drainage (HAND) below 1 m, indicating proximity to potential flood paths .","n_cells: 3601
elev_min_m: 14.38
elev_median_m: 18.47
elev_p10_m: 16.45
elev_max_m: 28.54
hand_median_m: 2.7
twi_median: 8.83
frac_hand_lt1: 0.2497 (25.0 %, 25 %)
frac_twi_gt10: 0.2821 (28.2 %, 28 %)",b0013,none,1
b0013_doc_swap,2026-05-06/baseline/q03-planner-hollis,dep_extreme_2080_nta,"The terrain analysis shows a median elevation of 18.47 m, with 25.0% of the neighborhood's cells having a Height Above Nearest Drainage (HAND) below 1 m, indicating proximity to potential flood paths .","scenario: dep_extreme_2080
label: DEP Extreme Stormwater (3.66 in/hr, 2080 SLR)
fraction_any: 0.1591 (15.9 %, 16 %)
fraction_class.1: 0.0613 (6.1 %, 6 %)
fraction_class.2: 0.0978 (9.8 %, 10 %)
fraction_class.3: 0.0
polygon_area_m2: 2273263.1",b0013,doc_swap,0
b0013_number,2026-05-06/baseline/q03-planner-hollis,microtopo_nta,"The terrain analysis shows a median elevation of 27.70 m, with 25.0% of the neighborhood's cells having a Height Above Nearest Drainage (HAND) below 1 m, indicating proximity to potential flood paths .","n_cells: 3601
elev_min_m: 14.38
elev_median_m: 18.47
elev_p10_m: 16.45
elev_max_m: 28.54
hand_median_m: 2.7
twi_median: 8.83
frac_hand_lt1: 0.2497 (25.0 %, 25 %)
frac_twi_gt10: 0.2821 (28.2 %, 28 %)",b0013,number,0
b0013_direction,2026-05-06/baseline/q03-planner-hollis,microtopo_nta,"The terrain analysis shows a median elevation of 18.47 m, with 25.0% of the neighborhood's cells having a Height Above Nearest Drainage (HAND) above 1 m, indicating proximity to potential flood paths .","n_cells: 3601
elev_min_m: 14.38
elev_median_m: 18.47
elev_p10_m: 16.45
elev_max_m: 28.54
hand_median_m: 2.7
twi_median: 8.83
frac_hand_lt1: 0.2497 (25.0 %, 25 %)
frac_twi_gt10: 0.2821 (28.2 %, 28 %)",b0013,direction,0
b0014_none,2026-05-06/baseline/q03-planner-hollis,dep_moderate_current_nta,"Under a moderate stormwater scenario (2.13 in/hr) for current sea level rise, 4.3% of the neighborhood is projected to be flooded, with 1.9% experiencing nuisance flooding (>4 in to 1 ft) and 2.4% facing 1–4 ft inundation .","scenario: dep_moderate_current
label: DEP Moderate Stormwater (2.13 in/hr, current SLR)
fraction_any: 0.0432 (4.3 %, 4 %)
fraction_class.1: 0.0192 (1.9 %, 2 %)
fraction_class.2: 0.024 (2.4 %, 2 %)
fraction_class.3: 0.0
polygon_area_m2: 2273263.1",b0014,none,1
b0014_doc_swap,2026-05-06/baseline/q03-planner-hollis,dob_permits,"Under a moderate stormwater scenario (2.13 in/hr) for current sea level rise, 4.3% of the neighborhood is projected to be flooded, with 1.9% experiencing nuisance flooding (>4 in to 1 ft) and 2.4% facing 1–4 ft inundation .","since: 2024-11-12
n_total: 56
n_in_sandy: 13
n_in_dep_any: 13
n_in_dep_severe: 6
n_any_flood: 18
by_job_type.major alteration (use/occupancy): 32
by_job_type.new building: 24
by_permit_status.ISSUED: 55
by_permit_status.RE-ISSUED: 1
flagged_top.0.job_id: 320828075
flagged_top.0.job_type: NB
flagged_top.0.job_type_label: new building
flagged_top.0.permit_status: ISSUED
flagged_top.0.issuance_date: 11/26/2025
flagged_top.0.expiration_date: 11/10/2026
flagged_top.0.address: 20 Coffey St
flagged_top.0.borough: Brooklyn
flagged_top.0.bbl: 3-00589-0003
flagged_top.0.lat: 40.674044
flagged_top.0.lon: -74.010898
flagged_top.0.owner_business: 20 COFFEY LLC
flagged_top.0.permittee_business: MC SQUARED CORP
flagged_top.0.nta_name: Carroll Gardens-Columbia Street-Red Hook
flagged_top.0.in_sandy: True
flagged_top.0.dep_max_class: 3
flagged_top.0.dep_scenarios.0: dep_extreme_2080
flagged_top.0.any_flood_layer_hit: True
flagged_top.1.job_id: 322120673
flagged_top.1.job_type: A1
flagged_top.1.job_type_label: major alteration (use/occupancy)
flagged_top.1.permit_status: ISSUED
flagged_top.1.issuance_date: 10/14/2025
flagged_top.1.expiration_date: 10/14/2026
flagged_top.1.address: 62 Imlay Street
flagged_top.1.borough: Brooklyn
flagged_top.1.bbl: 3-00515-0050
flagged_top.1.lat: 40.682405
flagged_top.1.lon: -74.008148
flagged_top.1.owner_business: PRIME GROUP HOLDINGS, LLC
flagged_top.1.permittee_business: CUSTODIO CONSULTNG
flagged_top.1.nta_name: Carroll Gardens-Columbia Street-Red Hook
flagged_top.1.in_sandy: True
flagged_top.1.dep_max_class: 3
flagged_top.1.dep_scenarios.0: dep_extreme_2080
flagged_top.1.dep_scenarios.1: dep_moderate_2050
flagged_top.1.any_flood_layer_hit: True
flagged_top.2.job_id: 340790497
flagged_top.2.job_type: A1
flagged_top.2.job_type_label: major alteration (use/occupancy)
flagged_top.2.permit_status: ISSUED
flagged_top.2.issuance_date: 09/30/2025
flagged_top.2.expiration_date: 09/18/2026
flagged_top.2.address: 570 Smith Street
flagged_top.2.borough: Brook",b0014,doc_swap,0
b0014_number,2026-05-06/baseline/q03-planner-hollis,dep_moderate_current_nta,"Under a moderate stormwater scenario (2.13 in/hr) for current sea level rise, 6.4% of the neighborhood is projected to be flooded, with 1.9% experiencing nuisance flooding (>4 in to 1 ft) and 2.4% facing 1–4 ft inundation .","scenario: dep_moderate_current
label: DEP Moderate Stormwater (2.13 in/hr, current SLR)
fraction_any: 0.0432 (4.3 %, 4 %)
fraction_class.1: 0.0192 (1.9 %, 2 %)
fraction_class.2: 0.024 (2.4 %, 2 %)
fraction_class.3: 0.0
polygon_area_m2: 2273263.1",b0014,number,0
b0015_none,2026-05-06/baseline/q03-planner-hollis,dep_extreme_2080_nta,"For an extreme scenario in 2080 (3.66 in/hr), 15.9% of Hollis would be flooded, including 6.1% in the nuisance band and 9.8% in the 1–4 ft band .","scenario: dep_extreme_2080
label: DEP Extreme Stormwater (3.66 in/hr, 2080 SLR)
fraction_any: 0.1591 (15.9 %, 16 %)
fraction_class.1: 0.0613 (6.1 %, 6 %)
fraction_class.2: 0.0978 (9.8 %, 10 %)
fraction_class.3: 0.0
polygon_area_m2: 2273263.1",b0015,none,1
b0015_doc_swap,2026-05-06/baseline/q03-planner-hollis,ttm_forecast,"For an extreme scenario in 2080 (3.66 in/hr), 15.9% of Hollis would be flooded, including 6.1% in the nuisance band and 9.8% in the 1–4 ft band .","Source: Granite TimeSeries TTM r2 (Ekambaram et al. 2024, NeurIPS) — ibm-granite/granite-timeseries-ttm-r2 via granite-tsfm. Zero-shot forecast of the surge residual (observed minus astronomical tide) at the Battery, NY (NOAA station 8518750). 6-min cadence, ~51 h context, ~9.6 h horizon..
Gauge: The Battery, NY (NOAA 8518750, 2.5 km from address — closest of Battery / Kings Point / Sandy Hook).
Context window: 512 samples (~51.2 h of 6-min residual).
Forecast horizon: 96 samples (~9.6 h ahead).
Recent residual: 0.12 ft (residual = observed water level minus astronomical prediction).
Recent peak |residual| in context: 0.47 ft.
Forecast peak residual: 0.13 ft, expected 18 minutes from now (at 2026-05-06T06:17Z UTC).
INTERPRETATION: positive residual is a wind-driven setup or storm-surge component on top of the tide; the model predicts the non-tidal part NOAA's astronomical predictor does not cover.",b0015,doc_swap,0
b0015_number,2026-05-06/baseline/q03-planner-hollis,dep_extreme_2080_nta,"For an extreme scenario in 2080 (3.66 in/hr), 23.9% of Hollis would be flooded, including 6.1% in the nuisance band and 9.8% in the 1–4 ft band .","scenario: dep_extreme_2080
label: DEP Extreme Stormwater (3.66 in/hr, 2080 SLR)
fraction_any: 0.1591 (15.9 %, 16 %)
fraction_class.1: 0.0613 (6.1 %, 6 %)
fraction_class.2: 0.0978 (9.8 %, 10 %)
fraction_class.3: 0.0
polygon_area_m2: 2273263.1",b0015,number,0
b0015_place,2026-05-06/baseline/q03-planner-hollis,dep_extreme_2080_nta,"For an extreme scenario in 2080 (3.66 in/hr), 15.9% of Long Island City would be flooded, including 6.1% in the nuisance band and 9.8% in the 1–4 ft band .","scenario: dep_extreme_2080
label: DEP Extreme Stormwater (3.66 in/hr, 2080 SLR)
fraction_any: 0.1591 (15.9 %, 16 %)
fraction_class.1: 0.0613 (6.1 %, 6 %)
fraction_class.2: 0.0978 (9.8 %, 10 %)
fraction_class.3: 0.0
polygon_area_m2: 2273263.1",b0015,place,0
b0016_none,2026-05-06/baseline/q04-underwriter-houston,sandy,"Hurricane Sandy directly flooded this address on October 29‑30, 2012, as confirmed by the NYC Sandy Inundation Zone data .","Source: NYC Sandy Inundation Zone (NYC OpenData 5xsi-dfpx, empirical extent of areas flooded by Hurricane Sandy in 2012).
FACT: The address is LOCATED WITHIN this empirical 2012 inundation extent.
INTERPRETATION: Hurricane Sandy did flood this address (or this immediate parcel) on October 29-30, 2012. This is a historical fact, not a model prediction.
Do not state the opposite. The address is inside the Sandy inundation zone.",b0016,none,1
b0016_doc_swap,2026-05-06/baseline/q04-underwriter-houston,floodnet,"Hurricane Sandy directly flooded this address on October 29‑30, 2012, as confirmed by the NYC Sandy Inundation Zone data .","Source: FloodNet NYC ultrasonic depth sensor network (api.floodnet.nyc).
Sensors within 600 m: 4.
Sensors with labeled flood events in last 3 years: 2.
Total flood events at those sensors: 4.
Peak event: 51 mm depth at sensor openly_driven_tarpon starting 2025-10-30.",b0016,doc_swap,0
b0016_number,2026-05-06/baseline/q04-underwriter-houston,sandy,"Hurricane Sandy directly flooded this address on October 29‑30, 4,024 as confirmed by the NYC Sandy Inundation Zone data .","Source: NYC Sandy Inundation Zone (NYC OpenData 5xsi-dfpx, empirical extent of areas flooded by Hurricane Sandy in 2012).
FACT: The address is LOCATED WITHIN this empirical 2012 inundation extent.
INTERPRETATION: Hurricane Sandy did flood this address (or this immediate parcel) on October 29-30, 2012. This is a historical fact, not a model prediction.
Do not state the opposite. The address is inside the Sandy inundation zone.",b0016,number,0
b0017_none,2026-05-06/baseline/q04-underwriter-houston,nyc311,"Within a 200 m radius, there have been 19 flood-related 311 service requests in the last five years, with the majority (14) being catch basin clogged/flooding incidents .","Source: NYC 311 service requests (Socrata erm2-nwe9, 2010-present).
311 flood-related complaints within 200 m, last 5 years: 19.
Top descriptors and counts: Catch Basin Clogged/Flooding (Use Comments) (SC): 14; Sewer Backup (Use Comments) (SA): 3; Street Flooding (SJ): 1; Flooding on Street: 1.
Per-year counts: 2021: 4, 2022: 5, 2023: 4, 2025: 6.",b0017,none,1
b0017_doc_swap,2026-05-06/baseline/q04-underwriter-houston,floodnet,"Within a 200 m radius, there have been 19 flood-related 311 service requests in the last five years, with the majority (14) being catch basin clogged/flooding incidents .","Source: FloodNet NYC ultrasonic depth sensor network (api.floodnet.nyc).
Sensors within 600 m: 4.
Sensors with labeled flood events in last 3 years: 2.
Total flood events at those sensors: 4.
Peak event: 51 mm depth at sensor openly_driven_tarpon starting 2025-10-30.",b0017,doc_swap,0
b0017_number,2026-05-06/baseline/q04-underwriter-houston,nyc311,"Within a 200 m radius, there have been 57 flood-related 311 service requests in the last five years, with the majority (14) being catch basin clogged/flooding incidents .","Source: NYC 311 service requests (Socrata erm2-nwe9, 2010-present).
311 flood-related complaints within 200 m, last 5 years: 19.
Top descriptors and counts: Catch Basin Clogged/Flooding (Use Comments) (SC): 14; Sewer Backup (Use Comments) (SA): 3; Street Flooding (SJ): 1; Flooding on Street: 1.
Per-year counts: 2021: 4, 2022: 5, 2023: 4, 2025: 6.",b0017,number,0
b0018_none,2026-05-06/baseline/q04-underwriter-houston,floodnet,"Additionally, three sensors within 600 m of the address recorded labeled flood events in the past three years, totaling five flood occurrences .","Source: FloodNet NYC ultrasonic depth sensor network (api.floodnet.nyc).
Sensors within 600 m: 5.
Sensors with labeled flood events in last 3 years: 3.
Total flood events at those sensors: 5.
Peak event: 17 mm depth at sensor nationally-simple-peacock starting 2026-03-12.",b0018,none,1
b0018_doc_swap,2026-05-06/baseline/q04-underwriter-houston,sandy,"Additionally, three sensors within 600 m of the address recorded labeled flood events in the past three years, totaling five flood occurrences .","Source: NYC Sandy Inundation Zone (NYC OpenData 5xsi-dfpx, empirical extent of areas flooded by Hurricane Sandy in 2012).
FACT: The address is LOCATED WITHIN this empirical 2012 inundation extent.
INTERPRETATION: Hurricane Sandy did flood this address (or this immediate parcel) on October 29-30, 2012. This is a historical fact, not a model prediction.
Do not state the opposite. The address is inside the Sandy inundation zone.",b0018,doc_swap,0
b0018_number,2026-05-06/baseline/q04-underwriter-houston,floodnet,"Additionally, three sensors within 1200 m of the address recorded labeled flood events in the past three years, totaling five flood occurrences .","Source: FloodNet NYC ultrasonic depth sensor network (api.floodnet.nyc).
Sensors within 600 m: 5.
Sensors with labeled flood events in last 3 years: 3.
Total flood events at those sensors: 5.
Peak event: 17 mm depth at sensor nationally-simple-peacock starting 2026-03-12.",b0018,number,0
b0018_direction,2026-05-06/baseline/q04-underwriter-houston,floodnet,"Additionally, three sensors beyond 600 m of the address recorded labeled flood events in the past three years, totaling five flood occurrences .","Source: FloodNet NYC ultrasonic depth sensor network (api.floodnet.nyc).
Sensors within 600 m: 5.
Sensors with labeled flood events in last 3 years: 3.
Total flood events at those sensors: 5.
Peak event: 17 mm depth at sensor nationally-simple-peacock starting 2026-03-12.",b0018,direction,0
b0019_none,2026-05-06/baseline/q04-underwriter-houston,microtopo,"The terrain analysis indicates that the point elevation at this address is 3.0 m above sea level, situated on a mid-slope with 48.8 % of surrounding cells within a 200 m radius being lower in elevation .","Source: USGS 3DEP 30 m DEM (LiDAR-derived) via py3dep, with TWI and HAND derived using whitebox-workflows hydrology toolkit.
Point elevation at this address: 3.0 m above sea level.
Topographic position relative to surroundings: MID-SLOPE — neither a clear low point nor high ground.
Fraction of cells within 200 m radius that are LOWER in elevation than this address: 48.8%.
Fraction of cells within 750 m radius that are LOWER in elevation than this address: 52.9%.
Basin relief (max elevation in 750 m AOI minus address elevation): 6.7 m.
Height Above Nearest Drainage (HAND): 3.0 m. Interpretation: moderate (3-8 m) — typical urban-block elevation above drainage. HAND is the standard hydrology index for vertical distance from a cell to the nearest channel; used by USGS, USACE, and InfoWorks ICM.
Topographic Wetness Index (TWI): 8.92. Interpretation: moderate. TWI = ln(specific catchment area / tan slope) is the TOPMODEL framework's saturation propensity metric.",b0019,none,1
b0019_doc_swap,2026-05-06/baseline/q04-underwriter-houston,ida_hwm,"The terrain analysis indicates that the point elevation at this address is 3.0 m above sea level, situated on a mid-slope with 48.8 % of surrounding cells within a 200 m radius being lower in elevation .","n_within_radius: 0
radius_m: 800
max_elev_ft: None
max_height_above_gnd_ft: None
nearest_dist_m: 1417.0
nearest_site: Intersection of Carroll St. and Nevins St., Gowanus, Brooklyn
nearest_elev_ft: 10.7
narrative: No Hurricane Ida (Sept 2021) high-water marks were surveyed within 800 m of this address. Nearest USGS-surveyed mark: Intersection of Carroll St. and Nevins St., Gowanus, Brooklyn (1417 m away).",b0019,doc_swap,0
b0019_number,2026-05-06/baseline/q04-underwriter-houston,microtopo,"The terrain analysis indicates that the point elevation at this address is 3.0 m above sea level, situated on a mid-slope with 48.8 % of surrounding cells within a 400 m radius being lower in elevation .","Source: USGS 3DEP 30 m DEM (LiDAR-derived) via py3dep, with TWI and HAND derived using whitebox-workflows hydrology toolkit.
Point elevation at this address: 3.0 m above sea level.
Topographic position relative to surroundings: MID-SLOPE — neither a clear low point nor high ground.
Fraction of cells within 200 m radius that are LOWER in elevation than this address: 48.8%.
Fraction of cells within 750 m radius that are LOWER in elevation than this address: 52.9%.
Basin relief (max elevation in 750 m AOI minus address elevation): 6.7 m.
Height Above Nearest Drainage (HAND): 3.0 m. Interpretation: moderate (3-8 m) — typical urban-block elevation above drainage. HAND is the standard hydrology index for vertical distance from a cell to the nearest channel; used by USGS, USACE, and InfoWorks ICM.
Topographic Wetness Index (TWI): 8.92. Interpretation: moderate. TWI = ln(specific catchment area / tan slope) is the TOPMODEL framework's saturation propensity metric.",b0019,number,0
b0019_direction,2026-05-06/baseline/q04-underwriter-houston,microtopo,"The terrain analysis indicates that the point elevation at this address is 3.0 m above sea level, situated on a mid-slope with 48.8 % of surrounding cells within a 200 m radius being higher in elevation .","Source: USGS 3DEP 30 m DEM (LiDAR-derived) via py3dep, with TWI and HAND derived using whitebox-workflows hydrology toolkit.
Point elevation at this address: 3.0 m above sea level.
Topographic position relative to surroundings: MID-SLOPE — neither a clear low point nor high ground.
Fraction of cells within 200 m radius that are LOWER in elevation than this address: 48.8%.
Fraction of cells within 750 m radius that are LOWER in elevation than this address: 52.9%.
Basin relief (max elevation in 750 m AOI minus address elevation): 6.7 m.
Height Above Nearest Drainage (HAND): 3.0 m. Interpretation: moderate (3-8 m) — typical urban-block elevation above drainage. HAND is the standard hydrology index for vertical distance from a cell to the nearest channel; used by USGS, USACE, and InfoWorks ICM.
Topographic Wetness Index (TWI): 8.92. Interpretation: moderate. TWI = ln(specific catchment area / tan slope) is the TOPMODEL framework's saturation propensity metric.",b0019,direction,0
b0020_none,2026-05-06/baseline/q04-underwriter-houston,microtopo,"The Topographic Wetness Index (TWI) value of 8.92 suggests moderate saturation propensity, while the Height Above Nearest Drainage (HAND) of 3.0 m reflects typical urban-block elevation above drainage .","Source: USGS 3DEP 30 m DEM (LiDAR-derived) via py3dep, with TWI and HAND derived using whitebox-workflows hydrology toolkit.
Point elevation at this address: 3.0 m above sea level.
Topographic position relative to surroundings: MID-SLOPE — neither a clear low point nor high ground.
Fraction of cells within 200 m radius that are LOWER in elevation than this address: 48.8%.
Fraction of cells within 750 m radius that are LOWER in elevation than this address: 52.9%.
Basin relief (max elevation in 750 m AOI minus address elevation): 6.7 m.
Height Above Nearest Drainage (HAND): 3.0 m. Interpretation: moderate (3-8 m) — typical urban-block elevation above drainage. HAND is the standard hydrology index for vertical distance from a cell to the nearest channel; used by USGS, USACE, and InfoWorks ICM.
Topographic Wetness Index (TWI): 8.92. Interpretation: moderate. TWI = ln(specific catchment area / tan slope) is the TOPMODEL framework's saturation propensity metric.",b0020,none,1
b0020_doc_swap,2026-05-06/baseline/q04-underwriter-houston,ida_hwm,"The Topographic Wetness Index (TWI) value of 8.92 suggests moderate saturation propensity, while the Height Above Nearest Drainage (HAND) of 3.0 m reflects typical urban-block elevation above drainage .","n_within_radius: 0
radius_m: 800
max_elev_ft: None
max_height_above_gnd_ft: None
nearest_dist_m: 1422.0
nearest_site: Intersection of Carroll St. and Nevins St., Gowanus, Brooklyn
nearest_elev_ft: 10.7
narrative: No Hurricane Ida (Sept 2021) high-water marks were surveyed within 800 m of this address. Nearest USGS-surveyed mark: Intersection of Carroll St. and Nevins St., Gowanus, Brooklyn (1422 m away).",b0020,doc_swap,0
b0020_number,2026-05-06/baseline/q04-underwriter-houston,microtopo,"The Topographic Wetness Index (TWI) value of 8.92 suggests moderate saturation propensity, while the Height Above Nearest Drainage (HAND) of 0.9 m reflects typical urban-block elevation above drainage .","Source: USGS 3DEP 30 m DEM (LiDAR-derived) via py3dep, with TWI and HAND derived using whitebox-workflows hydrology toolkit.
Point elevation at this address: 3.0 m above sea level.
Topographic position relative to surroundings: MID-SLOPE — neither a clear low point nor high ground.
Fraction of cells within 200 m radius that are LOWER in elevation than this address: 48.8%.
Fraction of cells within 750 m radius that are LOWER in elevation than this address: 52.9%.
Basin relief (max elevation in 750 m AOI minus address elevation): 6.7 m.
Height Above Nearest Drainage (HAND): 3.0 m. Interpretation: moderate (3-8 m) — typical urban-block elevation above drainage. HAND is the standard hydrology index for vertical distance from a cell to the nearest channel; used by USGS, USACE, and InfoWorks ICM.
Topographic Wetness Index (TWI): 8.92. Interpretation: moderate. TWI = ln(specific catchment area / tan slope) is the TOPMODEL framework's saturation propensity metric.",b0020,number,0
b0020_direction,2026-05-06/baseline/q04-underwriter-houston,microtopo,"The Topographic Wetness Index (TWI) value of 8.92 suggests moderate saturation propensity, while the Height Above Nearest Drainage (HAND) of 3.0 m reflects typical urban-block elevation below drainage .","Source: USGS 3DEP 30 m DEM (LiDAR-derived) via py3dep, with TWI and HAND derived using whitebox-workflows hydrology toolkit.
Point elevation at this address: 3.0 m above sea level.
Topographic position relative to surroundings: MID-SLOPE — neither a clear low point nor high ground.
Fraction of cells within 200 m radius that are LOWER in elevation than this address: 48.8%.
Fraction of cells within 750 m radius that are LOWER in elevation than this address: 52.9%.
Basin relief (max elevation in 750 m AOI minus address elevation): 6.7 m.
Height Above Nearest Drainage (HAND): 3.0 m. Interpretation: moderate (3-8 m) — typical urban-block elevation above drainage. HAND is the standard hydrology index for vertical distance from a cell to the nearest channel; used by USGS, USACE, and InfoWorks ICM.
Topographic Wetness Index (TWI): 8.92. Interpretation: moderate. TWI = ln(specific catchment area / tan slope) is the TOPMODEL framework's saturation propensity metric.",b0020,direction,0
b0021_none,2026-05-06/baseline/q04-underwriter-houston,ttm_forecast,"A forecast from FloodNet predicts a peak residual of 0.13 ft, expected to occur approximately 18 minutes from now at The Battery gauge, indicating a minor wind-driven setup component .","Source: Granite TimeSeries TTM r2 (Ekambaram et al. 2024, NeurIPS) — ibm-granite/granite-timeseries-ttm-r2 via granite-tsfm. Zero-shot forecast of the surge residual (observed minus astronomical tide) at the Battery, NY (NOAA station 8518750). 6-min cadence, ~51 h context, ~9.6 h horizon..
Gauge: The Battery, NY (NOAA 8518750, 3.8 km from address — closest of Battery / Kings Point / Sandy Hook).
Context window: 512 samples (~51.2 h of 6-min residual).
Forecast horizon: 96 samples (~9.6 h ahead).
Recent residual: 0.12 ft (residual = observed water level minus astronomical prediction).
Recent peak |residual| in context: 0.47 ft.
Forecast peak residual: 0.13 ft, expected 18 minutes from now (at 2026-05-06T06:22Z UTC).
INTERPRETATION: positive residual is a wind-driven setup or storm-surge component on top of the tide; the model predicts the non-tidal part NOAA's astronomical predictor does not cover.",b0021,none,1
b0021_doc_swap,2026-05-06/baseline/q04-underwriter-houston,nyc311_nta,"A forecast from FloodNet predicts a peak residual of 0.13 ft, expected to occur approximately 18 minutes from now at The Battery gauge, indicating a minor wind-driven setup component .","n: 83
radius_m: None
years: 3
by_year.2023: 16
by_year.2024: 19
by_year.2025: 39
by_year.2026: 9
by_descriptor.Catch Basin Clogged/Flooding (Use Comments) (SC): 30
by_descriptor.Sewer Backup (Use Comments) (SA): 30
by_descriptor.Street Flooding (SJ): 13
by_descriptor.Manhole Overflow (Use Comments) (SA1): 8
by_descriptor.Flooding on Street: 2
most_recent.0.date: 2026-04-27
most_recent.0.descriptor: Catch Basin Clogged/Flooding (Use Comments) (SC)
most_recent.0.address: 291 GRAND STREET
most_recent.1.date: 2026-03-16
most_recent.1.descriptor: Catch Basin Clogged/Flooding (Use Comments) (SC)
most_recent.1.address: 291 GRAND STREET
most_recent.2.date: 2026-03-05
most_recent.2.descriptor: Street Flooding (SJ)
most_recent.2.address: 295 GRAND STREET
most_recent.3.date: 2026-02-28
most_recent.3.descriptor: Sewer Backup (Use Comments) (SA)
most_recent.3.address: 62 MONROE STREET
most_recent.4.date: 2026-02-23
most_recent.4.descriptor: Street Flooding (SJ)
most_recent.4.address: None",b0021,doc_swap,0
b0021_number,2026-05-06/baseline/q04-underwriter-houston,ttm_forecast,"A forecast from FloodNet predicts a peak residual of 0.13 ft, expected to occur approximately 27 minutes from now at The Battery gauge, indicating a minor wind-driven setup component .","Source: Granite TimeSeries TTM r2 (Ekambaram et al. 2024, NeurIPS) — ibm-granite/granite-timeseries-ttm-r2 via granite-tsfm. Zero-shot forecast of the surge residual (observed minus astronomical tide) at the Battery, NY (NOAA station 8518750). 6-min cadence, ~51 h context, ~9.6 h horizon..
Gauge: The Battery, NY (NOAA 8518750, 3.8 km from address — closest of Battery / Kings Point / Sandy Hook).
Context window: 512 samples (~51.2 h of 6-min residual).
Forecast horizon: 96 samples (~9.6 h ahead).
Recent residual: 0.12 ft (residual = observed water level minus astronomical prediction).
Recent peak |residual| in context: 0.47 ft.
Forecast peak residual: 0.13 ft, expected 18 minutes from now (at 2026-05-06T06:22Z UTC).
INTERPRETATION: positive residual is a wind-driven setup or storm-surge component on top of the tide; the model predicts the non-tidal part NOAA's astronomical predictor does not cover.",b0021,number,0
b0021_place,2026-05-06/baseline/q04-underwriter-houston,ttm_forecast,"A forecast from FloodNet predicts a peak residual of 0.13 ft, expected to occur approximately 18 minutes from now at Manhattan gauge, indicating a minor wind-driven setup component .","Source: Granite TimeSeries TTM r2 (Ekambaram et al. 2024, NeurIPS) — ibm-granite/granite-timeseries-ttm-r2 via granite-tsfm. Zero-shot forecast of the surge residual (observed minus astronomical tide) at the Battery, NY (NOAA station 8518750). 6-min cadence, ~51 h context, ~9.6 h horizon..
Gauge: The Battery, NY (NOAA 8518750, 3.8 km from address — closest of Battery / Kings Point / Sandy Hook).
Context window: 512 samples (~51.2 h of 6-min residual).
Forecast horizon: 96 samples (~9.6 h ahead).
Recent residual: 0.12 ft (residual = observed water level minus astronomical prediction).
Recent peak |residual| in context: 0.47 ft.
Forecast peak residual: 0.13 ft, expected 18 minutes from now (at 2026-05-06T06:22Z UTC).
INTERPRETATION: positive residual is a wind-driven setup or storm-surge component on top of the tide; the model predicts the non-tidal part NOAA's astronomical predictor does not cover.",b0021,place,0
b0022_none,2026-05-06/baseline/q05-journalist-coney,nyc311_nta,"Over the past three years, NYC 311 recorded 382 flood-related complaints, with the top descriptors being Sewer Backup (148), Street Flooding (94), and Catch Basin Clogged/Flooding (71) .","n: 382
radius_m: None
years: 3
by_year.2023: 190
by_year.2024: 93
by_year.2025: 73
by_year.2026: 26
by_descriptor.Sewer Backup (Use Comments) (SA): 148
by_descriptor.Street Flooding (SJ): 94
by_descriptor.Catch Basin Clogged/Flooding (Use Comments) (SC): 71
by_descriptor.Flooding on Street: 42
by_descriptor.Manhole Overflow (Use Comments) (SA1): 27
most_recent.0.date: 2026-05-02
most_recent.0.descriptor: Sewer Backup (Use Comments) (SA)
most_recent.0.address: 2830 WEST   36 STREET
most_recent.1.date: 2026-04-25
most_recent.1.descriptor: Catch Basin Clogged/Flooding (Use Comments) (SC)
most_recent.1.address: None
most_recent.2.date: 2026-04-24
most_recent.2.descriptor: Sewer Backup (Use Comments) (SA)
most_recent.2.address: 2803 WEST   16 STREET
most_recent.3.date: 2026-04-18
most_recent.3.descriptor: Sewer Backup (Use Comments) (SA)
most_recent.3.address: 2830 WEST   36 STREET
most_recent.4.date: 2026-03-30
most_recent.4.descriptor: Catch Basin Clogged/Flooding (Use Comments) (SC)
most_recent.4.address: None",b0022,none,1
b0022_doc_swap,2026-05-06/baseline/q05-journalist-coney,microtopo_nta,"Over the past three years, NYC 311 recorded 382 flood-related complaints, with the top descriptors being Sewer Backup (148), Street Flooding (94), and Catch Basin Clogged/Flooding (71) .","n_cells: 3103
elev_min_m: 5.27
elev_median_m: 13.26
elev_p10_m: 8.93
elev_max_m: 22.28
hand_median_m: 9.24
twi_median: 8.29
frac_hand_lt1: 0.0197 (2.0 %, 2 %)
frac_twi_gt10: 0.1792 (17.9 %, 18 %)",b0022,doc_swap,0
b0022_number,2026-05-06/baseline/q05-journalist-coney,nyc311_nta,"Over the past three years, NYC 311 recorded 382 flood-related complaints, with the top descriptors being Sewer Backup (44), Street Flooding (94), and Catch Basin Clogged/Flooding (71) .","n: 382
radius_m: None
years: 3
by_year.2023: 190
by_year.2024: 93
by_year.2025: 73
by_year.2026: 26
by_descriptor.Sewer Backup (Use Comments) (SA): 148
by_descriptor.Street Flooding (SJ): 94
by_descriptor.Catch Basin Clogged/Flooding (Use Comments) (SC): 71
by_descriptor.Flooding on Street: 42
by_descriptor.Manhole Overflow (Use Comments) (SA1): 27
most_recent.0.date: 2026-05-02
most_recent.0.descriptor: Sewer Backup (Use Comments) (SA)
most_recent.0.address: 2830 WEST   36 STREET
most_recent.1.date: 2026-04-25
most_recent.1.descriptor: Catch Basin Clogged/Flooding (Use Comments) (SC)
most_recent.1.address: None
most_recent.2.date: 2026-04-24
most_recent.2.descriptor: Sewer Backup (Use Comments) (SA)
most_recent.2.address: 2803 WEST   16 STREET
most_recent.3.date: 2026-04-18
most_recent.3.descriptor: Sewer Backup (Use Comments) (SA)
most_recent.3.address: 2830 WEST   36 STREET
most_recent.4.date: 2026-03-30
most_recent.4.descriptor: Catch Basin Clogged/Flooding (Use Comments) (SC)
most_recent.4.address: None",b0022,number,0
b0023_none,2026-05-06/baseline/q05-journalist-coney,dep_moderate_2050_nta,"Under a moderate stormwater scenario in 2050 with projected sea-level rise, 7.8% of the neighborhood would be flooded .","scenario: dep_moderate_2050
label: DEP Moderate Stormwater (2.13 in/hr, 2050 SLR)
fraction_any: 0.0776 (7.8 %, 8 %)
fraction_class.1: 0.0313 (3.1 %, 3 %)
fraction_class.2: 0.0035 (0.4 %, 0 %)
fraction_class.3: 0.0428 (4.3 %, 4 %)
polygon_area_m2: 4421167.4",b0023,none,1
b0023_doc_swap,2026-05-06/baseline/q05-journalist-coney,floodnet,"Under a moderate stormwater scenario in 2050 with projected sea-level rise, 7.8% of the neighborhood would be flooded .","Source: FloodNet NYC ultrasonic depth sensor network (api.floodnet.nyc).
Sensors within 600 m: 4.
Sensors with labeled flood events in last 3 years: 2.
Total flood events at those sensors: 4.
Peak event: 51 mm depth at sensor openly_driven_tarpon starting 2025-10-30.",b0023,doc_swap,0
b0023_number,2026-05-06/baseline/q05-journalist-coney,dep_moderate_2050_nta,"Under a moderate stormwater scenario in 2050 with projected sea-level rise, 3.9% of the neighborhood would be flooded .","scenario: dep_moderate_2050
label: DEP Moderate Stormwater (2.13 in/hr, 2050 SLR)
fraction_any: 0.0776 (7.8 %, 8 %)
fraction_class.1: 0.0313 (3.1 %, 3 %)
fraction_class.2: 0.0035 (0.4 %, 0 %)
fraction_class.3: 0.0428 (4.3 %, 4 %)
polygon_area_m2: 4421167.4",b0023,number,0
b0024_none,2026-05-06/baseline/q05-journalist-coney,dep_extreme_2080_nta,"In contrast, under extreme stormwater conditions in 2080, 44.2% would be inundated, with 4.7% in the nuisance band (>4 in to 1 ft), 1.2% in the 1-4 ft band, and 38.4% exceeding 4 ft .","scenario: dep_extreme_2080
label: DEP Extreme Stormwater (3.66 in/hr, 2080 SLR)
fraction_any: 0.4425 (44.2 %, 44 %)
fraction_class.1: 0.0473 (4.7 %, 5 %)
fraction_class.2: 0.0116 (1.2 %, 1 %)
fraction_class.3: 0.3836 (38.4 %, 38 %)
polygon_area_m2: 4421167.4",b0024,none,1
b0024_doc_swap,2026-05-06/baseline/q05-journalist-coney,ida_hwm,"In contrast, under extreme stormwater conditions in 2080, 44.2% would be inundated, with 4.7% in the nuisance band (>4 in to 1 ft), 1.2% in the 1-4 ft band, and 38.4% exceeding 4 ft .","n_within_radius: 0
radius_m: 800
max_elev_ft: None
max_height_above_gnd_ft: None
nearest_dist_m: 11131.0
nearest_site: Coney Island Ave., between Ave. P and Ave. O, Midwood, Brooklyn
nearest_elev_ft: 29.1
narrative: No Hurricane Ida (Sept 2021) high-water marks were surveyed within 800 m of this address. Nearest USGS-surveyed mark: Coney Island Ave., between Ave. P and Ave. O, Midwood, Brooklyn (11131 m away).",b0024,doc_swap,0
b0024_number,2026-05-06/baseline/q05-journalist-coney,dep_extreme_2080_nta,"In contrast, under extreme stormwater conditions in 2080, 13.3% would be inundated, with 4.7% in the nuisance band (>4 in to 1 ft), 1.2% in the 1-4 ft band, and 38.4% exceeding 4 ft .","scenario: dep_extreme_2080
label: DEP Extreme Stormwater (3.66 in/hr, 2080 SLR)
fraction_any: 0.4425 (44.2 %, 44 %)
fraction_class.1: 0.0473 (4.7 %, 5 %)
fraction_class.2: 0.0116 (1.2 %, 1 %)
fraction_class.3: 0.3836 (38.4 %, 38 %)
polygon_area_m2: 4421167.4",b0024,number,0
b0025_none,2026-05-06/baseline/q05-journalist-coney,microtopo_nta,"The terrain analysis shows a median elevation of 1.55 m, with 38.9% of cells having a Height Above Nearest Drainage (HAND) below 1 m, indicating proximity to water channels .","n_cells: 6991
elev_min_m: -1.62
elev_median_m: 1.55
elev_p10_m: 0.23
elev_max_m: 6.5
hand_median_m: 1.3
twi_median: 9.36
frac_hand_lt1: 0.3894 (38.9 %, 39 %)
frac_twi_gt10: 0.365 (36.5 %, 36 %)",b0025,none,1
b0025_doc_swap,2026-05-06/baseline/q05-journalist-coney,nws_obs,"The terrain analysis shows a median elevation of 1.55 m, with 38.9% of cells having a Height Above Nearest Drainage (HAND) below 1 m, indicating proximity to water channels .","station_id: KJFK
station_name: JFK Airport, NY
distance_km: 7.8
obs_time: 2026-09-26T18:50:00+00:00
temp_c: 17.0
precip_last_hour_mm: None
precip_last_3h_mm: None
precip_last_6h_mm: None
narrative: Latest METAR at JFK Airport, NY (7.8 km away): 17.0°C (obs 2026-09-26T18:50).
error: None",b0025,doc_swap,0
b0025_number,2026-05-06/baseline/q05-journalist-coney,microtopo_nta,"The terrain analysis shows a median elevation of 4.65 m, with 38.9% of cells having a Height Above Nearest Drainage (HAND) below 1 m, indicating proximity to water channels .","n_cells: 6991
elev_min_m: -1.62
elev_median_m: 1.55
elev_p10_m: 0.23
elev_max_m: 6.5
hand_median_m: 1.3
twi_median: 9.36
frac_hand_lt1: 0.3894 (38.9 %, 39 %)
frac_twi_gt10: 0.365 (36.5 %, 36 %)",b0025,number,0
b0025_direction,2026-05-06/baseline/q05-journalist-coney,microtopo_nta,"The terrain analysis shows a median elevation of 1.55 m, with 38.9% of cells having a Height Above Nearest Drainage (HAND) above 1 m, indicating proximity to water channels .","n_cells: 6991
elev_min_m: -1.62
elev_median_m: 1.55
elev_p10_m: 0.23
elev_max_m: 6.5
hand_median_m: 1.3
twi_median: 9.36
frac_hand_lt1: 0.3894 (38.9 %, 39 %)
frac_twi_gt10: 0.365 (36.5 %, 36 %)",b0025,direction,0
b0026_none,2026-05-06/framed/q06-developer-gowanus,dob_permits,"- 62 Imlay Street, Brooklyn (BBL 3-00515-0050). major alteration (use/occupancy) issued 10/14/2025; owner PRIME GROUP HOLDINGS, LLC.","since: 2024-11-12
n_total: 56
n_in_sandy: 13
n_in_dep_any: 13
n_in_dep_severe: 6
n_any_flood: 18
by_job_type.major alteration (use/occupancy): 32
by_job_type.new building: 24
by_permit_status.ISSUED: 55
by_permit_status.RE-ISSUED: 1
flagged_top.0.job_id: 320828075
flagged_top.0.job_type: NB
flagged_top.0.job_type_label: new building
flagged_top.0.permit_status: ISSUED
flagged_top.0.issuance_date: 11/26/2025
flagged_top.0.expiration_date: 11/10/2026
flagged_top.0.address: 20 Coffey St
flagged_top.0.borough: Brooklyn
flagged_top.0.bbl: 3-00589-0003
flagged_top.0.lat: 40.674044
flagged_top.0.lon: -74.010898
flagged_top.0.owner_business: 20 COFFEY LLC
flagged_top.0.permittee_business: MC SQUARED CORP
flagged_top.0.nta_name: Carroll Gardens-Columbia Street-Red Hook
flagged_top.0.in_sandy: True
flagged_top.0.dep_max_class: 3
flagged_top.0.dep_scenarios.0: dep_extreme_2080
flagged_top.0.any_flood_layer_hit: True
flagged_top.1.job_id: 322120673
flagged_top.1.job_type: A1
flagged_top.1.job_type_label: major alteration (use/occupancy)
flagged_top.1.permit_status: ISSUED
flagged_top.1.issuance_date: 10/14/2025
flagged_top.1.expiration_date: 10/14/2026
flagged_top.1.address: 62 Imlay Street
flagged_top.1.borough: Brooklyn
flagged_top.1.bbl: 3-00515-0050
flagged_top.1.lat: 40.682405
flagged_top.1.lon: -74.008148
flagged_top.1.owner_business: PRIME GROUP HOLDINGS, LLC
flagged_top.1.permittee_business: CUSTODIO CONSULTNG
flagged_top.1.nta_name: Carroll Gardens-Columbia Street-Red Hook
flagged_top.1.in_sandy: True
flagged_top.1.dep_max_class: 3
flagged_top.1.dep_scenarios.0: dep_extreme_2080
flagged_top.1.dep_scenarios.1: dep_moderate_2050
flagged_top.1.any_flood_layer_hit: True
flagged_top.2.job_id: 340790497
flagged_top.2.job_type: A1
flagged_top.2.job_type_label: major alteration (use/occupancy)
flagged_top.2.permit_status: ISSUED
flagged_top.2.issuance_date: 09/30/2025
flagged_top.2.expiration_date: 09/18/2026
flagged_top.2.address: 570 Smith Street
flagged_top.2.borough: Brook",b0026,none,1
b0026_doc_swap,2026-05-06/framed/q06-developer-gowanus,sandy,"- 62 Imlay Street, Brooklyn (BBL 3-00515-0050). major alteration (use/occupancy) issued 10/14/2025; owner PRIME GROUP HOLDINGS, LLC.","Source: NYC Sandy Inundation Zone (NYC OpenData 5xsi-dfpx, empirical extent of areas flooded by Hurricane Sandy in 2012).
FACT: The address is LOCATED WITHIN this empirical 2012 inundation extent.
INTERPRETATION: Hurricane Sandy did flood this address (or this immediate parcel) on October 29-30, 2012. This is a historical fact, not a model prediction.
Do not state the opposite. The address is inside the Sandy inundation zone.",b0026,doc_swap,0
b0026_number,2026-05-06/framed/q06-developer-gowanus,dob_permits,"- 62 Imlay Street, Brooklyn (BBL 3-00515-0050). major alteration (use/occupancy) issued 10/42/2025; owner PRIME GROUP HOLDINGS, LLC.","since: 2024-11-12
n_total: 56
n_in_sandy: 13
n_in_dep_any: 13
n_in_dep_severe: 6
n_any_flood: 18
by_job_type.major alteration (use/occupancy): 32
by_job_type.new building: 24
by_permit_status.ISSUED: 55
by_permit_status.RE-ISSUED: 1
flagged_top.0.job_id: 320828075
flagged_top.0.job_type: NB
flagged_top.0.job_type_label: new building
flagged_top.0.permit_status: ISSUED
flagged_top.0.issuance_date: 11/26/2025
flagged_top.0.expiration_date: 11/10/2026
flagged_top.0.address: 20 Coffey St
flagged_top.0.borough: Brooklyn
flagged_top.0.bbl: 3-00589-0003
flagged_top.0.lat: 40.674044
flagged_top.0.lon: -74.010898
flagged_top.0.owner_business: 20 COFFEY LLC
flagged_top.0.permittee_business: MC SQUARED CORP
flagged_top.0.nta_name: Carroll Gardens-Columbia Street-Red Hook
flagged_top.0.in_sandy: True
flagged_top.0.dep_max_class: 3
flagged_top.0.dep_scenarios.0: dep_extreme_2080
flagged_top.0.any_flood_layer_hit: True
flagged_top.1.job_id: 322120673
flagged_top.1.job_type: A1
flagged_top.1.job_type_label: major alteration (use/occupancy)
flagged_top.1.permit_status: ISSUED
flagged_top.1.issuance_date: 10/14/2025
flagged_top.1.expiration_date: 10/14/2026
flagged_top.1.address: 62 Imlay Street
flagged_top.1.borough: Brooklyn
flagged_top.1.bbl: 3-00515-0050
flagged_top.1.lat: 40.682405
flagged_top.1.lon: -74.008148
flagged_top.1.owner_business: PRIME GROUP HOLDINGS, LLC
flagged_top.1.permittee_business: CUSTODIO CONSULTNG
flagged_top.1.nta_name: Carroll Gardens-Columbia Street-Red Hook
flagged_top.1.in_sandy: True
flagged_top.1.dep_max_class: 3
flagged_top.1.dep_scenarios.0: dep_extreme_2080
flagged_top.1.dep_scenarios.1: dep_moderate_2050
flagged_top.1.any_flood_layer_hit: True
flagged_top.2.job_id: 340790497
flagged_top.2.job_type: A1
flagged_top.2.job_type_label: major alteration (use/occupancy)
flagged_top.2.permit_status: ISSUED
flagged_top.2.issuance_date: 09/30/2025
flagged_top.2.expiration_date: 09/18/2026
flagged_top.2.address: 570 Smith Street
flagged_top.2.borough: Brook",b0026,number,0
b0026_place,2026-05-06/framed/q06-developer-gowanus,dob_permits,"- 62 Imlay Street, Hammels (BBL 3-00515-0050). major alteration (use/occupancy) issued 10/14/2025; owner PRIME GROUP HOLDINGS, LLC.","since: 2024-11-12
n_total: 56
n_in_sandy: 13
n_in_dep_any: 13
n_in_dep_severe: 6
n_any_flood: 18
by_job_type.major alteration (use/occupancy): 32
by_job_type.new building: 24
by_permit_status.ISSUED: 55
by_permit_status.RE-ISSUED: 1
flagged_top.0.job_id: 320828075
flagged_top.0.job_type: NB
flagged_top.0.job_type_label: new building
flagged_top.0.permit_status: ISSUED
flagged_top.0.issuance_date: 11/26/2025
flagged_top.0.expiration_date: 11/10/2026
flagged_top.0.address: 20 Coffey St
flagged_top.0.borough: Brooklyn
flagged_top.0.bbl: 3-00589-0003
flagged_top.0.lat: 40.674044
flagged_top.0.lon: -74.010898
flagged_top.0.owner_business: 20 COFFEY LLC
flagged_top.0.permittee_business: MC SQUARED CORP
flagged_top.0.nta_name: Carroll Gardens-Columbia Street-Red Hook
flagged_top.0.in_sandy: True
flagged_top.0.dep_max_class: 3
flagged_top.0.dep_scenarios.0: dep_extreme_2080
flagged_top.0.any_flood_layer_hit: True
flagged_top.1.job_id: 322120673
flagged_top.1.job_type: A1
flagged_top.1.job_type_label: major alteration (use/occupancy)
flagged_top.1.permit_status: ISSUED
flagged_top.1.issuance_date: 10/14/2025
flagged_top.1.expiration_date: 10/14/2026
flagged_top.1.address: 62 Imlay Street
flagged_top.1.borough: Brooklyn
flagged_top.1.bbl: 3-00515-0050
flagged_top.1.lat: 40.682405
flagged_top.1.lon: -74.008148
flagged_top.1.owner_business: PRIME GROUP HOLDINGS, LLC
flagged_top.1.permittee_business: CUSTODIO CONSULTNG
flagged_top.1.nta_name: Carroll Gardens-Columbia Street-Red Hook
flagged_top.1.in_sandy: True
flagged_top.1.dep_max_class: 3
flagged_top.1.dep_scenarios.0: dep_extreme_2080
flagged_top.1.dep_scenarios.1: dep_moderate_2050
flagged_top.1.any_flood_layer_hit: True
flagged_top.2.job_id: 340790497
flagged_top.2.job_type: A1
flagged_top.2.job_type_label: major alteration (use/occupancy)
flagged_top.2.permit_status: ISSUED
flagged_top.2.issuance_date: 09/30/2025
flagged_top.2.expiration_date: 09/18/2026
flagged_top.2.address: 570 Smith Street
flagged_top.2.borough: Brook",b0026,place,0
b0027_none,2026-05-06/framed/q06-developer-gowanus,dob_permits,"- 570 Smith Street, Brooklyn (BBL 3-00486-0023). major alteration (use/occupancy) issued 09/30/2025; owner 570 SMITH STREET REALTY CORP.","since: 2024-11-12
n_total: 56
n_in_sandy: 13
n_in_dep_any: 13
n_in_dep_severe: 6
n_any_flood: 18
by_job_type.major alteration (use/occupancy): 32
by_job_type.new building: 24
by_permit_status.ISSUED: 55
by_permit_status.RE-ISSUED: 1
flagged_top.0.job_id: 320828075
flagged_top.0.job_type: NB
flagged_top.0.job_type_label: new building
flagged_top.0.permit_status: ISSUED
flagged_top.0.issuance_date: 11/26/2025
flagged_top.0.expiration_date: 11/10/2026
flagged_top.0.address: 20 Coffey St
flagged_top.0.borough: Brooklyn
flagged_top.0.bbl: 3-00589-0003
flagged_top.0.lat: 40.674044
flagged_top.0.lon: -74.010898
flagged_top.0.owner_business: 20 COFFEY LLC
flagged_top.0.permittee_business: MC SQUARED CORP
flagged_top.0.nta_name: Carroll Gardens-Columbia Street-Red Hook
flagged_top.0.in_sandy: True
flagged_top.0.dep_max_class: 3
flagged_top.0.dep_scenarios.0: dep_extreme_2080
flagged_top.0.any_flood_layer_hit: True
flagged_top.1.job_id: 322120673
flagged_top.1.job_type: A1
flagged_top.1.job_type_label: major alteration (use/occupancy)
flagged_top.1.permit_status: ISSUED
flagged_top.1.issuance_date: 10/14/2025
flagged_top.1.expiration_date: 10/14/2026
flagged_top.1.address: 62 Imlay Street
flagged_top.1.borough: Brooklyn
flagged_top.1.bbl: 3-00515-0050
flagged_top.1.lat: 40.682405
flagged_top.1.lon: -74.008148
flagged_top.1.owner_business: PRIME GROUP HOLDINGS, LLC
flagged_top.1.permittee_business: CUSTODIO CONSULTNG
flagged_top.1.nta_name: Carroll Gardens-Columbia Street-Red Hook
flagged_top.1.in_sandy: True
flagged_top.1.dep_max_class: 3
flagged_top.1.dep_scenarios.0: dep_extreme_2080
flagged_top.1.dep_scenarios.1: dep_moderate_2050
flagged_top.1.any_flood_layer_hit: True
flagged_top.2.job_id: 340790497
flagged_top.2.job_type: A1
flagged_top.2.job_type_label: major alteration (use/occupancy)
flagged_top.2.permit_status: ISSUED
flagged_top.2.issuance_date: 09/30/2025
flagged_top.2.expiration_date: 09/18/2026
flagged_top.2.address: 570 Smith Street
flagged_top.2.borough: Brook",b0027,none,1
b0027_doc_swap,2026-05-06/framed/q06-developer-gowanus,ttm_forecast,"- 570 Smith Street, Brooklyn (BBL 3-00486-0023). major alteration (use/occupancy) issued 09/30/2025; owner 570 SMITH STREET REALTY CORP.","Source: Granite TimeSeries TTM r2 (Ekambaram et al. 2024, NeurIPS) — ibm-granite/granite-timeseries-ttm-r2 via granite-tsfm. Zero-shot forecast of the surge residual (observed minus astronomical tide) at the Battery, NY (NOAA station 8518750). 6-min cadence, ~51 h context, ~9.6 h horizon..
Gauge: The Battery, NY (NOAA 8518750, 2.5 km from address — closest of Battery / Kings Point / Sandy Hook).
Context window: 512 samples (~51.2 h of 6-min residual).
Forecast horizon: 96 samples (~9.6 h ahead).
Recent residual: 0.12 ft (residual = observed water level minus astronomical prediction).
Recent peak |residual| in context: 0.47 ft.
Forecast peak residual: 0.13 ft, expected 18 minutes from now (at 2026-05-06T06:17Z UTC).
INTERPRETATION: positive residual is a wind-driven setup or storm-surge component on top of the tide; the model predicts the non-tidal part NOAA's astronomical predictor does not cover.",b0027,doc_swap,0
b0027_number,2026-05-06/framed/q06-developer-gowanus,dob_permits,"- 1710 Smith Street, Brooklyn (BBL 3-00486-0023). major alteration (use/occupancy) issued 09/30/2025; owner 570 SMITH STREET REALTY CORP.","since: 2024-11-12
n_total: 56
n_in_sandy: 13
n_in_dep_any: 13
n_in_dep_severe: 6
n_any_flood: 18
by_job_type.major alteration (use/occupancy): 32
by_job_type.new building: 24
by_permit_status.ISSUED: 55
by_permit_status.RE-ISSUED: 1
flagged_top.0.job_id: 320828075
flagged_top.0.job_type: NB
flagged_top.0.job_type_label: new building
flagged_top.0.permit_status: ISSUED
flagged_top.0.issuance_date: 11/26/2025
flagged_top.0.expiration_date: 11/10/2026
flagged_top.0.address: 20 Coffey St
flagged_top.0.borough: Brooklyn
flagged_top.0.bbl: 3-00589-0003
flagged_top.0.lat: 40.674044
flagged_top.0.lon: -74.010898
flagged_top.0.owner_business: 20 COFFEY LLC
flagged_top.0.permittee_business: MC SQUARED CORP
flagged_top.0.nta_name: Carroll Gardens-Columbia Street-Red Hook
flagged_top.0.in_sandy: True
flagged_top.0.dep_max_class: 3
flagged_top.0.dep_scenarios.0: dep_extreme_2080
flagged_top.0.any_flood_layer_hit: True
flagged_top.1.job_id: 322120673
flagged_top.1.job_type: A1
flagged_top.1.job_type_label: major alteration (use/occupancy)
flagged_top.1.permit_status: ISSUED
flagged_top.1.issuance_date: 10/14/2025
flagged_top.1.expiration_date: 10/14/2026
flagged_top.1.address: 62 Imlay Street
flagged_top.1.borough: Brooklyn
flagged_top.1.bbl: 3-00515-0050
flagged_top.1.lat: 40.682405
flagged_top.1.lon: -74.008148
flagged_top.1.owner_business: PRIME GROUP HOLDINGS, LLC
flagged_top.1.permittee_business: CUSTODIO CONSULTNG
flagged_top.1.nta_name: Carroll Gardens-Columbia Street-Red Hook
flagged_top.1.in_sandy: True
flagged_top.1.dep_max_class: 3
flagged_top.1.dep_scenarios.0: dep_extreme_2080
flagged_top.1.dep_scenarios.1: dep_moderate_2050
flagged_top.1.any_flood_layer_hit: True
flagged_top.2.job_id: 340790497
flagged_top.2.job_type: A1
flagged_top.2.job_type_label: major alteration (use/occupancy)
flagged_top.2.permit_status: ISSUED
flagged_top.2.issuance_date: 09/30/2025
flagged_top.2.expiration_date: 09/18/2026
flagged_top.2.address: 570 Smith Street
flagged_top.2.borough: Brook",b0027,number,0
b0027_place,2026-05-06/framed/q06-developer-gowanus,dob_permits,"- 570 Smith Street, Manhattan (BBL 3-00486-0023). major alteration (use/occupancy) issued 09/30/2025; owner 570 SMITH STREET REALTY CORP.","since: 2024-11-12
n_total: 56
n_in_sandy: 13
n_in_dep_any: 13
n_in_dep_severe: 6
n_any_flood: 18
by_job_type.major alteration (use/occupancy): 32
by_job_type.new building: 24
by_permit_status.ISSUED: 55
by_permit_status.RE-ISSUED: 1
flagged_top.0.job_id: 320828075
flagged_top.0.job_type: NB
flagged_top.0.job_type_label: new building
flagged_top.0.permit_status: ISSUED
flagged_top.0.issuance_date: 11/26/2025
flagged_top.0.expiration_date: 11/10/2026
flagged_top.0.address: 20 Coffey St
flagged_top.0.borough: Brooklyn
flagged_top.0.bbl: 3-00589-0003
flagged_top.0.lat: 40.674044
flagged_top.0.lon: -74.010898
flagged_top.0.owner_business: 20 COFFEY LLC
flagged_top.0.permittee_business: MC SQUARED CORP
flagged_top.0.nta_name: Carroll Gardens-Columbia Street-Red Hook
flagged_top.0.in_sandy: True
flagged_top.0.dep_max_class: 3
flagged_top.0.dep_scenarios.0: dep_extreme_2080
flagged_top.0.any_flood_layer_hit: True
flagged_top.1.job_id: 322120673
flagged_top.1.job_type: A1
flagged_top.1.job_type_label: major alteration (use/occupancy)
flagged_top.1.permit_status: ISSUED
flagged_top.1.issuance_date: 10/14/2025
flagged_top.1.expiration_date: 10/14/2026
flagged_top.1.address: 62 Imlay Street
flagged_top.1.borough: Brooklyn
flagged_top.1.bbl: 3-00515-0050
flagged_top.1.lat: 40.682405
flagged_top.1.lon: -74.008148
flagged_top.1.owner_business: PRIME GROUP HOLDINGS, LLC
flagged_top.1.permittee_business: CUSTODIO CONSULTNG
flagged_top.1.nta_name: Carroll Gardens-Columbia Street-Red Hook
flagged_top.1.in_sandy: True
flagged_top.1.dep_max_class: 3
flagged_top.1.dep_scenarios.0: dep_extreme_2080
flagged_top.1.dep_scenarios.1: dep_moderate_2050
flagged_top.1.any_flood_layer_hit: True
flagged_top.2.job_id: 340790497
flagged_top.2.job_type: A1
flagged_top.2.job_type_label: major alteration (use/occupancy)
flagged_top.2.permit_status: ISSUED
flagged_top.2.issuance_date: 09/30/2025
flagged_top.2.expiration_date: 09/18/2026
flagged_top.2.address: 570 Smith Street
flagged_top.2.borough: Brook",b0027,place,0
b0028_none,2026-05-06/framed/q06-developer-gowanus,dob_permits,"- 100 Sullivan Street, Brooklyn (BBL 3-00555-0027). new building issued 08/04/2025; owner CHEN AND LIN INC.","since: 2024-11-12
n_total: 56
n_in_sandy: 13
n_in_dep_any: 13
n_in_dep_severe: 6
n_any_flood: 18
by_job_type.major alteration (use/occupancy): 32
by_job_type.new building: 24
by_permit_status.ISSUED: 55
by_permit_status.RE-ISSUED: 1
flagged_top.0.job_id: 320828075
flagged_top.0.job_type: NB
flagged_top.0.job_type_label: new building
flagged_top.0.permit_status: ISSUED
flagged_top.0.issuance_date: 11/26/2025
flagged_top.0.expiration_date: 11/10/2026
flagged_top.0.address: 20 Coffey St
flagged_top.0.borough: Brooklyn
flagged_top.0.bbl: 3-00589-0003
flagged_top.0.lat: 40.674044
flagged_top.0.lon: -74.010898
flagged_top.0.owner_business: 20 COFFEY LLC
flagged_top.0.permittee_business: MC SQUARED CORP
flagged_top.0.nta_name: Carroll Gardens-Columbia Street-Red Hook
flagged_top.0.in_sandy: True
flagged_top.0.dep_max_class: 3
flagged_top.0.dep_scenarios.0: dep_extreme_2080
flagged_top.0.any_flood_layer_hit: True
flagged_top.1.job_id: 322120673
flagged_top.1.job_type: A1
flagged_top.1.job_type_label: major alteration (use/occupancy)
flagged_top.1.permit_status: ISSUED
flagged_top.1.issuance_date: 10/14/2025
flagged_top.1.expiration_date: 10/14/2026
flagged_top.1.address: 62 Imlay Street
flagged_top.1.borough: Brooklyn
flagged_top.1.bbl: 3-00515-0050
flagged_top.1.lat: 40.682405
flagged_top.1.lon: -74.008148
flagged_top.1.owner_business: PRIME GROUP HOLDINGS, LLC
flagged_top.1.permittee_business: CUSTODIO CONSULTNG
flagged_top.1.nta_name: Carroll Gardens-Columbia Street-Red Hook
flagged_top.1.in_sandy: True
flagged_top.1.dep_max_class: 3
flagged_top.1.dep_scenarios.0: dep_extreme_2080
flagged_top.1.dep_scenarios.1: dep_moderate_2050
flagged_top.1.any_flood_layer_hit: True
flagged_top.2.job_id: 340790497
flagged_top.2.job_type: A1
flagged_top.2.job_type_label: major alteration (use/occupancy)
flagged_top.2.permit_status: ISSUED
flagged_top.2.issuance_date: 09/30/2025
flagged_top.2.expiration_date: 09/18/2026
flagged_top.2.address: 570 Smith Street
flagged_top.2.borough: Brook",b0028,none,1
b0028_doc_swap,2026-05-06/framed/q06-developer-gowanus,ida_hwm,"- 100 Sullivan Street, Brooklyn (BBL 3-00555-0027). new building issued 08/04/2025; owner CHEN AND LIN INC.","n_within_radius: 0
radius_m: 800
max_elev_ft: None
max_height_above_gnd_ft: None
nearest_dist_m: 1417.0
nearest_site: Intersection of Carroll St. and Nevins St., Gowanus, Brooklyn
nearest_elev_ft: 10.7
narrative: No Hurricane Ida (Sept 2021) high-water marks were surveyed within 800 m of this address. Nearest USGS-surveyed mark: Intersection of Carroll St. and Nevins St., Gowanus, Brooklyn (1417 m away).",b0028,doc_swap,0
b0028_number,2026-05-06/framed/q06-developer-gowanus,dob_permits,"- 100 Sullivan Street, Brooklyn (BBL 3-00555-0027). new building issued 08/04/1012; owner CHEN AND LIN INC.","since: 2024-11-12
n_total: 56
n_in_sandy: 13
n_in_dep_any: 13
n_in_dep_severe: 6
n_any_flood: 18
by_job_type.major alteration (use/occupancy): 32
by_job_type.new building: 24
by_permit_status.ISSUED: 55
by_permit_status.RE-ISSUED: 1
flagged_top.0.job_id: 320828075
flagged_top.0.job_type: NB
flagged_top.0.job_type_label: new building
flagged_top.0.permit_status: ISSUED
flagged_top.0.issuance_date: 11/26/2025
flagged_top.0.expiration_date: 11/10/2026
flagged_top.0.address: 20 Coffey St
flagged_top.0.borough: Brooklyn
flagged_top.0.bbl: 3-00589-0003
flagged_top.0.lat: 40.674044
flagged_top.0.lon: -74.010898
flagged_top.0.owner_business: 20 COFFEY LLC
flagged_top.0.permittee_business: MC SQUARED CORP
flagged_top.0.nta_name: Carroll Gardens-Columbia Street-Red Hook
flagged_top.0.in_sandy: True
flagged_top.0.dep_max_class: 3
flagged_top.0.dep_scenarios.0: dep_extreme_2080
flagged_top.0.any_flood_layer_hit: True
flagged_top.1.job_id: 322120673
flagged_top.1.job_type: A1
flagged_top.1.job_type_label: major alteration (use/occupancy)
flagged_top.1.permit_status: ISSUED
flagged_top.1.issuance_date: 10/14/2025
flagged_top.1.expiration_date: 10/14/2026
flagged_top.1.address: 62 Imlay Street
flagged_top.1.borough: Brooklyn
flagged_top.1.bbl: 3-00515-0050
flagged_top.1.lat: 40.682405
flagged_top.1.lon: -74.008148
flagged_top.1.owner_business: PRIME GROUP HOLDINGS, LLC
flagged_top.1.permittee_business: CUSTODIO CONSULTNG
flagged_top.1.nta_name: Carroll Gardens-Columbia Street-Red Hook
flagged_top.1.in_sandy: True
flagged_top.1.dep_max_class: 3
flagged_top.1.dep_scenarios.0: dep_extreme_2080
flagged_top.1.dep_scenarios.1: dep_moderate_2050
flagged_top.1.any_flood_layer_hit: True
flagged_top.2.job_id: 340790497
flagged_top.2.job_type: A1
flagged_top.2.job_type_label: major alteration (use/occupancy)
flagged_top.2.permit_status: ISSUED
flagged_top.2.issuance_date: 09/30/2025
flagged_top.2.expiration_date: 09/18/2026
flagged_top.2.address: 570 Smith Street
flagged_top.2.borough: Brook",b0028,number,0
b0028_place,2026-05-06/framed/q06-developer-gowanus,dob_permits,"- 100 Sullivan Street, Bronx (BBL 3-00555-0027). new building issued 08/04/2025; owner CHEN AND LIN INC.","since: 2024-11-12
n_total: 56
n_in_sandy: 13
n_in_dep_any: 13
n_in_dep_severe: 6
n_any_flood: 18
by_job_type.major alteration (use/occupancy): 32
by_job_type.new building: 24
by_permit_status.ISSUED: 55
by_permit_status.RE-ISSUED: 1
flagged_top.0.job_id: 320828075
flagged_top.0.job_type: NB
flagged_top.0.job_type_label: new building
flagged_top.0.permit_status: ISSUED
flagged_top.0.issuance_date: 11/26/2025
flagged_top.0.expiration_date: 11/10/2026
flagged_top.0.address: 20 Coffey St
flagged_top.0.borough: Brooklyn
flagged_top.0.bbl: 3-00589-0003
flagged_top.0.lat: 40.674044
flagged_top.0.lon: -74.010898
flagged_top.0.owner_business: 20 COFFEY LLC
flagged_top.0.permittee_business: MC SQUARED CORP
flagged_top.0.nta_name: Carroll Gardens-Columbia Street-Red Hook
flagged_top.0.in_sandy: True
flagged_top.0.dep_max_class: 3
flagged_top.0.dep_scenarios.0: dep_extreme_2080
flagged_top.0.any_flood_layer_hit: True
flagged_top.1.job_id: 322120673
flagged_top.1.job_type: A1
flagged_top.1.job_type_label: major alteration (use/occupancy)
flagged_top.1.permit_status: ISSUED
flagged_top.1.issuance_date: 10/14/2025
flagged_top.1.expiration_date: 10/14/2026
flagged_top.1.address: 62 Imlay Street
flagged_top.1.borough: Brooklyn
flagged_top.1.bbl: 3-00515-0050
flagged_top.1.lat: 40.682405
flagged_top.1.lon: -74.008148
flagged_top.1.owner_business: PRIME GROUP HOLDINGS, LLC
flagged_top.1.permittee_business: CUSTODIO CONSULTNG
flagged_top.1.nta_name: Carroll Gardens-Columbia Street-Red Hook
flagged_top.1.in_sandy: True
flagged_top.1.dep_max_class: 3
flagged_top.1.dep_scenarios.0: dep_extreme_2080
flagged_top.1.dep_scenarios.1: dep_moderate_2050
flagged_top.1.any_flood_layer_hit: True
flagged_top.2.job_id: 340790497
flagged_top.2.job_type: A1
flagged_top.2.job_type_label: major alteration (use/occupancy)
flagged_top.2.permit_status: ISSUED
flagged_top.2.issuance_date: 09/30/2025
flagged_top.2.expiration_date: 09/18/2026
flagged_top.2.address: 570 Smith Street
flagged_top.2.borough: Brook",b0028,place,0
b0029_none,2026-05-06/baseline/q08-planner-hammels,nyc311_nta,"Over the past three years, NYC311 logged 800 flood-related complaints within this NTA, with ""Sewer Backup"" being the most frequent descriptor (327 incidents) .","n: 800
radius_m: None
years: 3
by_year.2023: 211
by_year.2024: 309
by_year.2025: 197
by_year.2026: 83
by_descriptor.Sewer Backup (Use Comments) (SA): 327
by_descriptor.Catch Basin Clogged/Flooding (Use Comments) (SC): 222
by_descriptor.Street Flooding (SJ): 197
by_descriptor.Manhole Overflow (Use Comments) (SA1): 43
by_descriptor.Flooding on Street: 11
most_recent.0.date: 2026-05-04
most_recent.0.descriptor: Street Flooding (SJ)
most_recent.0.address: 643 B   67 STREET
most_recent.1.date: 2026-05-03
most_recent.1.descriptor: Sewer Backup (Use Comments) (SA)
most_recent.1.address: 236 BEACH   87 STREET
most_recent.2.date: 2026-05-02
most_recent.2.descriptor: Sewer Backup (Use Comments) (SA)
most_recent.2.address: 69-41 HESSLER AVENUE
most_recent.3.date: 2026-05-02
most_recent.3.descriptor: Street Flooding (SJ)
most_recent.3.address: 161 BEACH   62 STREET
most_recent.4.date: 2026-05-01
most_recent.4.descriptor: Manhole Overflow (Use Comments) (SA1)
most_recent.4.address: 236 BEACH   87 STREET",b0029,none,1
b0029_doc_swap,2026-05-06/baseline/q08-planner-hammels,dep_moderate_2050_nta,"Over the past three years, NYC311 logged 800 flood-related complaints within this NTA, with ""Sewer Backup"" being the most frequent descriptor (327 incidents) .","scenario: dep_moderate_2050
label: DEP Moderate Stormwater (2.13 in/hr, 2050 SLR)
fraction_any: 0.0413 (4.1 %, 4 %)
fraction_class.1: 0.0131 (1.3 %, 1 %)
fraction_class.2: 0.0054 (0.5 %, 1 %)
fraction_class.3: 0.0228 (2.3 %, 2 %)
polygon_area_m2: 1786222.2",b0029,doc_swap,0
b0029_number,2026-05-06/baseline/q08-planner-hammels,nyc311_nta,"Over the past three years, NYC311 logged 800 flood-related complaints within this NTA, with ""Sewer Backup"" being the most frequent descriptor (164 incidents) .","n: 800
radius_m: None
years: 3
by_year.2023: 211
by_year.2024: 309
by_year.2025: 197
by_year.2026: 83
by_descriptor.Sewer Backup (Use Comments) (SA): 327
by_descriptor.Catch Basin Clogged/Flooding (Use Comments) (SC): 222
by_descriptor.Street Flooding (SJ): 197
by_descriptor.Manhole Overflow (Use Comments) (SA1): 43
by_descriptor.Flooding on Street: 11
most_recent.0.date: 2026-05-04
most_recent.0.descriptor: Street Flooding (SJ)
most_recent.0.address: 643 B   67 STREET
most_recent.1.date: 2026-05-03
most_recent.1.descriptor: Sewer Backup (Use Comments) (SA)
most_recent.1.address: 236 BEACH   87 STREET
most_recent.2.date: 2026-05-02
most_recent.2.descriptor: Sewer Backup (Use Comments) (SA)
most_recent.2.address: 69-41 HESSLER AVENUE
most_recent.3.date: 2026-05-02
most_recent.3.descriptor: Street Flooding (SJ)
most_recent.3.address: 161 BEACH   62 STREET
most_recent.4.date: 2026-05-01
most_recent.4.descriptor: Manhole Overflow (Use Comments) (SA1)
most_recent.4.address: 236 BEACH   87 STREET",b0029,number,0
b0029_direction,2026-05-06/baseline/q08-planner-hammels,nyc311_nta,"Over the past three years, NYC311 logged 800 flood-related complaints beyond this NTA, with ""Sewer Backup"" being the most frequent descriptor (327 incidents) .","n: 800
radius_m: None
years: 3
by_year.2023: 211
by_year.2024: 309
by_year.2025: 197
by_year.2026: 83
by_descriptor.Sewer Backup (Use Comments) (SA): 327
by_descriptor.Catch Basin Clogged/Flooding (Use Comments) (SC): 222
by_descriptor.Street Flooding (SJ): 197
by_descriptor.Manhole Overflow (Use Comments) (SA1): 43
by_descriptor.Flooding on Street: 11
most_recent.0.date: 2026-05-04
most_recent.0.descriptor: Street Flooding (SJ)
most_recent.0.address: 643 B   67 STREET
most_recent.1.date: 2026-05-03
most_recent.1.descriptor: Sewer Backup (Use Comments) (SA)
most_recent.1.address: 236 BEACH   87 STREET
most_recent.2.date: 2026-05-02
most_recent.2.descriptor: Sewer Backup (Use Comments) (SA)
most_recent.2.address: 69-41 HESSLER AVENUE
most_recent.3.date: 2026-05-02
most_recent.3.descriptor: Street Flooding (SJ)
most_recent.3.address: 161 BEACH   62 STREET
most_recent.4.date: 2026-05-01
most_recent.4.descriptor: Manhole Overflow (Use Comments) (SA1)
most_recent.4.address: 236 BEACH   87 STREET",b0029,direction,0
b0030_none,2026-05-06/baseline/q08-planner-hammels,dep_moderate_2050_nta,"Under a moderate stormwater scenario in 2050 with projected sea level rise, 17.0% of the neighborhood would be flooded, with 14.6% experiencing >4 ft flooding and 2.0% in the nuisance band (>4 in to 1 ft) .","scenario: dep_moderate_2050
label: DEP Moderate Stormwater (2.13 in/hr, 2050 SLR)
fraction_any: 0.1704 (17.0 %, 17 %)
fraction_class.1: 0.0196 (2.0 %, 2 %)
fraction_class.2: 0.0045 (0.4 %, 0 %)
fraction_class.3: 0.1463 (14.6 %, 15 %)
polygon_area_m2: 4691834.0",b0030,none,1
b0030_doc_swap,2026-05-06/baseline/q08-planner-hammels,floodnet,"Under a moderate stormwater scenario in 2050 with projected sea level rise, 17.0% of the neighborhood would be flooded, with 14.6% experiencing >4 ft flooding and 2.0% in the nuisance band (>4 in to 1 ft) .","n_sensors: 0
n_flood_events_3y: 0
n_sensors_with_events: 0
peak_event: None
narrative: No FloodNet sensors deployed within 600 m of this address.
radius_m: 600",b0030,doc_swap,0
b0030_number,2026-05-06/baseline/q08-planner-hammels,dep_moderate_2050_nta,"Under a moderate stormwater scenario in 2050 with projected sea level rise, 17.0% of the neighborhood would be flooded, with 7.3% experiencing >4 ft flooding and 2.0% in the nuisance band (>4 in to 1 ft) .","scenario: dep_moderate_2050
label: DEP Moderate Stormwater (2.13 in/hr, 2050 SLR)
fraction_any: 0.1704 (17.0 %, 17 %)
fraction_class.1: 0.0196 (2.0 %, 2 %)
fraction_class.2: 0.0045 (0.4 %, 0 %)
fraction_class.3: 0.1463 (14.6 %, 15 %)
polygon_area_m2: 4691834.0",b0030,number,0
b0031_none,2026-05-06/baseline/q08-planner-hammels,microtopo_nta,"The terrain analysis shows a median elevation of 1.86 m, with 16.9% of cells having HAND below 1 m, indicating proximity to drainage .","n_cells: 7415
elev_min_m: 0.0
elev_median_m: 1.86
elev_p10_m: 0.3
elev_max_m: 3.32
hand_median_m: 1.86
twi_median: 9.5
frac_hand_lt1: 0.1691 (16.9 %, 17 %)
frac_twi_gt10: 0.3771 (37.7 %, 38 %)",b0031,none,1
b0031_doc_swap,2026-05-06/baseline/q08-planner-hammels,nyc311_nta,"The terrain analysis shows a median elevation of 1.86 m, with 16.9% of cells having HAND below 1 m, indicating proximity to drainage .","n: 198
radius_m: None
years: 3
by_year.2023: 41
by_year.2024: 49
by_year.2025: 89
by_year.2026: 19
by_descriptor.Sewer Backup (Use Comments) (SA): 89
by_descriptor.Catch Basin Clogged/Flooding (Use Comments) (SC): 70
by_descriptor.Street Flooding (SJ): 29
by_descriptor.Manhole Overflow (Use Comments) (SA1): 10
most_recent.0.date: 2026-04-27
most_recent.0.descriptor: Catch Basin Clogged/Flooding (Use Comments) (SC)
most_recent.0.address: None
most_recent.1.date: 2026-04-25
most_recent.1.descriptor: Catch Basin Clogged/Flooding (Use Comments) (SC)
most_recent.1.address: 32-24 30 AVENUE
most_recent.2.date: 2026-04-14
most_recent.2.descriptor: Sewer Backup (Use Comments) (SA)
most_recent.2.address: 30-43 36 STREET
most_recent.3.date: 2026-04-04
most_recent.3.descriptor: Catch Basin Clogged/Flooding (Use Comments) (SC)
most_recent.3.address: None
most_recent.4.date: 2026-04-02
most_recent.4.descriptor: Catch Basin Clogged/Flooding (Use Comments) (SC)
most_recent.4.address: 34-06 32 STREET",b0031,doc_swap,0
b0031_number,2026-05-06/baseline/q08-planner-hammels,microtopo_nta,"The terrain analysis shows a median elevation of 1.86 m, with 5.1% of cells having HAND below 1 m, indicating proximity to drainage .","n_cells: 7415
elev_min_m: 0.0
elev_median_m: 1.86
elev_p10_m: 0.3
elev_max_m: 3.32
hand_median_m: 1.86
twi_median: 9.5
frac_hand_lt1: 0.1691 (16.9 %, 17 %)
frac_twi_gt10: 0.3771 (37.7 %, 38 %)",b0031,number,0
b0031_direction,2026-05-06/baseline/q08-planner-hammels,microtopo_nta,"The terrain analysis shows a median elevation of 1.86 m, with 16.9% of cells having HAND above 1 m, indicating proximity to drainage .","n_cells: 7415
elev_min_m: 0.0
elev_median_m: 1.86
elev_p10_m: 0.3
elev_max_m: 3.32
hand_median_m: 1.86
twi_median: 9.5
frac_hand_lt1: 0.1691 (16.9 %, 17 %)
frac_twi_gt10: 0.3771 (37.7 %, 38 %)",b0031,direction,0
b0032_none,2026-05-06/baseline/q09-mta-coney-vs-brighton,nyc311_nta,"Over the past three years, NYC 311 recorded 382 flood-related complaints within Coney Island-Sea Gate, with the top descriptors being Sewer Backup (148), Street Flooding (94), and Catch Basin Clogged/Flooding (71) .","n: 382
radius_m: None
years: 3
by_year.2023: 190
by_year.2024: 93
by_year.2025: 73
by_year.2026: 26
by_descriptor.Sewer Backup (Use Comments) (SA): 148
by_descriptor.Street Flooding (SJ): 94
by_descriptor.Catch Basin Clogged/Flooding (Use Comments) (SC): 71
by_descriptor.Flooding on Street: 42
by_descriptor.Manhole Overflow (Use Comments) (SA1): 27
most_recent.0.date: 2026-05-02
most_recent.0.descriptor: Sewer Backup (Use Comments) (SA)
most_recent.0.address: 2830 WEST   36 STREET
most_recent.1.date: 2026-04-25
most_recent.1.descriptor: Catch Basin Clogged/Flooding (Use Comments) (SC)
most_recent.1.address: None
most_recent.2.date: 2026-04-24
most_recent.2.descriptor: Sewer Backup (Use Comments) (SA)
most_recent.2.address: 2803 WEST   16 STREET
most_recent.3.date: 2026-04-18
most_recent.3.descriptor: Sewer Backup (Use Comments) (SA)
most_recent.3.address: 2830 WEST   36 STREET
most_recent.4.date: 2026-03-30
most_recent.4.descriptor: Catch Basin Clogged/Flooding (Use Comments) (SC)
most_recent.4.address: None",b0032,none,1
b0032_doc_swap,2026-05-06/baseline/q09-mta-coney-vs-brighton,floodnet_forecast,"Over the past three years, NYC 311 recorded 382 flood-related complaints within Coney Island-Sea Gate, with the top descriptors being Sewer Backup (148), Street Flooding (94), and Catch Basin Clogged/Flooding (71) .","available: True
doc_id: floodnet_forecast_wholly_useful_shrew
sensor_id: wholly_useful_shrew
sensor_name: BX - 1st St/Avenue A
sensor_street: Avenue A
sensor_borough: Bronx
sensor_lat: 40.812851317301806
sensor_lon: -73.88104280830142
distance_from_query_m: 884.4
history_window_days: 512
history_total_events: 5
history_recent_28d_events: 1
forecast_horizon_days: 96
forecast_28d_expected_events: 0.46
forecast_total_horizon_events: 1.16
forecast_peak_day_offset: 23
forecast_peak_day_value: 0.051
model: granite-timeseries-ttm-r2
citation: FloodNet NYC ultrasonic depth sensors (api.floodnet.nyc) + IBM Granite TimeSeries TTM r2 (Ekambaram et al. 2024, NeurIPS) via granite-tsfm — daily flood-event recurrence forecast",b0032,doc_swap,0
b0032_number,2026-05-06/baseline/q09-mta-coney-vs-brighton,nyc311_nta,"Over the past three years, NYC 311 recorded 382 flood-related complaints within Coney Island-Sea Gate, with the top descriptors being Sewer Backup (74), Street Flooding (94), and Catch Basin Clogged/Flooding (71) .","n: 382
radius_m: None
years: 3
by_year.2023: 190
by_year.2024: 93
by_year.2025: 73
by_year.2026: 26
by_descriptor.Sewer Backup (Use Comments) (SA): 148
by_descriptor.Street Flooding (SJ): 94
by_descriptor.Catch Basin Clogged/Flooding (Use Comments) (SC): 71
by_descriptor.Flooding on Street: 42
by_descriptor.Manhole Overflow (Use Comments) (SA1): 27
most_recent.0.date: 2026-05-02
most_recent.0.descriptor: Sewer Backup (Use Comments) (SA)
most_recent.0.address: 2830 WEST   36 STREET
most_recent.1.date: 2026-04-25
most_recent.1.descriptor: Catch Basin Clogged/Flooding (Use Comments) (SC)
most_recent.1.address: None
most_recent.2.date: 2026-04-24
most_recent.2.descriptor: Sewer Backup (Use Comments) (SA)
most_recent.2.address: 2803 WEST   16 STREET
most_recent.3.date: 2026-04-18
most_recent.3.descriptor: Sewer Backup (Use Comments) (SA)
most_recent.3.address: 2830 WEST   36 STREET
most_recent.4.date: 2026-03-30
most_recent.4.descriptor: Catch Basin Clogged/Flooding (Use Comments) (SC)
most_recent.4.address: None",b0032,number,0
b0032_direction,2026-05-06/baseline/q09-mta-coney-vs-brighton,nyc311_nta,"Over the past three years, NYC 311 recorded 382 flood-related complaints beyond Coney Island-Sea Gate, with the top descriptors being Sewer Backup (148), Street Flooding (94), and Catch Basin Clogged/Flooding (71) .","n: 382
radius_m: None
years: 3
by_year.2023: 190
by_year.2024: 93
by_year.2025: 73
by_year.2026: 26
by_descriptor.Sewer Backup (Use Comments) (SA): 148
by_descriptor.Street Flooding (SJ): 94
by_descriptor.Catch Basin Clogged/Flooding (Use Comments) (SC): 71
by_descriptor.Flooding on Street: 42
by_descriptor.Manhole Overflow (Use Comments) (SA1): 27
most_recent.0.date: 2026-05-02
most_recent.0.descriptor: Sewer Backup (Use Comments) (SA)
most_recent.0.address: 2830 WEST   36 STREET
most_recent.1.date: 2026-04-25
most_recent.1.descriptor: Catch Basin Clogged/Flooding (Use Comments) (SC)
most_recent.1.address: None
most_recent.2.date: 2026-04-24
most_recent.2.descriptor: Sewer Backup (Use Comments) (SA)
most_recent.2.address: 2803 WEST   16 STREET
most_recent.3.date: 2026-04-18
most_recent.3.descriptor: Sewer Backup (Use Comments) (SA)
most_recent.3.address: 2830 WEST   36 STREET
most_recent.4.date: 2026-03-30
most_recent.4.descriptor: Catch Basin Clogged/Flooding (Use Comments) (SC)
most_recent.4.address: None",b0032,direction,0
b0032_place,2026-05-06/baseline/q09-mta-coney-vs-brighton,nyc311_nta,"Over the past three years, NYC 311 recorded 382 flood-related complaints within The Battery-Sea Gate, with the top descriptors being Sewer Backup (148), Street Flooding (94), and Catch Basin Clogged/Flooding (71) .","n: 382
radius_m: None
years: 3
by_year.2023: 190
by_year.2024: 93
by_year.2025: 73
by_year.2026: 26
by_descriptor.Sewer Backup (Use Comments) (SA): 148
by_descriptor.Street Flooding (SJ): 94
by_descriptor.Catch Basin Clogged/Flooding (Use Comments) (SC): 71
by_descriptor.Flooding on Street: 42
by_descriptor.Manhole Overflow (Use Comments) (SA1): 27
most_recent.0.date: 2026-05-02
most_recent.0.descriptor: Sewer Backup (Use Comments) (SA)
most_recent.0.address: 2830 WEST   36 STREET
most_recent.1.date: 2026-04-25
most_recent.1.descriptor: Catch Basin Clogged/Flooding (Use Comments) (SC)
most_recent.1.address: None
most_recent.2.date: 2026-04-24
most_recent.2.descriptor: Sewer Backup (Use Comments) (SA)
most_recent.2.address: 2803 WEST   16 STREET
most_recent.3.date: 2026-04-18
most_recent.3.descriptor: Sewer Backup (Use Comments) (SA)
most_recent.3.address: 2830 WEST   36 STREET
most_recent.4.date: 2026-03-30
most_recent.4.descriptor: Catch Basin Clogged/Flooding (Use Comments) (SC)
most_recent.4.address: None",b0032,place,0
b0033_none,2026-05-06/baseline/q09-mta-coney-vs-brighton,dep_moderate_2050_nta,"Under a moderate stormwater scenario in 2050 with projected sea level rise, 7.8% of the neighborhood is modeled to be flooded, with 3.1% in the nuisance band (>4 in to 1 ft), 0.4% in the 1‑4 ft band, and 4.3% in the >4 ft band .","scenario: dep_moderate_2050
label: DEP Moderate Stormwater (2.13 in/hr, 2050 SLR)
fraction_any: 0.0776 (7.8 %, 8 %)
fraction_class.1: 0.0313 (3.1 %, 3 %)
fraction_class.2: 0.0035 (0.4 %, 0 %)
fraction_class.3: 0.0428 (4.3 %, 4 %)
polygon_area_m2: 4421167.4",b0033,none,1
b0033_doc_swap,2026-05-06/baseline/q09-mta-coney-vs-brighton,fema_nfhl,"Under a moderate stormwater scenario in 2050 with projected sea level rise, 7.8% of the neighborhood is modeled to be flooded, with 3.1% in the nuisance band (>4 in to 1 ft), 0.4% in the 1‑4 ft band, and 4.3% in the >4 ft band .","fld_zone: X
zone_subty: AREA OF MINIMAL FLOOD HAZARD
sfha: False
firm_panel: 3604970233F
effective_year: 2007
narrative: This address sits in FEMA flood zone X, per NFHL FIRM panel 3604970233F, effective 2007.",b0033,doc_swap,0
b0033_number,2026-05-06/baseline/q09-mta-coney-vs-brighton,dep_moderate_2050_nta,"Under a moderate stormwater scenario in 4100 with projected sea level rise, 7.8% of the neighborhood is modeled to be flooded, with 3.1% in the nuisance band (>4 in to 1 ft), 0.4% in the 1‑4 ft band, and 4.3% in the >4 ft band .","scenario: dep_moderate_2050
label: DEP Moderate Stormwater (2.13 in/hr, 2050 SLR)
fraction_any: 0.0776 (7.8 %, 8 %)
fraction_class.1: 0.0313 (3.1 %, 3 %)
fraction_class.2: 0.0035 (0.4 %, 0 %)
fraction_class.3: 0.0428 (4.3 %, 4 %)
polygon_area_m2: 4421167.4",b0033,number,0
b0034_none,2026-05-06/baseline/q09-mta-coney-vs-brighton,dep_extreme_2080_nta,"For a more extreme scenario in 2080 with higher sea level rise, 44.2% of the neighborhood is projected to be flooded, comprising 4.7% in the nuisance band, 1.2% in the 1‑4 ft band, and 38.4% in the >4 ft band .","scenario: dep_extreme_2080
label: DEP Extreme Stormwater (3.66 in/hr, 2080 SLR)
fraction_any: 0.4425 (44.2 %, 44 %)
fraction_class.1: 0.0473 (4.7 %, 5 %)
fraction_class.2: 0.0116 (1.2 %, 1 %)
fraction_class.3: 0.3836 (38.4 %, 38 %)
polygon_area_m2: 4421167.4",b0034,none,1
b0034_doc_swap,2026-05-06/baseline/q09-mta-coney-vs-brighton,dep_moderate_2050_nta,"For a more extreme scenario in 2080 with higher sea level rise, 44.2% of the neighborhood is projected to be flooded, comprising 4.7% in the nuisance band, 1.2% in the 1‑4 ft band, and 38.4% in the >4 ft band .","scenario: dep_moderate_2050
label: DEP Moderate Stormwater (2.13 in/hr, 2050 SLR)
fraction_any: 0.0392 (3.9 %, 4 %)
fraction_class.1: 0.02 (2.0 %, 2 %)
fraction_class.2: 0.0102 (1.0 %, 1 %)
fraction_class.3: 0.009 (0.9 %, 1 %)
polygon_area_m2: 5649571.1",b0034,doc_swap,0
b0034_number,2026-05-06/baseline/q09-mta-coney-vs-brighton,dep_extreme_2080_nta,"For a more extreme scenario in 2080 with higher sea level rise, 44.2% of the neighborhood is projected to be flooded, comprising 4.7% in the nuisance band, 1.2% in the 1‑4 ft band, and 57.6% in the >4 ft band .","scenario: dep_extreme_2080
label: DEP Extreme Stormwater (3.66 in/hr, 2080 SLR)
fraction_any: 0.4425 (44.2 %, 44 %)
fraction_class.1: 0.0473 (4.7 %, 5 %)
fraction_class.2: 0.0116 (1.2 %, 1 %)
fraction_class.3: 0.3836 (38.4 %, 38 %)
polygon_area_m2: 4421167.4",b0034,number,0
b0034_direction,2026-05-06/baseline/q09-mta-coney-vs-brighton,dep_extreme_2080_nta,"For a fewer extreme scenario in 2080 with higher sea level rise, 44.2% of the neighborhood is projected to be flooded, comprising 4.7% in the nuisance band, 1.2% in the 1‑4 ft band, and 38.4% in the >4 ft band .","scenario: dep_extreme_2080
label: DEP Extreme Stormwater (3.66 in/hr, 2080 SLR)
fraction_any: 0.4425 (44.2 %, 44 %)
fraction_class.1: 0.0473 (4.7 %, 5 %)
fraction_class.2: 0.0116 (1.2 %, 1 %)
fraction_class.3: 0.3836 (38.4 %, 38 %)
polygon_area_m2: 4421167.4",b0034,direction,0
b0035_none,2026-05-06/baseline/q10-planner-redhook,nyc311_nta,"Over the past three years, there have been 522 flood-related service requests logged in NYC 311, with the top descriptors being Sewer Backup (196 incidents) and Catch Basin Clogged/Flooding (156 incidents) .","n: 522
radius_m: None
years: 3
by_year.2023: 208
by_year.2024: 137
by_year.2025: 115
by_year.2026: 62
by_descriptor.Sewer Backup (Use Comments) (SA): 196
by_descriptor.Catch Basin Clogged/Flooding (Use Comments) (SC): 156
by_descriptor.Street Flooding (SJ): 89
by_descriptor.Manhole Overflow (Use Comments) (SA1): 56
by_descriptor.Flooding on Street: 25
most_recent.0.date: 2026-05-03
most_recent.0.descriptor: Manhole Overflow (Use Comments) (SA1)
most_recent.0.address: None
most_recent.1.date: 2026-05-03
most_recent.1.descriptor: Manhole Overflow (Use Comments) (SA1)
most_recent.1.address: None
most_recent.2.date: 2026-05-02
most_recent.2.descriptor: Manhole Overflow (Use Comments) (SA1)
most_recent.2.address: None
most_recent.3.date: 2026-05-01
most_recent.3.descriptor: Catch Basin Clogged/Flooding (Use Comments) (SC)
most_recent.3.address: None
most_recent.4.date: 2026-05-01
most_recent.4.descriptor: Manhole Overflow (Use Comments) (SA1)
most_recent.4.address: None",b0035,none,1
b0035_doc_swap,2026-05-06/baseline/q10-planner-redhook,microtopo_nta,"Over the past three years, there have been 522 flood-related service requests logged in NYC 311, with the top descriptors being Sewer Backup (196 incidents) and Catch Basin Clogged/Flooding (156 incidents) .","n_cells: 1701
elev_min_m: 0.0
elev_median_m: 7.09
elev_p10_m: 1.45
elev_max_m: 13.01
hand_median_m: 6.36
twi_median: 8.44
frac_hand_lt1: 0.0741 (7.4 %, 7 %)
frac_twi_gt10: 0.1952 (19.5 %, 20 %)",b0035,doc_swap,0
b0035_number,2026-05-06/baseline/q10-planner-redhook,nyc311_nta,"Over the past three years, there have been 522 flood-related service requests logged in NYC 311, with the top descriptors being Sewer Backup (588 incidents) and Catch Basin Clogged/Flooding (156 incidents) .","n: 522
radius_m: None
years: 3
by_year.2023: 208
by_year.2024: 137
by_year.2025: 115
by_year.2026: 62
by_descriptor.Sewer Backup (Use Comments) (SA): 196
by_descriptor.Catch Basin Clogged/Flooding (Use Comments) (SC): 156
by_descriptor.Street Flooding (SJ): 89
by_descriptor.Manhole Overflow (Use Comments) (SA1): 56
by_descriptor.Flooding on Street: 25
most_recent.0.date: 2026-05-03
most_recent.0.descriptor: Manhole Overflow (Use Comments) (SA1)
most_recent.0.address: None
most_recent.1.date: 2026-05-03
most_recent.1.descriptor: Manhole Overflow (Use Comments) (SA1)
most_recent.1.address: None
most_recent.2.date: 2026-05-02
most_recent.2.descriptor: Manhole Overflow (Use Comments) (SA1)
most_recent.2.address: None
most_recent.3.date: 2026-05-01
most_recent.3.descriptor: Catch Basin Clogged/Flooding (Use Comments) (SC)
most_recent.3.address: None
most_recent.4.date: 2026-05-01
most_recent.4.descriptor: Manhole Overflow (Use Comments) (SA1)
most_recent.4.address: None",b0035,number,0
b0036_none,2026-05-06/baseline/q10-planner-redhook,dep_moderate_2050_nta,"Under a moderate stormwater scenario for 2050 with projected sea-level rise, 3.9% of the neighborhood is modeled to be flooded .","scenario: dep_moderate_2050
label: DEP Moderate Stormwater (2.13 in/hr, 2050 SLR)
fraction_any: 0.0392 (3.9 %, 4 %)
fraction_class.1: 0.02 (2.0 %, 2 %)
fraction_class.2: 0.0102 (1.0 %, 1 %)
fraction_class.3: 0.009 (0.9 %, 1 %)
polygon_area_m2: 5649571.1",b0036,none,1
b0036_doc_swap,2026-05-06/baseline/q10-planner-redhook,microtopo,"Under a moderate stormwater scenario for 2050 with projected sea-level rise, 3.9% of the neighborhood is modeled to be flooded .","Source: USGS 3DEP 30 m DEM (LiDAR-derived) via py3dep, with TWI and HAND derived using whitebox-workflows hydrology toolkit.
Point elevation at this address: 5.19 m above sea level.
Topographic position relative to surroundings: MID-SLOPE — neither a clear low point nor high ground.
Fraction of cells within 200 m radius that are LOWER in elevation than this address: 38.2%.
Fraction of cells within 750 m radius that are LOWER in elevation than this address: 56.6%.
Basin relief (max elevation in 750 m AOI minus address elevation): 13.06 m.
Height Above Nearest Drainage (HAND): 6.42 m. Interpretation: moderate (3-8 m) — typical urban-block elevation above drainage. HAND is the standard hydrology index for vertical distance from a cell to the nearest channel; used by USGS, USACE, and InfoWorks ICM.
Topographic Wetness Index (TWI): 9.52. Interpretation: moderate. TWI = ln(specific catchment area / tan slope) is the TOPMODEL framework's saturation propensity metric.",b0036,doc_swap,0
b0036_number,2026-05-06/baseline/q10-planner-redhook,dep_moderate_2050_nta,"Under a moderate stormwater scenario for 2050 with projected sea-level rise, 11.7% of the neighborhood is modeled to be flooded .","scenario: dep_moderate_2050
label: DEP Moderate Stormwater (2.13 in/hr, 2050 SLR)
fraction_any: 0.0392 (3.9 %, 4 %)
fraction_class.1: 0.02 (2.0 %, 2 %)
fraction_class.2: 0.0102 (1.0 %, 1 %)
fraction_class.3: 0.009 (0.9 %, 1 %)
polygon_area_m2: 5649571.1",b0036,number,0
b0037_none,2026-05-06/baseline/q10-planner-redhook,dep_moderate_current_nta,"In contrast, under current conditions with moderate stormwater (2.13 in/hr), only 1.6% is expected to flood .","scenario: dep_moderate_current
label: DEP Moderate Stormwater (2.13 in/hr, current SLR)
fraction_any: 0.0163 (1.6 %, 2 %)
fraction_class.1: 0.0123 (1.2 %, 1 %)
fraction_class.2: 0.004 (0.4 %, 0 %)
fraction_class.3: 0.0
polygon_area_m2: 5649571.1",b0037,none,1
b0037_doc_swap,2026-05-06/baseline/q10-planner-redhook,nyc311,"In contrast, under current conditions with moderate stormwater (2.13 in/hr), only 1.6% is expected to flood .","Source: NYC 311 service requests (Socrata erm2-nwe9, 2010-present).
311 flood-related complaints within 200 m, last 5 years: 19.
Top descriptors and counts: Catch Basin Clogged/Flooding (Use Comments) (SC): 14; Sewer Backup (Use Comments) (SA): 3; Street Flooding (SJ): 1; Flooding on Street: 1.
Per-year counts: 2021: 4, 2022: 5, 2023: 4, 2025: 6.",b0037,doc_swap,0
b0037_number,2026-05-06/baseline/q10-planner-redhook,dep_moderate_current_nta,"In contrast, under current conditions with moderate stormwater (2.13 in/hr), only 2.4% is expected to flood .","scenario: dep_moderate_current
label: DEP Moderate Stormwater (2.13 in/hr, current SLR)
fraction_any: 0.0163 (1.6 %, 2 %)
fraction_class.1: 0.0123 (1.2 %, 1 %)
fraction_class.2: 0.004 (0.4 %, 0 %)
fraction_class.3: 0.0
polygon_area_m2: 5649571.1",b0037,number,0
b0038_none,2026-05-06/baseline/q10-planner-redhook,microtopo_nta,"The terrain analysis shows a median elevation of 3.77 m and 5.8% of cells have HAND below 1 m, indicating proximity to drainage channels .","n_cells: 8948
elev_min_m: -2.13
elev_median_m: 3.77
elev_p10_m: 1.91
elev_max_m: 18.77
hand_median_m: 4.45
twi_median: 8.33
frac_hand_lt1: 0.0581 (5.8 %, 6 %)
frac_twi_gt10: 0.2326 (23.3 %, 23 %)",b0038,none,1
b0038_doc_swap,2026-05-06/baseline/q10-planner-redhook,prithvi_water,"The terrain analysis shows a median elevation of 3.77 m and 5.8% of cells have HAND below 1 m, indicating proximity to drainage channels .","nearest_distance_m: 5870.5
n_polygons_within_500m: 0
scene_id: pre HLS.S30.T18TWK.2021237T153809.v2.0 | post HLS.S30.T18TWK.2021245T154911.v2.0
scene_date: pre 2021-08-25, post 2021-09-02
headline_value: 0 within 500 m
subhead_text: surface water after Ida, experimental
narrative: Experimental: satellite-detected surface water about 14 hours after Hurricane Ida (Sentinel-2, 2021-09-02): 0 water polygons within 500 m of this address, nearest 5870.5 m away. Most are marsh, shoreline and park water; street and basement flooding had drained by then and is not visible in this layer.
raster_kind: prithvi
illustrative: False",b0038,doc_swap,0
b0038_number,2026-05-06/baseline/q10-planner-redhook,microtopo_nta,"The terrain analysis shows a median elevation of 5.66 m and 5.8% of cells have HAND below 1 m, indicating proximity to drainage channels .","n_cells: 8948
elev_min_m: -2.13
elev_median_m: 3.77
elev_p10_m: 1.91
elev_max_m: 18.77
hand_median_m: 4.45
twi_median: 8.33
frac_hand_lt1: 0.0581 (5.8 %, 6 %)
frac_twi_gt10: 0.2326 (23.3 %, 23 %)",b0038,number,0
b0038_direction,2026-05-06/baseline/q10-planner-redhook,microtopo_nta,"The terrain analysis shows a median elevation of 3.77 m and 5.8% of cells have HAND above 1 m, indicating proximity to drainage channels .","n_cells: 8948
elev_min_m: -2.13
elev_median_m: 3.77
elev_p10_m: 1.91
elev_max_m: 18.77
hand_median_m: 4.45
twi_median: 8.33
frac_hand_lt1: 0.0581 (5.8 %, 6 %)
frac_twi_gt10: 0.2326 (23.3 %, 23 %)",b0038,direction,0
b0039_none,2026-05-06/baseline/q12-planner-bpc-protected,nyc311_nta,"Over the past three years, NYC 311 recorded 145 flood-related complaints within this NTA, with the top descriptors being Catch Basin Clogged/Flooding (60) and Sewer Backup (39) .","n: 145
radius_m: None
years: 3
by_year.2023: 51
by_year.2024: 47
by_year.2025: 39
by_year.2026: 8
by_descriptor.Catch Basin Clogged/Flooding (Use Comments) (SC): 60
by_descriptor.Sewer Backup (Use Comments) (SA): 39
by_descriptor.Street Flooding (SJ): 28
by_descriptor.Manhole Overflow (Use Comments) (SA1): 18
most_recent.0.date: 2026-04-30
most_recent.0.descriptor: Street Flooding (SJ)
most_recent.0.address: None
most_recent.1.date: 2026-04-11
most_recent.1.descriptor: Sewer Backup (Use Comments) (SA)
most_recent.1.address: 62 WILLIAM STREET
most_recent.2.date: 2026-04-09
most_recent.2.descriptor: Sewer Backup (Use Comments) (SA)
most_recent.2.address: 200 BROADWAY
most_recent.3.date: 2026-04-06
most_recent.3.descriptor: Catch Basin Clogged/Flooding (Use Comments) (SC)
most_recent.3.address: 55 WATER STREET
most_recent.4.date: 2026-03-18
most_recent.4.descriptor: Street Flooding (SJ)
most_recent.4.address: 2 BROADWAY",b0039,none,1
b0039_doc_swap,2026-05-06/baseline/q12-planner-bpc-protected,sandy_nta,"Over the past three years, NYC 311 recorded 145 flood-related complaints within this NTA, with the top descriptors being Catch Basin Clogged/Flooding (60) and Sewer Backup (39) .","overlap_area_m2: 3870613.4
polygon_area_m2: 4421167.4
fraction: 0.8755 (87.5 %, 88 %)
inside: True",b0039,doc_swap,0
b0039_number,2026-05-06/baseline/q12-planner-bpc-protected,nyc311_nta,"Over the past three years, NYC 311 recorded 145 flood-related complaints within this NTA, with the top descriptors being Catch Basin Clogged/Flooding (60) and Sewer Backup (117) .","n: 145
radius_m: None
years: 3
by_year.2023: 51
by_year.2024: 47
by_year.2025: 39
by_year.2026: 8
by_descriptor.Catch Basin Clogged/Flooding (Use Comments) (SC): 60
by_descriptor.Sewer Backup (Use Comments) (SA): 39
by_descriptor.Street Flooding (SJ): 28
by_descriptor.Manhole Overflow (Use Comments) (SA1): 18
most_recent.0.date: 2026-04-30
most_recent.0.descriptor: Street Flooding (SJ)
most_recent.0.address: None
most_recent.1.date: 2026-04-11
most_recent.1.descriptor: Sewer Backup (Use Comments) (SA)
most_recent.1.address: 62 WILLIAM STREET
most_recent.2.date: 2026-04-09
most_recent.2.descriptor: Sewer Backup (Use Comments) (SA)
most_recent.2.address: 200 BROADWAY
most_recent.3.date: 2026-04-06
most_recent.3.descriptor: Catch Basin Clogged/Flooding (Use Comments) (SC)
most_recent.3.address: 55 WATER STREET
most_recent.4.date: 2026-03-18
most_recent.4.descriptor: Street Flooding (SJ)
most_recent.4.address: 2 BROADWAY",b0039,number,0
b0039_direction,2026-05-06/baseline/q12-planner-bpc-protected,nyc311_nta,"Over the past three years, NYC 311 recorded 145 flood-related complaints beyond this NTA, with the top descriptors being Catch Basin Clogged/Flooding (60) and Sewer Backup (39) .","n: 145
radius_m: None
years: 3
by_year.2023: 51
by_year.2024: 47
by_year.2025: 39
by_year.2026: 8
by_descriptor.Catch Basin Clogged/Flooding (Use Comments) (SC): 60
by_descriptor.Sewer Backup (Use Comments) (SA): 39
by_descriptor.Street Flooding (SJ): 28
by_descriptor.Manhole Overflow (Use Comments) (SA1): 18
most_recent.0.date: 2026-04-30
most_recent.0.descriptor: Street Flooding (SJ)
most_recent.0.address: None
most_recent.1.date: 2026-04-11
most_recent.1.descriptor: Sewer Backup (Use Comments) (SA)
most_recent.1.address: 62 WILLIAM STREET
most_recent.2.date: 2026-04-09
most_recent.2.descriptor: Sewer Backup (Use Comments) (SA)
most_recent.2.address: 200 BROADWAY
most_recent.3.date: 2026-04-06
most_recent.3.descriptor: Catch Basin Clogged/Flooding (Use Comments) (SC)
most_recent.3.address: 55 WATER STREET
most_recent.4.date: 2026-03-18
most_recent.4.descriptor: Street Flooding (SJ)
most_recent.4.address: 2 BROADWAY",b0039,direction,0
b0040_none,2026-05-06/baseline/q12-planner-bpc-protected,dep_moderate_2050_nta,"Under a moderate stormwater scenario in 2050 with projected sea level rise, 4.1% of the neighborhood is modeled to be flooded, with 2.3% at greater than 4 ft depth .","scenario: dep_moderate_2050
label: DEP Moderate Stormwater (2.13 in/hr, 2050 SLR)
fraction_any: 0.0413 (4.1 %, 4 %)
fraction_class.1: 0.0131 (1.3 %, 1 %)
fraction_class.2: 0.0054 (0.5 %, 1 %)
fraction_class.3: 0.0228 (2.3 %, 2 %)
polygon_area_m2: 1786222.2",b0040,none,1
b0040_doc_swap,2026-05-06/baseline/q12-planner-bpc-protected,noaa_tides,"Under a moderate stormwater scenario in 2050 with projected sea level rise, 4.1% of the neighborhood is modeled to be flooded, with 2.3% at greater than 4 ft depth .","Source: NOAA CO-OPS Tides & Currents API (api.tidesandcurrents.noaa.gov), 6-min cadence.
Nearest tide gauge: Sandy Hook, NJ (NOAA station 8531680, 19.2 km away).
Observation time (LST/LDT): 2026-09-26 14:54.
Current observed water level above MLLW: 3.07 ft.
Astronomical tide prediction at the same instant: 0.27 ft above MLLW.
Residual (observed minus predicted): 2.8 ft — elevated above prediction (positive residual is consistent with wind-driven setup or storm surge).
Note: this is real-time tidal context for nearby coastal water level. The address itself may be inland — the reading describes the bay/harbor level the gauge is in, not the address.",b0040,doc_swap,0
b0040_number,2026-05-06/baseline/q12-planner-bpc-protected,dep_moderate_2050_nta,"Under a moderate stormwater scenario in 2050 with projected sea level rise, 6.1% of the neighborhood is modeled to be flooded, with 2.3% at greater than 4 ft depth .","scenario: dep_moderate_2050
label: DEP Moderate Stormwater (2.13 in/hr, 2050 SLR)
fraction_any: 0.0413 (4.1 %, 4 %)
fraction_class.1: 0.0131 (1.3 %, 1 %)
fraction_class.2: 0.0054 (0.5 %, 1 %)
fraction_class.3: 0.0228 (2.3 %, 2 %)
polygon_area_m2: 1786222.2",b0040,number,0
b0041_none,2026-05-06/baseline/q12-planner-bpc-protected,dep_moderate_current_nta,"Currently, under present conditions, only 1.1% is flooded, primarily in the nuisance band .","scenario: dep_moderate_current
label: DEP Moderate Stormwater (2.13 in/hr, current SLR)
fraction_any: 0.0112 (1.1 %, 1 %)
fraction_class.1: 0.0093 (0.9 %, 1 %)
fraction_class.2: 0.0019 (0.2 %, 0 %)
fraction_class.3: 0.0
polygon_area_m2: 1786222.2",b0041,none,1
b0041_doc_swap,2026-05-06/baseline/q12-planner-bpc-protected,microtopo,"Currently, under present conditions, only 1.1% is flooded, primarily in the nuisance band .","Source: USGS 3DEP 30 m DEM (LiDAR-derived) via py3dep, with TWI and HAND derived using whitebox-workflows hydrology toolkit.
Point elevation at this address: 1.37 m above sea level.
Topographic position relative to surroundings: topographic LOW POINT — surface runoff in the 200 m neighbourhood routes toward this location.
Fraction of cells within 200 m radius that are LOWER in elevation than this address: 0.8%.
Fraction of cells within 750 m radius that are LOWER in elevation than this address: 23.8%.
Basin relief (max elevation in 750 m AOI minus address elevation): 13.27 m.
Height Above Nearest Drainage (HAND): 3.81 m. Interpretation: moderate (3-8 m) — typical urban-block elevation above drainage. HAND is the standard hydrology index for vertical distance from a cell to the nearest channel; used by USGS, USACE, and InfoWorks ICM.
Topographic Wetness Index (TWI): 14.79. Interpretation: very high — saturation-prone terrain. TWI = ln(specific catchment area / tan slope) is the TOPMODEL framework's saturation propensity metric.",b0041,doc_swap,0
b0041_number,2026-05-06/baseline/q12-planner-bpc-protected,dep_moderate_current_nta,"Currently, under present conditions, only 1.7% is flooded, primarily in the nuisance band .","scenario: dep_moderate_current
label: DEP Moderate Stormwater (2.13 in/hr, current SLR)
fraction_any: 0.0112 (1.1 %, 1 %)
fraction_class.1: 0.0093 (0.9 %, 1 %)
fraction_class.2: 0.0019 (0.2 %, 0 %)
fraction_class.3: 0.0
polygon_area_m2: 1786222.2",b0041,number,0
b0042_none,2026-05-06/baseline/q12-planner-bpc-protected,microtopo_nta,"The terrain analysis shows a median elevation of 3.63 m and 2.8% of cells with HAND below 1 m, indicating proximity to drainage paths .","n_cells: 2820
elev_min_m: -9.89
elev_median_m: 3.63
elev_p10_m: 1.67
elev_max_m: 12.86
hand_median_m: 4.88
twi_median: 7.94
frac_hand_lt1: 0.028 (2.8 %, 3 %)
frac_twi_gt10: 0.1628 (16.3 %, 16 %)",b0042,none,1
b0042_doc_swap,2026-05-06/baseline/q12-planner-bpc-protected,dep_moderate_2050_nta,"The terrain analysis shows a median elevation of 3.63 m and 2.8% of cells with HAND below 1 m, indicating proximity to drainage paths .","scenario: dep_moderate_2050
label: DEP Moderate Stormwater (2.13 in/hr, 2050 SLR)
fraction_any: 0.0272 (2.7 %, 3 %)
fraction_class.1: 0.0226 (2.3 %, 2 %)
fraction_class.2: 0.0046 (0.5 %, 0 %)
fraction_class.3: 0.0
polygon_area_m2: 1958843.2",b0042,doc_swap,0
b0042_number,2026-05-06/baseline/q12-planner-bpc-protected,microtopo_nta,"The terrain analysis shows a median elevation of 1.09 m and 2.8% of cells with HAND below 1 m, indicating proximity to drainage paths .","n_cells: 2820
elev_min_m: -9.89
elev_median_m: 3.63
elev_p10_m: 1.67
elev_max_m: 12.86
hand_median_m: 4.88
twi_median: 7.94
frac_hand_lt1: 0.028 (2.8 %, 3 %)
frac_twi_gt10: 0.1628 (16.3 %, 16 %)",b0042,number,0
b0042_direction,2026-05-06/baseline/q12-planner-bpc-protected,microtopo_nta,"The terrain analysis shows a median elevation of 3.63 m and 2.8% of cells with HAND above 1 m, indicating proximity to drainage paths .","n_cells: 2820
elev_min_m: -9.89
elev_median_m: 3.63
elev_p10_m: 1.67
elev_max_m: 12.86
hand_median_m: 4.88
twi_median: 7.94
frac_hand_lt1: 0.028 (2.8 %, 3 %)
frac_twi_gt10: 0.1628 (16.3 %, 16 %)",b0042,direction,0
b0043_none,2026-05-06/baseline/q13-grant-twobridges-cdbg,nyc311_nta,"Over the past three years, there have been 83 flood-related complaints logged in NYC 311, with the top descriptors being Catch Basin Clogged/Flooding (30) and Sewer Backup (30) .","n: 83
radius_m: None
years: 3
by_year.2023: 16
by_year.2024: 19
by_year.2025: 39
by_year.2026: 9
by_descriptor.Catch Basin Clogged/Flooding (Use Comments) (SC): 30
by_descriptor.Sewer Backup (Use Comments) (SA): 30
by_descriptor.Street Flooding (SJ): 13
by_descriptor.Manhole Overflow (Use Comments) (SA1): 8
by_descriptor.Flooding on Street: 2
most_recent.0.date: 2026-04-27
most_recent.0.descriptor: Catch Basin Clogged/Flooding (Use Comments) (SC)
most_recent.0.address: 291 GRAND STREET
most_recent.1.date: 2026-03-16
most_recent.1.descriptor: Catch Basin Clogged/Flooding (Use Comments) (SC)
most_recent.1.address: 291 GRAND STREET
most_recent.2.date: 2026-03-05
most_recent.2.descriptor: Street Flooding (SJ)
most_recent.2.address: 295 GRAND STREET
most_recent.3.date: 2026-02-28
most_recent.3.descriptor: Sewer Backup (Use Comments) (SA)
most_recent.3.address: 62 MONROE STREET
most_recent.4.date: 2026-02-23
most_recent.4.descriptor: Street Flooding (SJ)
most_recent.4.address: None",b0043,none,1
b0043_doc_swap,2026-05-06/baseline/q13-grant-twobridges-cdbg,nws_obs,"Over the past three years, there have been 83 flood-related complaints logged in NYC 311, with the top descriptors being Catch Basin Clogged/Flooding (30) and Sewer Backup (30) .","station_id: KLGA
station_name: LaGuardia Airport, NY
distance_km: 3.2
obs_time: 2026-09-26T18:40:00+00:00
temp_c: 17.0
precip_last_hour_mm: None
precip_last_3h_mm: None
precip_last_6h_mm: None
narrative: Latest METAR at LaGuardia Airport, NY (3.2 km away): 17.0°C (obs 2026-09-26T18:40).
error: None",b0043,doc_swap,0
b0043_number,2026-05-06/baseline/q13-grant-twobridges-cdbg,nyc311_nta,"Over the past three years, there have been 83 flood-related complaints logged in NYC 311, with the top descriptors being Catch Basin Clogged/Flooding (90) and Sewer Backup (30) .","n: 83
radius_m: None
years: 3
by_year.2023: 16
by_year.2024: 19
by_year.2025: 39
by_year.2026: 9
by_descriptor.Catch Basin Clogged/Flooding (Use Comments) (SC): 30
by_descriptor.Sewer Backup (Use Comments) (SA): 30
by_descriptor.Street Flooding (SJ): 13
by_descriptor.Manhole Overflow (Use Comments) (SA1): 8
by_descriptor.Flooding on Street: 2
most_recent.0.date: 2026-04-27
most_recent.0.descriptor: Catch Basin Clogged/Flooding (Use Comments) (SC)
most_recent.0.address: 291 GRAND STREET
most_recent.1.date: 2026-03-16
most_recent.1.descriptor: Catch Basin Clogged/Flooding (Use Comments) (SC)
most_recent.1.address: 291 GRAND STREET
most_recent.2.date: 2026-03-05
most_recent.2.descriptor: Street Flooding (SJ)
most_recent.2.address: 295 GRAND STREET
most_recent.3.date: 2026-02-28
most_recent.3.descriptor: Sewer Backup (Use Comments) (SA)
most_recent.3.address: 62 MONROE STREET
most_recent.4.date: 2026-02-23
most_recent.4.descriptor: Street Flooding (SJ)
most_recent.4.address: None",b0043,number,0
b0044_none,2026-05-06/baseline/q13-grant-twobridges-cdbg,dep_moderate_2050_nta,"Under a moderate stormwater scenario for 2050 with projected sea-level rise, 2.4% of Chinatown-Two Bridges is modeled to be flooded .","scenario: dep_moderate_2050
label: DEP Moderate Stormwater (2.13 in/hr, 2050 SLR)
fraction_any: 0.0242 (2.4 %, 2 %)
fraction_class.1: 0.0079 (0.8 %, 1 %)
fraction_class.2: 0.0035 (0.4 %, 0 %)
fraction_class.3: 0.0128 (1.3 %, 1 %)
polygon_area_m2: 1072229.6",b0044,none,1
b0044_doc_swap,2026-05-06/baseline/q13-grant-twobridges-cdbg,microtopo,"Under a moderate stormwater scenario for 2050 with projected sea-level rise, 2.4% of Chinatown-Two Bridges is modeled to be flooded .","Source: USGS 3DEP 30 m DEM (LiDAR-derived) via py3dep, with TWI and HAND derived using whitebox-workflows hydrology toolkit.
Point elevation at this address: 1.37 m above sea level.
Topographic position relative to surroundings: topographic LOW POINT — surface runoff in the 200 m neighbourhood routes toward this location.
Fraction of cells within 200 m radius that are LOWER in elevation than this address: 0.8%.
Fraction of cells within 750 m radius that are LOWER in elevation than this address: 23.8%.
Basin relief (max elevation in 750 m AOI minus address elevation): 13.27 m.
Height Above Nearest Drainage (HAND): 3.81 m. Interpretation: moderate (3-8 m) — typical urban-block elevation above drainage. HAND is the standard hydrology index for vertical distance from a cell to the nearest channel; used by USGS, USACE, and InfoWorks ICM.
Topographic Wetness Index (TWI): 14.79. Interpretation: very high — saturation-prone terrain. TWI = ln(specific catchment area / tan slope) is the TOPMODEL framework's saturation propensity metric.",b0044,doc_swap,0
b0044_number,2026-05-06/baseline/q13-grant-twobridges-cdbg,dep_moderate_2050_nta,"Under a moderate stormwater scenario for 2050 with projected sea-level rise, 7.2% of Chinatown-Two Bridges is modeled to be flooded .","scenario: dep_moderate_2050
label: DEP Moderate Stormwater (2.13 in/hr, 2050 SLR)
fraction_any: 0.0242 (2.4 %, 2 %)
fraction_class.1: 0.0079 (0.8 %, 1 %)
fraction_class.2: 0.0035 (0.4 %, 0 %)
fraction_class.3: 0.0128 (1.3 %, 1 %)
polygon_area_m2: 1072229.6",b0044,number,0
b0044_place,2026-05-06/baseline/q13-grant-twobridges-cdbg,dep_moderate_2050_nta,"Under a moderate stormwater scenario for 2050 with projected sea-level rise, 2.4% of Chinatown-Brooklyn is modeled to be flooded .","scenario: dep_moderate_2050
label: DEP Moderate Stormwater (2.13 in/hr, 2050 SLR)
fraction_any: 0.0242 (2.4 %, 2 %)
fraction_class.1: 0.0079 (0.8 %, 1 %)
fraction_class.2: 0.0035 (0.4 %, 0 %)
fraction_class.3: 0.0128 (1.3 %, 1 %)
polygon_area_m2: 1072229.6",b0044,place,0
b0045_none,2026-05-06/baseline/q13-grant-twobridges-cdbg,dep_moderate_current_nta,"Currently, under present conditions, only 0.6% is at risk .","scenario: dep_moderate_current
label: DEP Moderate Stormwater (2.13 in/hr, current SLR)
fraction_any: 0.0059 (0.6 %, 1 %)
fraction_class.1: 0.0051 (0.5 %, 1 %)
fraction_class.2: 0.0008 (0.1 %, 0 %)
fraction_class.3: 0.0
polygon_area_m2: 1072229.6",b0045,none,1
b0045_doc_swap,2026-05-06/baseline/q13-grant-twobridges-cdbg,npcc4_slr,"Currently, under present conditions, only 0.6% is at risk .","Source: New York City Panel on Climate Change 4th Assessment (NPCC4 2024), Chapter 3 — Sea Level Rise, Table 3.2. Published by the New York Academy of Sciences. Reference gauge: NOAA Battery (8518750), baseline 2000–2004.
Sea-level rise projections for the Battery Tide Gauge (primary NYC harbor reference), inches above 2000–2004 baseline:
2050 — Low (10th pct): 8 in (0.2 m); Mid (50th): 15 in (0.38 m); High (90th): 29 in (0.74 m); Extreme (99th): 40 in (1.02 m).
2100 — Low (10th pct): 13 in (0.33 m); Mid (50th): 31 in (0.79 m); High (90th): 65 in (1.65 m); Extreme (99th): 96 in (2.44 m).
INTERPRETATION: these are harbor-wide projections, not site-specific inundation depths. Local exposure depends on elevation, distance to waterfront, and storm-surge coupling. Use the DEP stormwater and Sandy layers for site-specific flood-zone assignment.",b0045,doc_swap,0
b0045_number,2026-05-06/baseline/q13-grant-twobridges-cdbg,dep_moderate_current_nta,"Currently, under present conditions, only 1.2% is at risk .","scenario: dep_moderate_current
label: DEP Moderate Stormwater (2.13 in/hr, current SLR)
fraction_any: 0.0059 (0.6 %, 1 %)
fraction_class.1: 0.0051 (0.5 %, 1 %)
fraction_class.2: 0.0008 (0.1 %, 0 %)
fraction_class.3: 0.0
polygon_area_m2: 1072229.6",b0045,number,0
b0046_none,2026-05-06/baseline/q13-grant-twobridges-cdbg,microtopo_nta,"The neighborhood's terrain shows a median elevation of 7.09 m and a median HAND (Height Above Nearest Drainage) of 6.36 m, with 7.4% of cells having HAND below 1 m, indicating proximity to drainage channels .","n_cells: 1701
elev_min_m: 0.0
elev_median_m: 7.09
elev_p10_m: 1.45
elev_max_m: 13.01
hand_median_m: 6.36
twi_median: 8.44
frac_hand_lt1: 0.0741 (7.4 %, 7 %)
frac_twi_gt10: 0.1952 (19.5 %, 20 %)",b0046,none,1
b0046_doc_swap,2026-05-06/baseline/q13-grant-twobridges-cdbg,dep_moderate_current_nta,"The neighborhood's terrain shows a median elevation of 7.09 m and a median HAND (Height Above Nearest Drainage) of 6.36 m, with 7.4% of cells having HAND below 1 m, indicating proximity to drainage channels .","scenario: dep_moderate_current
label: DEP Moderate Stormwater (2.13 in/hr, current SLR)
fraction_any: 0.0432 (4.3 %, 4 %)
fraction_class.1: 0.0192 (1.9 %, 2 %)
fraction_class.2: 0.024 (2.4 %, 2 %)
fraction_class.3: 0.0
polygon_area_m2: 2273263.1",b0046,doc_swap,0
b0046_number,2026-05-06/baseline/q13-grant-twobridges-cdbg,microtopo_nta,"The neighborhood's terrain shows a median elevation of 21.27 m and a median HAND (Height Above Nearest Drainage) of 6.36 m, with 7.4% of cells having HAND below 1 m, indicating proximity to drainage channels .","n_cells: 1701
elev_min_m: 0.0
elev_median_m: 7.09
elev_p10_m: 1.45
elev_max_m: 13.01
hand_median_m: 6.36
twi_median: 8.44
frac_hand_lt1: 0.0741 (7.4 %, 7 %)
frac_twi_gt10: 0.1952 (19.5 %, 20 %)",b0046,number,0
b0046_direction,2026-05-06/baseline/q13-grant-twobridges-cdbg,microtopo_nta,"The neighborhood's terrain shows a median elevation of 7.09 m and a median HAND (Height Above Nearest Drainage) of 6.36 m, with 7.4% of cells having HAND above 1 m, indicating proximity to drainage channels .","n_cells: 1701
elev_min_m: 0.0
elev_median_m: 7.09
elev_p10_m: 1.45
elev_max_m: 13.01
hand_median_m: 6.36
twi_median: 8.44
frac_hand_lt1: 0.0741 (7.4 %, 7 %)
frac_twi_gt10: 0.1952 (19.5 %, 20 %)",b0046,direction,0
b0047_none,2026-05-06/baseline/q17-compare-pioneer-grand,sandy,"Hurricane Sandy directly flooded the location on October 29‑30, 2012, as confirmed by the empirical inundation zone .","Source: NYC Sandy Inundation Zone (NYC OpenData 5xsi-dfpx, empirical extent of areas flooded by Hurricane Sandy in 2012).
FACT: The address is LOCATED WITHIN this empirical 2012 inundation extent.
INTERPRETATION: Hurricane Sandy did flood this address (or this immediate parcel) on October 29-30, 2012. This is a historical fact, not a model prediction.
Do not state the opposite. The address is inside the Sandy inundation zone.",b0047,none,1
b0047_doc_swap,2026-05-06/baseline/q17-compare-pioneer-grand,dep_moderate_current_nta,"Hurricane Sandy directly flooded the location on October 29‑30, 2012, as confirmed by the empirical inundation zone .","scenario: dep_moderate_current
label: DEP Moderate Stormwater (2.13 in/hr, current SLR)
fraction_any: 0.0112 (1.1 %, 1 %)
fraction_class.1: 0.0093 (0.9 %, 1 %)
fraction_class.2: 0.0019 (0.2 %, 0 %)
fraction_class.3: 0.0
polygon_area_m2: 1786222.2",b0047,doc_swap,0
b0047_number,2026-05-06/baseline/q17-compare-pioneer-grand,sandy,"Hurricane Sandy directly flooded the location on October 58‑30, 2012, as confirmed by the empirical inundation zone .","Source: NYC Sandy Inundation Zone (NYC OpenData 5xsi-dfpx, empirical extent of areas flooded by Hurricane Sandy in 2012).
FACT: The address is LOCATED WITHIN this empirical 2012 inundation extent.
INTERPRETATION: Hurricane Sandy did flood this address (or this immediate parcel) on October 29-30, 2012. This is a historical fact, not a model prediction.
Do not state the opposite. The address is inside the Sandy inundation zone.",b0047,number,0
b0048_none,2026-05-06/baseline/q17-compare-pioneer-grand,nyc311,"Within a 200 m radius, there have been 65 flood-related 311 complaints over the past five years, with notable categories including clogged catch basins and sewer backups .","Source: NYC 311 service requests (Socrata erm2-nwe9, 2010-present).
311 flood-related complaints within 200 m, last 5 years: 65.
Top descriptors and counts: Catch Basin Clogged/Flooding (Use Comments) (SC): 24; Sewer Backup (Use Comments) (SA): 22; Street Flooding (SJ): 18; Flooding on Street: 1.
Per-year counts: 2021: 6, 2022: 14, 2023: 27, 2024: 10, 2025: 8.",b0048,none,1
b0048_doc_swap,2026-05-06/baseline/q17-compare-pioneer-grand,dep_moderate_2050_nta,"Within a 200 m radius, there have been 65 flood-related 311 complaints over the past five years, with notable categories including clogged catch basins and sewer backups .","scenario: dep_moderate_2050
label: DEP Moderate Stormwater (2.13 in/hr, 2050 SLR)
fraction_any: 0.1704 (17.0 %, 17 %)
fraction_class.1: 0.0196 (2.0 %, 2 %)
fraction_class.2: 0.0045 (0.4 %, 0 %)
fraction_class.3: 0.1463 (14.6 %, 15 %)
polygon_area_m2: 4691834.0",b0048,doc_swap,0
b0048_number,2026-05-06/baseline/q17-compare-pioneer-grand,nyc311,"Within a 200 m radius, there have been 195 flood-related 311 complaints over the past five years, with notable categories including clogged catch basins and sewer backups .","Source: NYC 311 service requests (Socrata erm2-nwe9, 2010-present).
311 flood-related complaints within 200 m, last 5 years: 65.
Top descriptors and counts: Catch Basin Clogged/Flooding (Use Comments) (SC): 24; Sewer Backup (Use Comments) (SA): 22; Street Flooding (SJ): 18; Flooding on Street: 1.
Per-year counts: 2021: 6, 2022: 14, 2023: 27, 2024: 10, 2025: 8.",b0048,number,0
b0049_none,2026-05-06/baseline/q17-compare-pioneer-grand,floodnet,"Additionally, two of four FloodNet sensors within 600 m recorded labeled flood events in the last three years, totaling four flood incidents, peaking at 51 mm depth on October 30 2025 near the sensor ""openly_driven_tarpon"" .","Source: FloodNet NYC ultrasonic depth sensor network (api.floodnet.nyc).
Sensors within 600 m: 4.
Sensors with labeled flood events in last 3 years: 2.
Total flood events at those sensors: 4.
Peak event: 51 mm depth at sensor openly_driven_tarpon starting 2025-10-30.",b0049,none,1
b0049_doc_swap,2026-05-06/baseline/q17-compare-pioneer-grand,microtopo_nta,"Additionally, two of four FloodNet sensors within 600 m recorded labeled flood events in the last three years, totaling four flood incidents, peaking at 51 mm depth on October 30 2025 near the sensor ""openly_driven_tarpon"" .","n_cells: 3601
elev_min_m: 14.38
elev_median_m: 18.47
elev_p10_m: 16.45
elev_max_m: 28.54
hand_median_m: 2.7
twi_median: 8.83
frac_hand_lt1: 0.2497 (25.0 %, 25 %)
frac_twi_gt10: 0.2821 (28.2 %, 28 %)",b0049,doc_swap,0
b0049_number,2026-05-06/baseline/q17-compare-pioneer-grand,floodnet,"Additionally, two of four FloodNet sensors within 600 m recorded labeled flood events in the last three years, totaling four flood incidents, peaking at 51 mm depth on October 30 6075 near the sensor ""openly_driven_tarpon"" .","Source: FloodNet NYC ultrasonic depth sensor network (api.floodnet.nyc).
Sensors within 600 m: 4.
Sensors with labeled flood events in last 3 years: 2.
Total flood events at those sensors: 4.
Peak event: 51 mm depth at sensor openly_driven_tarpon starting 2025-10-30.",b0049,number,0
b0049_direction,2026-05-06/baseline/q17-compare-pioneer-grand,floodnet,"Additionally, two of four FloodNet sensors beyond 600 m recorded labeled flood events in the last three years, totaling four flood incidents, peaking at 51 mm depth on October 30 2025 near the sensor ""openly_driven_tarpon"" .","Source: FloodNet NYC ultrasonic depth sensor network (api.floodnet.nyc).
Sensors within 600 m: 4.
Sensors with labeled flood events in last 3 years: 2.
Total flood events at those sensors: 4.
Peak event: 51 mm depth at sensor openly_driven_tarpon starting 2025-10-30.",b0049,direction,0
b0050_none,2026-05-06/baseline/q17-compare-pioneer-grand,microtopo,"The Topographic Wetness Index (TWI = 14.79) further confirms high saturation propensity, and the Height Above Nearest Drainage (HAND = 3.81 m) indicates moderate urban‑block elevation above drainage .","Source: USGS 3DEP 30 m DEM (LiDAR-derived) via py3dep, with TWI and HAND derived using whitebox-workflows hydrology toolkit.
Point elevation at this address: 1.37 m above sea level.
Topographic position relative to surroundings: topographic LOW POINT — surface runoff in the 200 m neighbourhood routes toward this location.
Fraction of cells within 200 m radius that are LOWER in elevation than this address: 0.8%.
Fraction of cells within 750 m radius that are LOWER in elevation than this address: 23.8%.
Basin relief (max elevation in 750 m AOI minus address elevation): 13.27 m.
Height Above Nearest Drainage (HAND): 3.81 m. Interpretation: moderate (3-8 m) — typical urban-block elevation above drainage. HAND is the standard hydrology index for vertical distance from a cell to the nearest channel; used by USGS, USACE, and InfoWorks ICM.
Topographic Wetness Index (TWI): 14.79. Interpretation: very high — saturation-prone terrain. TWI = ln(specific catchment area / tan slope) is the TOPMODEL framework's saturation propensity metric.",b0050,none,1
b0050_doc_swap,2026-05-06/baseline/q17-compare-pioneer-grand,nyc311_nta,"The Topographic Wetness Index (TWI = 14.79) further confirms high saturation propensity, and the Height Above Nearest Drainage (HAND = 3.81 m) indicates moderate urban‑block elevation above drainage .","n: 800
radius_m: None
years: 3
by_year.2023: 211
by_year.2024: 309
by_year.2025: 197
by_year.2026: 83
by_descriptor.Sewer Backup (Use Comments) (SA): 327
by_descriptor.Catch Basin Clogged/Flooding (Use Comments) (SC): 222
by_descriptor.Street Flooding (SJ): 197
by_descriptor.Manhole Overflow (Use Comments) (SA1): 43
by_descriptor.Flooding on Street: 11
most_recent.0.date: 2026-05-04
most_recent.0.descriptor: Street Flooding (SJ)
most_recent.0.address: 643 B   67 STREET
most_recent.1.date: 2026-05-03
most_recent.1.descriptor: Sewer Backup (Use Comments) (SA)
most_recent.1.address: 236 BEACH   87 STREET
most_recent.2.date: 2026-05-02
most_recent.2.descriptor: Sewer Backup (Use Comments) (SA)
most_recent.2.address: 69-41 HESSLER AVENUE
most_recent.3.date: 2026-05-02
most_recent.3.descriptor: Street Flooding (SJ)
most_recent.3.address: 161 BEACH   62 STREET
most_recent.4.date: 2026-05-01
most_recent.4.descriptor: Manhole Overflow (Use Comments) (SA1)
most_recent.4.address: 236 BEACH   87 STREET",b0050,doc_swap,0
b0050_number,2026-05-06/baseline/q17-compare-pioneer-grand,microtopo,"The Topographic Wetness Index (TWI = 4.44) further confirms high saturation propensity, and the Height Above Nearest Drainage (HAND = 3.81 m) indicates moderate urban‑block elevation above drainage .","Source: USGS 3DEP 30 m DEM (LiDAR-derived) via py3dep, with TWI and HAND derived using whitebox-workflows hydrology toolkit.
Point elevation at this address: 1.37 m above sea level.
Topographic position relative to surroundings: topographic LOW POINT — surface runoff in the 200 m neighbourhood routes toward this location.
Fraction of cells within 200 m radius that are LOWER in elevation than this address: 0.8%.
Fraction of cells within 750 m radius that are LOWER in elevation than this address: 23.8%.
Basin relief (max elevation in 750 m AOI minus address elevation): 13.27 m.
Height Above Nearest Drainage (HAND): 3.81 m. Interpretation: moderate (3-8 m) — typical urban-block elevation above drainage. HAND is the standard hydrology index for vertical distance from a cell to the nearest channel; used by USGS, USACE, and InfoWorks ICM.
Topographic Wetness Index (TWI): 14.79. Interpretation: very high — saturation-prone terrain. TWI = ln(specific catchment area / tan slope) is the TOPMODEL framework's saturation propensity metric.",b0050,number,0
b0050_direction,2026-05-06/baseline/q17-compare-pioneer-grand,microtopo,"The Topographic Wetness Index (TWI = 14.79) further confirms high saturation propensity, and the Height Above Nearest Drainage (HAND = 3.81 m) indicates moderate urban‑block elevation below drainage .","Source: USGS 3DEP 30 m DEM (LiDAR-derived) via py3dep, with TWI and HAND derived using whitebox-workflows hydrology toolkit.
Point elevation at this address: 1.37 m above sea level.
Topographic position relative to surroundings: topographic LOW POINT — surface runoff in the 200 m neighbourhood routes toward this location.
Fraction of cells within 200 m radius that are LOWER in elevation than this address: 0.8%.
Fraction of cells within 750 m radius that are LOWER in elevation than this address: 23.8%.
Basin relief (max elevation in 750 m AOI minus address elevation): 13.27 m.
Height Above Nearest Drainage (HAND): 3.81 m. Interpretation: moderate (3-8 m) — typical urban-block elevation above drainage. HAND is the standard hydrology index for vertical distance from a cell to the nearest channel; used by USGS, USACE, and InfoWorks ICM.
Topographic Wetness Index (TWI): 14.79. Interpretation: very high — saturation-prone terrain. TWI = ln(specific catchment area / tan slope) is the TOPMODEL framework's saturation propensity metric.",b0050,direction,0
b0051_none,2026-05-06/baseline/q17-compare-pioneer-grand,ttm_forecast,"The NOAA tide gauge at The Battery, 2.5 km from the address, recorded a residual of 0.17 ft relative to astronomical predictions, suggesting minimal wind-driven surge impact at this moment .","Source: Granite TimeSeries TTM r2 (Ekambaram et al. 2024, NeurIPS) — ibm-granite/granite-timeseries-ttm-r2 via granite-tsfm. Zero-shot forecast of the surge residual (observed minus astronomical tide) at the Battery, NY (NOAA station 8518750). 6-min cadence, ~51 h context, ~9.6 h horizon..
Gauge: The Battery, NY (NOAA 8518750, 2.5 km from address — closest of Battery / Kings Point / Sandy Hook).
Context window: 512 samples (~51.2 h of 6-min residual).
Forecast horizon: 96 samples (~9.6 h ahead).
Recent residual: 0.17 ft (residual = observed water level minus astronomical prediction).
Recent peak |residual| in context: 0.47 ft.
Forecast peak residual: 0.18 ft, expected 6 minutes from now (at 2026-05-06T06:23Z UTC).
INTERPRETATION: positive residual is a wind-driven setup or storm-surge component on top of the tide; the model predicts the non-tidal part NOAA's astronomical predictor does not cover.",b0051,none,1
b0051_doc_swap,2026-05-06/baseline/q17-compare-pioneer-grand,dep_moderate_2050_nta,"The NOAA tide gauge at The Battery, 2.5 km from the address, recorded a residual of 0.17 ft relative to astronomical predictions, suggesting minimal wind-driven surge impact at this moment .","scenario: dep_moderate_2050
label: DEP Moderate Stormwater (2.13 in/hr, 2050 SLR)
fraction_any: 0.0776 (7.8 %, 8 %)
fraction_class.1: 0.0313 (3.1 %, 3 %)
fraction_class.2: 0.0035 (0.4 %, 0 %)
fraction_class.3: 0.0428 (4.3 %, 4 %)
polygon_area_m2: 4421167.4",b0051,doc_swap,0
b0051_number,2026-05-06/baseline/q17-compare-pioneer-grand,ttm_forecast,"The NOAA tide gauge at The Battery, 2.5 km from the address, recorded a residual of 0.51 ft relative to astronomical predictions, suggesting minimal wind-driven surge impact at this moment .","Source: Granite TimeSeries TTM r2 (Ekambaram et al. 2024, NeurIPS) — ibm-granite/granite-timeseries-ttm-r2 via granite-tsfm. Zero-shot forecast of the surge residual (observed minus astronomical tide) at the Battery, NY (NOAA station 8518750). 6-min cadence, ~51 h context, ~9.6 h horizon..
Gauge: The Battery, NY (NOAA 8518750, 2.5 km from address — closest of Battery / Kings Point / Sandy Hook).
Context window: 512 samples (~51.2 h of 6-min residual).
Forecast horizon: 96 samples (~9.6 h ahead).
Recent residual: 0.17 ft (residual = observed water level minus astronomical prediction).
Recent peak |residual| in context: 0.47 ft.
Forecast peak residual: 0.18 ft, expected 6 minutes from now (at 2026-05-06T06:23Z UTC).
INTERPRETATION: positive residual is a wind-driven setup or storm-surge component on top of the tide; the model predicts the non-tidal part NOAA's astronomical predictor does not cover.",b0051,number,0
b0051_place,2026-05-06/baseline/q17-compare-pioneer-grand,ttm_forecast,"The NOAA tide gauge at Coney Island, 2.5 km from the address, recorded a residual of 0.17 ft relative to astronomical predictions, suggesting minimal wind-driven surge impact at this moment .","Source: Granite TimeSeries TTM r2 (Ekambaram et al. 2024, NeurIPS) — ibm-granite/granite-timeseries-ttm-r2 via granite-tsfm. Zero-shot forecast of the surge residual (observed minus astronomical tide) at the Battery, NY (NOAA station 8518750). 6-min cadence, ~51 h context, ~9.6 h horizon..
Gauge: The Battery, NY (NOAA 8518750, 2.5 km from address — closest of Battery / Kings Point / Sandy Hook).
Context window: 512 samples (~51.2 h of 6-min residual).
Forecast horizon: 96 samples (~9.6 h ahead).
Recent residual: 0.17 ft (residual = observed water level minus astronomical prediction).
Recent peak |residual| in context: 0.47 ft.
Forecast peak residual: 0.18 ft, expected 6 minutes from now (at 2026-05-06T06:23Z UTC).
INTERPRETATION: positive residual is a wind-driven setup or storm-surge component on top of the tide; the model predicts the non-tidal part NOAA's astronomical predictor does not cover.",b0051,place,0
b0052_none,2026-05-06/baseline/q20-control-astoria,nyc311_nta,"In the last three years, Astoria (Central) recorded 198 flood‑related complaints via NYC 311, dominated by Sewer Backup (Use Comments) (89) and Catch Basin Clogged/Flooding (Use Comments) (70) .","n: 198
radius_m: None
years: 3
by_year.2023: 41
by_year.2024: 49
by_year.2025: 89
by_year.2026: 19
by_descriptor.Sewer Backup (Use Comments) (SA): 89
by_descriptor.Catch Basin Clogged/Flooding (Use Comments) (SC): 70
by_descriptor.Street Flooding (SJ): 29
by_descriptor.Manhole Overflow (Use Comments) (SA1): 10
most_recent.0.date: 2026-04-27
most_recent.0.descriptor: Catch Basin Clogged/Flooding (Use Comments) (SC)
most_recent.0.address: None
most_recent.1.date: 2026-04-25
most_recent.1.descriptor: Catch Basin Clogged/Flooding (Use Comments) (SC)
most_recent.1.address: 32-24 30 AVENUE
most_recent.2.date: 2026-04-14
most_recent.2.descriptor: Sewer Backup (Use Comments) (SA)
most_recent.2.address: 30-43 36 STREET
most_recent.3.date: 2026-04-04
most_recent.3.descriptor: Catch Basin Clogged/Flooding (Use Comments) (SC)
most_recent.3.address: None
most_recent.4.date: 2026-04-02
most_recent.4.descriptor: Catch Basin Clogged/Flooding (Use Comments) (SC)
most_recent.4.address: 34-06 32 STREET",b0052,none,1
b0052_doc_swap,2026-05-06/baseline/q20-control-astoria,ttm_forecast,"In the last three years, Astoria (Central) recorded 198 flood‑related complaints via NYC 311, dominated by Sewer Backup (Use Comments) (89) and Catch Basin Clogged/Flooding (Use Comments) (70) .","Source: Granite TimeSeries TTM r2 (Ekambaram et al. 2024, NeurIPS) — ibm-granite/granite-timeseries-ttm-r2 via granite-tsfm. Zero-shot forecast of the surge residual (observed minus astronomical tide) at the Battery, NY (NOAA station 8518750). 6-min cadence, ~51 h context, ~9.6 h horizon..
Gauge: The Battery, NY (NOAA 8518750, 3.8 km from address — closest of Battery / Kings Point / Sandy Hook).
Context window: 512 samples (~51.2 h of 6-min residual).
Forecast horizon: 96 samples (~9.6 h ahead).
Recent residual: 0.12 ft (residual = observed water level minus astronomical prediction).
Recent peak |residual| in context: 0.47 ft.
Forecast peak residual: 0.13 ft, expected 18 minutes from now (at 2026-05-06T06:22Z UTC).
INTERPRETATION: positive residual is a wind-driven setup or storm-surge component on top of the tide; the model predicts the non-tidal part NOAA's astronomical predictor does not cover.",b0052,doc_swap,0
b0052_number,2026-05-06/baseline/q20-control-astoria,nyc311_nta,"In the last three years, Astoria (Central) recorded 198 flood‑related complaints via NYC 311, dominated by Sewer Backup (Use Comments) (89) and Catch Basin Clogged/Flooding (Use Comments) (35) .","n: 198
radius_m: None
years: 3
by_year.2023: 41
by_year.2024: 49
by_year.2025: 89
by_year.2026: 19
by_descriptor.Sewer Backup (Use Comments) (SA): 89
by_descriptor.Catch Basin Clogged/Flooding (Use Comments) (SC): 70
by_descriptor.Street Flooding (SJ): 29
by_descriptor.Manhole Overflow (Use Comments) (SA1): 10
most_recent.0.date: 2026-04-27
most_recent.0.descriptor: Catch Basin Clogged/Flooding (Use Comments) (SC)
most_recent.0.address: None
most_recent.1.date: 2026-04-25
most_recent.1.descriptor: Catch Basin Clogged/Flooding (Use Comments) (SC)
most_recent.1.address: 32-24 30 AVENUE
most_recent.2.date: 2026-04-14
most_recent.2.descriptor: Sewer Backup (Use Comments) (SA)
most_recent.2.address: 30-43 36 STREET
most_recent.3.date: 2026-04-04
most_recent.3.descriptor: Catch Basin Clogged/Flooding (Use Comments) (SC)
most_recent.3.address: None
most_recent.4.date: 2026-04-02
most_recent.4.descriptor: Catch Basin Clogged/Flooding (Use Comments) (SC)
most_recent.4.address: 34-06 32 STREET",b0052,number,0
b0052_place,2026-05-06/baseline/q20-control-astoria,nyc311_nta,"In the last three years, Financial District (Central) recorded 198 flood‑related complaints via NYC 311, dominated by Sewer Backup (Use Comments) (89) and Catch Basin Clogged/Flooding (Use Comments) (70) .","n: 198
radius_m: None
years: 3
by_year.2023: 41
by_year.2024: 49
by_year.2025: 89
by_year.2026: 19
by_descriptor.Sewer Backup (Use Comments) (SA): 89
by_descriptor.Catch Basin Clogged/Flooding (Use Comments) (SC): 70
by_descriptor.Street Flooding (SJ): 29
by_descriptor.Manhole Overflow (Use Comments) (SA1): 10
most_recent.0.date: 2026-04-27
most_recent.0.descriptor: Catch Basin Clogged/Flooding (Use Comments) (SC)
most_recent.0.address: None
most_recent.1.date: 2026-04-25
most_recent.1.descriptor: Catch Basin Clogged/Flooding (Use Comments) (SC)
most_recent.1.address: 32-24 30 AVENUE
most_recent.2.date: 2026-04-14
most_recent.2.descriptor: Sewer Backup (Use Comments) (SA)
most_recent.2.address: 30-43 36 STREET
most_recent.3.date: 2026-04-04
most_recent.3.descriptor: Catch Basin Clogged/Flooding (Use Comments) (SC)
most_recent.3.address: None
most_recent.4.date: 2026-04-02
most_recent.4.descriptor: Catch Basin Clogged/Flooding (Use Comments) (SC)
most_recent.4.address: 34-06 32 STREET",b0052,place,0
b0053_none,2026-05-06/baseline/q20-control-astoria,microtopo_nta,"The terrain analysis shows a median elevation of 13.26 m, with 2.0% of its cells having a Height Above Nearest Drainage (HAND) below 1 m, indicating potential flood‑prone areas .","n_cells: 3103
elev_min_m: 5.27
elev_median_m: 13.26
elev_p10_m: 8.93
elev_max_m: 22.28
hand_median_m: 9.24
twi_median: 8.29
frac_hand_lt1: 0.0197 (2.0 %, 2 %)
frac_twi_gt10: 0.1792 (17.9 %, 18 %)",b0053,none,1
b0053_doc_swap,2026-05-06/baseline/q20-control-astoria,floodnet,"The terrain analysis shows a median elevation of 13.26 m, with 2.0% of its cells having a Height Above Nearest Drainage (HAND) below 1 m, indicating potential flood‑prone areas .","n_sensors: 0
n_flood_events_3y: 0
n_sensors_with_events: 0
peak_event: None
narrative: No FloodNet sensors deployed within 600 m of this address.
radius_m: 600",b0053,doc_swap,0
b0053_number,2026-05-06/baseline/q20-control-astoria,microtopo_nta,"The terrain analysis shows a median elevation of 39.78 m, with 2.0% of its cells having a Height Above Nearest Drainage (HAND) below 1 m, indicating potential flood‑prone areas .","n_cells: 3103
elev_min_m: 5.27
elev_median_m: 13.26
elev_p10_m: 8.93
elev_max_m: 22.28
hand_median_m: 9.24
twi_median: 8.29
frac_hand_lt1: 0.0197 (2.0 %, 2 %)
frac_twi_gt10: 0.1792 (17.9 %, 18 %)",b0053,number,0
b0053_direction,2026-05-06/baseline/q20-control-astoria,microtopo_nta,"The terrain analysis shows a median elevation of 13.26 m, with 2.0% of its cells having a Height Above Nearest Drainage (HAND) above 1 m, indicating potential flood‑prone areas .","n_cells: 3103
elev_min_m: 5.27
elev_median_m: 13.26
elev_p10_m: 8.93
elev_max_m: 22.28
hand_median_m: 9.24
twi_median: 8.29
frac_hand_lt1: 0.0197 (2.0 %, 2 %)
frac_twi_gt10: 0.1792 (17.9 %, 18 %)",b0053,direction,0
b0054_none,2026-05-06/baseline/q20-control-astoria,dep_moderate_2050_nta,"Under moderate stormwater conditions in 2050 and current sea level rise, 2.7% of Astoria (Central) is projected to be flooded, with 2.3% falling into the nuisance band (>4 in to 1 ft) and 0.5% in the 1‑4 ft band .","scenario: dep_moderate_2050
label: DEP Moderate Stormwater (2.13 in/hr, 2050 SLR)
fraction_any: 0.0272 (2.7 %, 3 %)
fraction_class.1: 0.0226 (2.3 %, 2 %)
fraction_class.2: 0.0046 (0.5 %, 0 %)
fraction_class.3: 0.0
polygon_area_m2: 1958843.2",b0054,none,1
b0054_doc_swap,2026-05-06/baseline/q20-control-astoria,prithvi_water,"Under moderate stormwater conditions in 2050 and current sea level rise, 2.7% of Astoria (Central) is projected to be flooded, with 2.3% falling into the nuisance band (>4 in to 1 ft) and 0.5% in the 1‑4 ft band .","Source: Prithvi-EO 2.0 (300M params, NASA/IBM, Apache-2.0). Sen1Floods11 fine-tune for water/flood semantic segmentation, run via TerraTorch on a real Hurricane Ida pre/post HLS Sentinel-2 pair: pre HLS.S30.T18TWK.2021237T153809.v2.0 | post HLS.S30.T18TWK.2021245T154911.v2.0 (dates: pre 2021-08-25, post 2021-09-02).
INTERPRETATION: the polygons are pixels classified as water in the post-event scene (2021-09-02, ~12 h after Ida peak rainfall) but NOT in the pre-event reference (2021-08-25). They are candidate Ida-attributable surface inundation.
Address sits inside an Ida-attributable inundation polygon: no.
Distance to nearest Ida-attributable polygon: 5872.1 m.
Distinct Ida-attributable polygons within 500 m: 0.
Honest scope: subway entrances and basement apartments — the dominant Ida damage mode in NYC — are not visible to optical satellites. By the Sep 2 16:02 UTC pass much pluvial street water had drained. The signal primarily captures marsh/parkland ponding, riverside spillover, and low-lying inundation that survived ~12 hours.",b0054,doc_swap,0
b0054_number,2026-05-06/baseline/q20-control-astoria,dep_moderate_2050_nta,"Under moderate stormwater conditions in 1025 and current sea level rise, 2.7% of Astoria (Central) is projected to be flooded, with 2.3% falling into the nuisance band (>4 in to 1 ft) and 0.5% in the 1‑4 ft band .","scenario: dep_moderate_2050
label: DEP Moderate Stormwater (2.13 in/hr, 2050 SLR)
fraction_any: 0.0272 (2.7 %, 3 %)
fraction_class.1: 0.0226 (2.3 %, 2 %)
fraction_class.2: 0.0046 (0.5 %, 0 %)
fraction_class.3: 0.0
polygon_area_m2: 1958843.2",b0054,number,0
b0054_direction,2026-05-06/baseline/q20-control-astoria,dep_moderate_2050_nta,"Under moderate stormwater conditions in 2050 and current sea level rise, 2.7% of Astoria (Central) is projected to be flooded, with 2.3% rising into the nuisance band (>4 in to 1 ft) and 0.5% in the 1‑4 ft band .","scenario: dep_moderate_2050
label: DEP Moderate Stormwater (2.13 in/hr, 2050 SLR)
fraction_any: 0.0272 (2.7 %, 3 %)
fraction_class.1: 0.0226 (2.3 %, 2 %)
fraction_class.2: 0.0046 (0.5 %, 0 %)
fraction_class.3: 0.0
polygon_area_m2: 1958843.2",b0054,direction,0
b0054_place,2026-05-06/baseline/q20-control-astoria,dep_moderate_2050_nta,"Under moderate stormwater conditions in 2050 and current sea level rise, 2.7% of the Bronx (Central) is projected to be flooded, with 2.3% falling into the nuisance band (>4 in to 1 ft) and 0.5% in the 1‑4 ft band .","scenario: dep_moderate_2050
label: DEP Moderate Stormwater (2.13 in/hr, 2050 SLR)
fraction_any: 0.0272 (2.7 %, 3 %)
fraction_class.1: 0.0226 (2.3 %, 2 %)
fraction_class.2: 0.0046 (0.5 %, 0 %)
fraction_class.3: 0.0
polygon_area_m2: 1958843.2",b0054,place,0
b0055_none,2026-05-06/baseline/q20-control-astoria,dep_moderate_current_nta,"Under current conditions, the same fraction (2.7%) is projected with similar distribution .","scenario: dep_moderate_current
label: DEP Moderate Stormwater (2.13 in/hr, current SLR)
fraction_any: 0.0271 (2.7 %, 3 %)
fraction_class.1: 0.0225 (2.2 %, 2 %)
fraction_class.2: 0.0046 (0.5 %, 0 %)
fraction_class.3: 0.0
polygon_area_m2: 1958843.2",b0055,none,1
b0055_doc_swap,2026-05-06/baseline/q20-control-astoria,ttm_311_forecast,"Under current conditions, the same fraction (2.7%) is projected with similar distribution .","Source: IBM Granite TimeSeries TTM r2 (Ekambaram et al. 2024, NeurIPS) zero-shot forecast on NYC 311 flood-complaint history (Sewer Backup, Catch Basin Clogged/Flooding, Street Flooding, Manhole Overflow) within 200 m of the address.
Context window: 512 days (73 weeks) ending 2026-09-26.
Total complaints in context window: 9.
History recent 30-day rate: 0.0 complaints/day (≈0.12 per week).
Forecast horizon: 96 days (13 weeks) ahead.
Forecast rate: 0.015 complaints/day (≈0.11 per week).
Forecast peak day: 0.04 complaints, day +9.
Acceleration cue: no — forecast in line with recent baseline.
INTERPRETATION: this is a per-address pattern forecast, not a city-wide trend. Zero-history addresses get a zero-baseline forecast (legitimate); the more relevant cite is when there's a multi-month complaint history that the model is extrapolating.",b0055,doc_swap,0
b0055_number,2026-05-06/baseline/q20-control-astoria,dep_moderate_current_nta,"Under current conditions, the same fraction (4.1%) is projected with similar distribution .","scenario: dep_moderate_current
label: DEP Moderate Stormwater (2.13 in/hr, current SLR)
fraction_any: 0.0271 (2.7 %, 3 %)
fraction_class.1: 0.0225 (2.2 %, 2 %)
fraction_class.2: 0.0046 (0.5 %, 0 %)
fraction_class.3: 0.0
polygon_area_m2: 1958843.2",b0055,number,0
b0056_none,2026-05-06/framed/q01-resident-pioneer,sandy,"The address was flooded during Hurricane Sandy on October 29‑30 2012, confirmed by the empirical 2012 inundation extent .","Source: NYC Sandy Inundation Zone (NYC OpenData 5xsi-dfpx, empirical extent of areas flooded by Hurricane Sandy in 2012).
FACT: The address is LOCATED WITHIN this empirical 2012 inundation extent.
INTERPRETATION: Hurricane Sandy did flood this address (or this immediate parcel) on October 29-30, 2012. This is a historical fact, not a model prediction.
Do not state the opposite. The address is inside the Sandy inundation zone.",b0056,none,1
b0056_doc_swap,2026-05-06/framed/q01-resident-pioneer,dep_extreme_2080_nta,"The address was flooded during Hurricane Sandy on October 29‑30 2012, confirmed by the empirical 2012 inundation extent .","scenario: dep_extreme_2080
label: DEP Extreme Stormwater (3.66 in/hr, 2080 SLR)
fraction_any: 0.4425 (44.2 %, 44 %)
fraction_class.1: 0.0473 (4.7 %, 5 %)
fraction_class.2: 0.0116 (1.2 %, 1 %)
fraction_class.3: 0.3836 (38.4 %, 38 %)
polygon_area_m2: 4421167.4",b0056,doc_swap,0
b0056_number,2026-05-06/framed/q01-resident-pioneer,sandy,"The address was flooded during Hurricane Sandy on October 29‑30 1006, confirmed by the empirical 2012 inundation extent .","Source: NYC Sandy Inundation Zone (NYC OpenData 5xsi-dfpx, empirical extent of areas flooded by Hurricane Sandy in 2012).
FACT: The address is LOCATED WITHIN this empirical 2012 inundation extent.
INTERPRETATION: Hurricane Sandy did flood this address (or this immediate parcel) on October 29-30, 2012. This is a historical fact, not a model prediction.
Do not state the opposite. The address is inside the Sandy inundation zone.",b0056,number,0
b0057_none,2026-05-06/framed/q01-resident-pioneer,nyc311,"Within a 200 m radius, there have been 65 flood-related complaints to NYC 311 over the past five years, with notable categories including clogged catch basins (24) and sewer backups (22) .","Source: NYC 311 service requests (Socrata erm2-nwe9, 2010-present).
311 flood-related complaints within 200 m, last 5 years: 65.
Top descriptors and counts: Catch Basin Clogged/Flooding (Use Comments) (SC): 24; Sewer Backup (Use Comments) (SA): 22; Street Flooding (SJ): 18; Flooding on Street: 1.
Per-year counts: 2021: 6, 2022: 14, 2023: 27, 2024: 10, 2025: 8.",b0057,none,1
b0057_doc_swap,2026-05-06/framed/q01-resident-pioneer,dep_moderate_2050_nta,"Within a 200 m radius, there have been 65 flood-related complaints to NYC 311 over the past five years, with notable categories including clogged catch basins (24) and sewer backups (22) .","scenario: dep_moderate_2050
label: DEP Moderate Stormwater (2.13 in/hr, 2050 SLR)
fraction_any: 0.0776 (7.8 %, 8 %)
fraction_class.1: 0.0313 (3.1 %, 3 %)
fraction_class.2: 0.0035 (0.4 %, 0 %)
fraction_class.3: 0.0428 (4.3 %, 4 %)
polygon_area_m2: 4421167.4",b0057,doc_swap,0
b0057_number,2026-05-06/framed/q01-resident-pioneer,nyc311,"Within a 200 m radius, there have been 130 flood-related complaints to NYC 311 over the past five years, with notable categories including clogged catch basins (24) and sewer backups (22) .","Source: NYC 311 service requests (Socrata erm2-nwe9, 2010-present).
311 flood-related complaints within 200 m, last 5 years: 65.
Top descriptors and counts: Catch Basin Clogged/Flooding (Use Comments) (SC): 24; Sewer Backup (Use Comments) (SA): 22; Street Flooding (SJ): 18; Flooding on Street: 1.
Per-year counts: 2021: 6, 2022: 14, 2023: 27, 2024: 10, 2025: 8.",b0057,number,0
b0058_none,2026-05-06/framed/q01-resident-pioneer,floodnet,"Additionally, within a 600 m proximity, two FloodNet sensors recorded four labeled flood events in the last three years, peaking at 51 mm depth on October 30 2025 .","Source: FloodNet NYC ultrasonic depth sensor network (api.floodnet.nyc).
Sensors within 600 m: 4.
Sensors with labeled flood events in last 3 years: 2.
Total flood events at those sensors: 4.
Peak event: 51 mm depth at sensor openly_driven_tarpon starting 2025-10-30.",b0058,none,1
b0058_doc_swap,2026-05-06/framed/q01-resident-pioneer,nws_obs,"Additionally, within a 600 m proximity, two FloodNet sensors recorded four labeled flood events in the last three years, peaking at 51 mm depth on October 30 2025 .","station_id: KJFK
station_name: JFK Airport, NY
distance_km: 7.8
obs_time: 2026-09-26T18:50:00+00:00
temp_c: 17.0
precip_last_hour_mm: None
precip_last_3h_mm: None
precip_last_6h_mm: None
narrative: Latest METAR at JFK Airport, NY (7.8 km away): 17.0°C (obs 2026-09-26T18:50).
error: None",b0058,doc_swap,0
b0058_number,2026-05-06/framed/q01-resident-pioneer,floodnet,"Additionally, within a 180 m proximity, two FloodNet sensors recorded four labeled flood events in the last three years, peaking at 51 mm depth on October 30 2025 .","Source: FloodNet NYC ultrasonic depth sensor network (api.floodnet.nyc).
Sensors within 600 m: 4.
Sensors with labeled flood events in last 3 years: 2.
Total flood events at those sensors: 4.
Peak event: 51 mm depth at sensor openly_driven_tarpon starting 2025-10-30.",b0058,number,0
b0058_direction,2026-05-06/framed/q01-resident-pioneer,floodnet,"Additionally, beyond a 600 m proximity, two FloodNet sensors recorded four labeled flood events in the last three years, peaking at 51 mm depth on October 30 2025 .","Source: FloodNet NYC ultrasonic depth sensor network (api.floodnet.nyc).
Sensors within 600 m: 4.
Sensors with labeled flood events in last 3 years: 2.
Total flood events at those sensors: 4.
Peak event: 51 mm depth at sensor openly_driven_tarpon starting 2025-10-30.",b0058,direction,0
b0059_none,2026-05-06/framed/q01-resident-pioneer,microtopo,"The terrain analysis indicates that this location is a topographic low point within a 200 m neighborhood, with 0.8 % of surrounding cells being lower in elevation than the address itself .","Source: USGS 3DEP 30 m DEM (LiDAR-derived) via py3dep, with TWI and HAND derived using whitebox-workflows hydrology toolkit.
Point elevation at this address: 1.37 m above sea level.
Topographic position relative to surroundings: topographic LOW POINT — surface runoff in the 200 m neighbourhood routes toward this location.
Fraction of cells within 200 m radius that are LOWER in elevation than this address: 0.8%.
Fraction of cells within 750 m radius that are LOWER in elevation than this address: 23.8%.
Basin relief (max elevation in 750 m AOI minus address elevation): 13.27 m.
Height Above Nearest Drainage (HAND): 3.81 m. Interpretation: moderate (3-8 m) — typical urban-block elevation above drainage. HAND is the standard hydrology index for vertical distance from a cell to the nearest channel; used by USGS, USACE, and InfoWorks ICM.
Topographic Wetness Index (TWI): 14.79. Interpretation: very high — saturation-prone terrain. TWI = ln(specific catchment area / tan slope) is the TOPMODEL framework's saturation propensity metric.",b0059,none,1
b0059_doc_swap,2026-05-06/framed/q01-resident-pioneer,dep_extreme_2080,"The terrain analysis indicates that this location is a topographic low point within a 200 m neighborhood, with 0.8 % of surrounding cells being lower in elevation than the address itself .","Source: NYC DEP Stormwater Flood Map — Extreme (3.66 in/hr, 2080 SLR).
Address inside scenario footprint: yes.
Modeled depth class: Deep & Contiguous (1-4 ft).",b0059,doc_swap,0
b0059_number,2026-05-06/framed/q01-resident-pioneer,microtopo,"The terrain analysis indicates that this location is a topographic low point within a 200 m neighborhood, with 1.2 % of surrounding cells being lower in elevation than the address itself .","Source: USGS 3DEP 30 m DEM (LiDAR-derived) via py3dep, with TWI and HAND derived using whitebox-workflows hydrology toolkit.
Point elevation at this address: 1.37 m above sea level.
Topographic position relative to surroundings: topographic LOW POINT — surface runoff in the 200 m neighbourhood routes toward this location.
Fraction of cells within 200 m radius that are LOWER in elevation than this address: 0.8%.
Fraction of cells within 750 m radius that are LOWER in elevation than this address: 23.8%.
Basin relief (max elevation in 750 m AOI minus address elevation): 13.27 m.
Height Above Nearest Drainage (HAND): 3.81 m. Interpretation: moderate (3-8 m) — typical urban-block elevation above drainage. HAND is the standard hydrology index for vertical distance from a cell to the nearest channel; used by USGS, USACE, and InfoWorks ICM.
Topographic Wetness Index (TWI): 14.79. Interpretation: very high — saturation-prone terrain. TWI = ln(specific catchment area / tan slope) is the TOPMODEL framework's saturation propensity metric.",b0059,number,0
b0059_direction,2026-05-06/framed/q01-resident-pioneer,microtopo,"The terrain analysis indicates that this location is a topographic low point within a 200 m neighborhood, with 0.8 % of surrounding cells being higher in elevation than the address itself .","Source: USGS 3DEP 30 m DEM (LiDAR-derived) via py3dep, with TWI and HAND derived using whitebox-workflows hydrology toolkit.
Point elevation at this address: 1.37 m above sea level.
Topographic position relative to surroundings: topographic LOW POINT — surface runoff in the 200 m neighbourhood routes toward this location.
Fraction of cells within 200 m radius that are LOWER in elevation than this address: 0.8%.
Fraction of cells within 750 m radius that are LOWER in elevation than this address: 23.8%.
Basin relief (max elevation in 750 m AOI minus address elevation): 13.27 m.
Height Above Nearest Drainage (HAND): 3.81 m. Interpretation: moderate (3-8 m) — typical urban-block elevation above drainage. HAND is the standard hydrology index for vertical distance from a cell to the nearest channel; used by USGS, USACE, and InfoWorks ICM.
Topographic Wetness Index (TWI): 14.79. Interpretation: very high — saturation-prone terrain. TWI = ln(specific catchment area / tan slope) is the TOPMODEL framework's saturation propensity metric.",b0059,direction,0
b0060_none,2026-05-06/framed/q01-resident-pioneer,microtopo,"The Topographic Wetness Index (TWI) is 14.79, indicating a very high saturation propensity; the Height Above Nearest Drainage (HAND) is 3.81 m, suggesting moderate urban‑block elevation above drainage .","Source: USGS 3DEP 30 m DEM (LiDAR-derived) via py3dep, with TWI and HAND derived using whitebox-workflows hydrology toolkit.
Point elevation at this address: 1.37 m above sea level.
Topographic position relative to surroundings: topographic LOW POINT — surface runoff in the 200 m neighbourhood routes toward this location.
Fraction of cells within 200 m radius that are LOWER in elevation than this address: 0.8%.
Fraction of cells within 750 m radius that are LOWER in elevation than this address: 23.8%.
Basin relief (max elevation in 750 m AOI minus address elevation): 13.27 m.
Height Above Nearest Drainage (HAND): 3.81 m. Interpretation: moderate (3-8 m) — typical urban-block elevation above drainage. HAND is the standard hydrology index for vertical distance from a cell to the nearest channel; used by USGS, USACE, and InfoWorks ICM.
Topographic Wetness Index (TWI): 14.79. Interpretation: very high — saturation-prone terrain. TWI = ln(specific catchment area / tan slope) is the TOPMODEL framework's saturation propensity metric.",b0060,none,1
b0060_doc_swap,2026-05-06/framed/q01-resident-pioneer,dep_moderate_2050,"The Topographic Wetness Index (TWI) is 14.79, indicating a very high saturation propensity; the Height Above Nearest Drainage (HAND) is 3.81 m, suggesting moderate urban‑block elevation above drainage .","Source: NYC DEP Stormwater Flood Map — Moderate (2.13 in/hr, 2050 SLR).
Address inside scenario footprint: yes.
Modeled depth class: Deep Contiguous (>4 ft).",b0060,doc_swap,0
b0060_number,2026-05-06/framed/q01-resident-pioneer,microtopo,"The Topographic Wetness Index (TWI) is 7.39, indicating a very high saturation propensity; the Height Above Nearest Drainage (HAND) is 3.81 m, suggesting moderate urban‑block elevation above drainage .","Source: USGS 3DEP 30 m DEM (LiDAR-derived) via py3dep, with TWI and HAND derived using whitebox-workflows hydrology toolkit.
Point elevation at this address: 1.37 m above sea level.
Topographic position relative to surroundings: topographic LOW POINT — surface runoff in the 200 m neighbourhood routes toward this location.
Fraction of cells within 200 m radius that are LOWER in elevation than this address: 0.8%.
Fraction of cells within 750 m radius that are LOWER in elevation than this address: 23.8%.
Basin relief (max elevation in 750 m AOI minus address elevation): 13.27 m.
Height Above Nearest Drainage (HAND): 3.81 m. Interpretation: moderate (3-8 m) — typical urban-block elevation above drainage. HAND is the standard hydrology index for vertical distance from a cell to the nearest channel; used by USGS, USACE, and InfoWorks ICM.
Topographic Wetness Index (TWI): 14.79. Interpretation: very high — saturation-prone terrain. TWI = ln(specific catchment area / tan slope) is the TOPMODEL framework's saturation propensity metric.",b0060,number,0
b0060_direction,2026-05-06/framed/q01-resident-pioneer,microtopo,"The Topographic Wetness Index (TWI) is 14.79, indicating a very high saturation propensity; the Height Above Nearest Drainage (HAND) is 3.81 m, suggesting moderate urban‑block elevation below drainage .","Source: USGS 3DEP 30 m DEM (LiDAR-derived) via py3dep, with TWI and HAND derived using whitebox-workflows hydrology toolkit.
Point elevation at this address: 1.37 m above sea level.
Topographic position relative to surroundings: topographic LOW POINT — surface runoff in the 200 m neighbourhood routes toward this location.
Fraction of cells within 200 m radius that are LOWER in elevation than this address: 0.8%.
Fraction of cells within 750 m radius that are LOWER in elevation than this address: 23.8%.
Basin relief (max elevation in 750 m AOI minus address elevation): 13.27 m.
Height Above Nearest Drainage (HAND): 3.81 m. Interpretation: moderate (3-8 m) — typical urban-block elevation above drainage. HAND is the standard hydrology index for vertical distance from a cell to the nearest channel; used by USGS, USACE, and InfoWorks ICM.
Topographic Wetness Index (TWI): 14.79. Interpretation: very high — saturation-prone terrain. TWI = ln(specific catchment area / tan slope) is the TOPMODEL framework's saturation propensity metric.",b0060,direction,0
b0061_none,2026-05-06/framed/q02-attorney-gold,microtopo,"Disclosure is warranted because the site experiences moderate flood exposure as indicated by 56.6% of surrounding cells being lower in elevation within a 750 m radius, suggesting susceptibility to surface water accumulation during heavy rainfall events .","Source: USGS 3DEP 30 m DEM (LiDAR-derived) via py3dep, with TWI and HAND derived using whitebox-workflows hydrology toolkit.
Point elevation at this address: 5.19 m above sea level.
Topographic position relative to surroundings: MID-SLOPE — neither a clear low point nor high ground.
Fraction of cells within 200 m radius that are LOWER in elevation than this address: 38.2%.
Fraction of cells within 750 m radius that are LOWER in elevation than this address: 56.6%.
Basin relief (max elevation in 750 m AOI minus address elevation): 13.06 m.
Height Above Nearest Drainage (HAND): 6.42 m. Interpretation: moderate (3-8 m) — typical urban-block elevation above drainage. HAND is the standard hydrology index for vertical distance from a cell to the nearest channel; used by USGS, USACE, and InfoWorks ICM.
Topographic Wetness Index (TWI): 9.52. Interpretation: moderate. TWI = ln(specific catchment area / tan slope) is the TOPMODEL framework's saturation propensity metric.",b0061,none,1
b0061_doc_swap,2026-05-06/framed/q02-attorney-gold,dep_moderate_2050_nta,"Disclosure is warranted because the site experiences moderate flood exposure as indicated by 56.6% of surrounding cells being lower in elevation within a 750 m radius, suggesting susceptibility to surface water accumulation during heavy rainfall events .","scenario: dep_moderate_2050
label: DEP Moderate Stormwater (2.13 in/hr, 2050 SLR)
fraction_any: 0.0272 (2.7 %, 3 %)
fraction_class.1: 0.0226 (2.3 %, 2 %)
fraction_class.2: 0.0046 (0.5 %, 0 %)
fraction_class.3: 0.0
polygon_area_m2: 1958843.2",b0061,doc_swap,0
b0061_number,2026-05-06/framed/q02-attorney-gold,microtopo,"Disclosure is warranted because the site experiences moderate flood exposure as indicated by 56.6% of surrounding cells being lower in elevation within a 375 m radius, suggesting susceptibility to surface water accumulation during heavy rainfall events .","Source: USGS 3DEP 30 m DEM (LiDAR-derived) via py3dep, with TWI and HAND derived using whitebox-workflows hydrology toolkit.
Point elevation at this address: 5.19 m above sea level.
Topographic position relative to surroundings: MID-SLOPE — neither a clear low point nor high ground.
Fraction of cells within 200 m radius that are LOWER in elevation than this address: 38.2%.
Fraction of cells within 750 m radius that are LOWER in elevation than this address: 56.6%.
Basin relief (max elevation in 750 m AOI minus address elevation): 13.06 m.
Height Above Nearest Drainage (HAND): 6.42 m. Interpretation: moderate (3-8 m) — typical urban-block elevation above drainage. HAND is the standard hydrology index for vertical distance from a cell to the nearest channel; used by USGS, USACE, and InfoWorks ICM.
Topographic Wetness Index (TWI): 9.52. Interpretation: moderate. TWI = ln(specific catchment area / tan slope) is the TOPMODEL framework's saturation propensity metric.",b0061,number,0
b0061_direction,2026-05-06/framed/q02-attorney-gold,microtopo,"Disclosure is warranted because the site experiences moderate flood exposure as indicated by 56.6% of surrounding cells being higher in elevation within a 750 m radius, suggesting susceptibility to surface water accumulation during heavy rainfall events .","Source: USGS 3DEP 30 m DEM (LiDAR-derived) via py3dep, with TWI and HAND derived using whitebox-workflows hydrology toolkit.
Point elevation at this address: 5.19 m above sea level.
Topographic position relative to surroundings: MID-SLOPE — neither a clear low point nor high ground.
Fraction of cells within 200 m radius that are LOWER in elevation than this address: 38.2%.
Fraction of cells within 750 m radius that are LOWER in elevation than this address: 56.6%.
Basin relief (max elevation in 750 m AOI minus address elevation): 13.06 m.
Height Above Nearest Drainage (HAND): 6.42 m. Interpretation: moderate (3-8 m) — typical urban-block elevation above drainage. HAND is the standard hydrology index for vertical distance from a cell to the nearest channel; used by USGS, USACE, and InfoWorks ICM.
Topographic Wetness Index (TWI): 9.52. Interpretation: moderate. TWI = ln(specific catchment area / tan slope) is the TOPMODEL framework's saturation propensity metric.",b0061,direction,0
b0062_none,2026-05-06/framed/q02-attorney-gold,nyc311,"Within a 200 m radius, there have been 26 flood-related complaints over the past five years, with the majority (14) related to clogged catch basins causing localized flooding .","Source: NYC 311 service requests (Socrata erm2-nwe9, 2010-present).
311 flood-related complaints within 200 m, last 5 years: 26.
Top descriptors and counts: Catch Basin Clogged/Flooding (Use Comments) (SC): 14; Street Flooding (SJ): 11; Sewer Backup (Use Comments) (SA): 1.
Per-year counts: 2021: 3, 2022: 5, 2023: 10, 2024: 3, 2025: 4, 2026: 1.",b0062,none,1
b0062_doc_swap,2026-05-06/framed/q02-attorney-gold,microtopo_nta,"Within a 200 m radius, there have been 26 flood-related complaints over the past five years, with the majority (14) related to clogged catch basins causing localized flooding .","n_cells: 7415
elev_min_m: 0.0
elev_median_m: 1.86
elev_p10_m: 0.3
elev_max_m: 3.32
hand_median_m: 1.86
twi_median: 9.5
frac_hand_lt1: 0.1691 (16.9 %, 17 %)
frac_twi_gt10: 0.3771 (37.7 %, 38 %)",b0062,doc_swap,0
b0062_number,2026-05-06/framed/q02-attorney-gold,nyc311,"Within a 100 m radius, there have been 26 flood-related complaints over the past five years, with the majority (14) related to clogged catch basins causing localized flooding .","Source: NYC 311 service requests (Socrata erm2-nwe9, 2010-present).
311 flood-related complaints within 200 m, last 5 years: 26.
Top descriptors and counts: Catch Basin Clogged/Flooding (Use Comments) (SC): 14; Street Flooding (SJ): 11; Sewer Backup (Use Comments) (SA): 1.
Per-year counts: 2021: 3, 2022: 5, 2023: 10, 2024: 3, 2025: 4, 2026: 1.",b0062,number,0
b0063_none,2026-05-06/framed/q02-attorney-gold,floodnet,"Additionally, one FloodNet sensor within 600 m recorded a peak depth of 14 mm during a recent flood event on March 12, 2026 .","Source: FloodNet NYC ultrasonic depth sensor network (api.floodnet.nyc).
Sensors within 600 m: 2.
Sensors with labeled flood events in last 3 years: 1.
Total flood events at those sensors: 1.
Peak event: 14 mm depth at sensor merely_fancy_sloth starting 2026-03-12.",b0063,none,1
b0063_doc_swap,2026-05-06/framed/q02-attorney-gold,dep_extreme_2080_nta,"Additionally, one FloodNet sensor within 600 m recorded a peak depth of 14 mm during a recent flood event on March 12, 2026 .","scenario: dep_extreme_2080
label: DEP Extreme Stormwater (3.66 in/hr, 2080 SLR)
fraction_any: 0.4425 (44.2 %, 44 %)
fraction_class.1: 0.0473 (4.7 %, 5 %)
fraction_class.2: 0.0116 (1.2 %, 1 %)
fraction_class.3: 0.3836 (38.4 %, 38 %)
polygon_area_m2: 4421167.4",b0063,doc_swap,0
b0063_number,2026-05-06/framed/q02-attorney-gold,floodnet,"Additionally, one FloodNet sensor within 600 m recorded a peak depth of 14 mm during a recent flood event on March 18 2026 .","Source: FloodNet NYC ultrasonic depth sensor network (api.floodnet.nyc).
Sensors within 600 m: 2.
Sensors with labeled flood events in last 3 years: 1.
Total flood events at those sensors: 1.
Peak event: 14 mm depth at sensor merely_fancy_sloth starting 2026-03-12.",b0063,number,0
b0063_direction,2026-05-06/framed/q02-attorney-gold,floodnet,"Additionally, one FloodNet sensor beyond 600 m recorded a peak depth of 14 mm during a recent flood event on March 12, 2026 .","Source: FloodNet NYC ultrasonic depth sensor network (api.floodnet.nyc).
Sensors within 600 m: 2.
Sensors with labeled flood events in last 3 years: 1.
Total flood events at those sensors: 1.
Peak event: 14 mm depth at sensor merely_fancy_sloth starting 2026-03-12.",b0063,direction,0
b0064_none,2026-05-06/framed/q02-attorney-gold,microtopo,"The terrain analysis shows that the address sits at a moderate elevation relative to its surroundings, with a Topographic Wetness Index (TWI) value of 9.52, indicating moderate saturation propensity .","Source: USGS 3DEP 30 m DEM (LiDAR-derived) via py3dep, with TWI and HAND derived using whitebox-workflows hydrology toolkit.
Point elevation at this address: 5.19 m above sea level.
Topographic position relative to surroundings: MID-SLOPE — neither a clear low point nor high ground.
Fraction of cells within 200 m radius that are LOWER in elevation than this address: 38.2%.
Fraction of cells within 750 m radius that are LOWER in elevation than this address: 56.6%.
Basin relief (max elevation in 750 m AOI minus address elevation): 13.06 m.
Height Above Nearest Drainage (HAND): 6.42 m. Interpretation: moderate (3-8 m) — typical urban-block elevation above drainage. HAND is the standard hydrology index for vertical distance from a cell to the nearest channel; used by USGS, USACE, and InfoWorks ICM.
Topographic Wetness Index (TWI): 9.52. Interpretation: moderate. TWI = ln(specific catchment area / tan slope) is the TOPMODEL framework's saturation propensity metric.",b0064,none,1
b0064_doc_swap,2026-05-06/framed/q02-attorney-gold,nyc311_nta,"The terrain analysis shows that the address sits at a moderate elevation relative to its surroundings, with a Topographic Wetness Index (TWI) value of 9.52, indicating moderate saturation propensity .","n: 522
radius_m: None
years: 3
by_year.2023: 208
by_year.2024: 137
by_year.2025: 115
by_year.2026: 62
by_descriptor.Sewer Backup (Use Comments) (SA): 196
by_descriptor.Catch Basin Clogged/Flooding (Use Comments) (SC): 156
by_descriptor.Street Flooding (SJ): 89
by_descriptor.Manhole Overflow (Use Comments) (SA1): 56
by_descriptor.Flooding on Street: 25
most_recent.0.date: 2026-05-03
most_recent.0.descriptor: Manhole Overflow (Use Comments) (SA1)
most_recent.0.address: None
most_recent.1.date: 2026-05-03
most_recent.1.descriptor: Manhole Overflow (Use Comments) (SA1)
most_recent.1.address: None
most_recent.2.date: 2026-05-02
most_recent.2.descriptor: Manhole Overflow (Use Comments) (SA1)
most_recent.2.address: None
most_recent.3.date: 2026-05-01
most_recent.3.descriptor: Catch Basin Clogged/Flooding (Use Comments) (SC)
most_recent.3.address: None
most_recent.4.date: 2026-05-01
most_recent.4.descriptor: Manhole Overflow (Use Comments) (SA1)
most_recent.4.address: None",b0064,doc_swap,0
b0064_number,2026-05-06/framed/q02-attorney-gold,microtopo,"The terrain analysis shows that the address sits at a moderate elevation relative to its surroundings, with a Topographic Wetness Index (TWI) value of 4.76, indicating moderate saturation propensity .","Source: USGS 3DEP 30 m DEM (LiDAR-derived) via py3dep, with TWI and HAND derived using whitebox-workflows hydrology toolkit.
Point elevation at this address: 5.19 m above sea level.
Topographic position relative to surroundings: MID-SLOPE — neither a clear low point nor high ground.
Fraction of cells within 200 m radius that are LOWER in elevation than this address: 38.2%.
Fraction of cells within 750 m radius that are LOWER in elevation than this address: 56.6%.
Basin relief (max elevation in 750 m AOI minus address elevation): 13.06 m.
Height Above Nearest Drainage (HAND): 6.42 m. Interpretation: moderate (3-8 m) — typical urban-block elevation above drainage. HAND is the standard hydrology index for vertical distance from a cell to the nearest channel; used by USGS, USACE, and InfoWorks ICM.
Topographic Wetness Index (TWI): 9.52. Interpretation: moderate. TWI = ln(specific catchment area / tan slope) is the TOPMODEL framework's saturation propensity metric.",b0064,number,0
b0065_none,2026-05-06/framed/q02-attorney-gold,microtopo,"The Height Above Nearest Drainage (HAND) is 6.42 m, placing it in the moderate range typical for urban blocks .","Source: USGS 3DEP 30 m DEM (LiDAR-derived) via py3dep, with TWI and HAND derived using whitebox-workflows hydrology toolkit.
Point elevation at this address: 5.19 m above sea level.
Topographic position relative to surroundings: MID-SLOPE — neither a clear low point nor high ground.
Fraction of cells within 200 m radius that are LOWER in elevation than this address: 38.2%.
Fraction of cells within 750 m radius that are LOWER in elevation than this address: 56.6%.
Basin relief (max elevation in 750 m AOI minus address elevation): 13.06 m.
Height Above Nearest Drainage (HAND): 6.42 m. Interpretation: moderate (3-8 m) — typical urban-block elevation above drainage. HAND is the standard hydrology index for vertical distance from a cell to the nearest channel; used by USGS, USACE, and InfoWorks ICM.
Topographic Wetness Index (TWI): 9.52. Interpretation: moderate. TWI = ln(specific catchment area / tan slope) is the TOPMODEL framework's saturation propensity metric.",b0065,none,1
b0065_doc_swap,2026-05-06/framed/q02-attorney-gold,nyc311_nta,"The Height Above Nearest Drainage (HAND) is 6.42 m, placing it in the moderate range typical for urban blocks .","n: 198
radius_m: None
years: 3
by_year.2023: 41
by_year.2024: 49
by_year.2025: 89
by_year.2026: 19
by_descriptor.Sewer Backup (Use Comments) (SA): 89
by_descriptor.Catch Basin Clogged/Flooding (Use Comments) (SC): 70
by_descriptor.Street Flooding (SJ): 29
by_descriptor.Manhole Overflow (Use Comments) (SA1): 10
most_recent.0.date: 2026-04-27
most_recent.0.descriptor: Catch Basin Clogged/Flooding (Use Comments) (SC)
most_recent.0.address: None
most_recent.1.date: 2026-04-25
most_recent.1.descriptor: Catch Basin Clogged/Flooding (Use Comments) (SC)
most_recent.1.address: 32-24 30 AVENUE
most_recent.2.date: 2026-04-14
most_recent.2.descriptor: Sewer Backup (Use Comments) (SA)
most_recent.2.address: 30-43 36 STREET
most_recent.3.date: 2026-04-04
most_recent.3.descriptor: Catch Basin Clogged/Flooding (Use Comments) (SC)
most_recent.3.address: None
most_recent.4.date: 2026-04-02
most_recent.4.descriptor: Catch Basin Clogged/Flooding (Use Comments) (SC)
most_recent.4.address: 34-06 32 STREET",b0065,doc_swap,0
b0065_number,2026-05-06/framed/q02-attorney-gold,microtopo,"The Height Above Nearest Drainage (HAND) is 12.84 m, placing it in the moderate range typical for urban blocks .","Source: USGS 3DEP 30 m DEM (LiDAR-derived) via py3dep, with TWI and HAND derived using whitebox-workflows hydrology toolkit.
Point elevation at this address: 5.19 m above sea level.
Topographic position relative to surroundings: MID-SLOPE — neither a clear low point nor high ground.
Fraction of cells within 200 m radius that are LOWER in elevation than this address: 38.2%.
Fraction of cells within 750 m radius that are LOWER in elevation than this address: 56.6%.
Basin relief (max elevation in 750 m AOI minus address elevation): 13.06 m.
Height Above Nearest Drainage (HAND): 6.42 m. Interpretation: moderate (3-8 m) — typical urban-block elevation above drainage. HAND is the standard hydrology index for vertical distance from a cell to the nearest channel; used by USGS, USACE, and InfoWorks ICM.
Topographic Wetness Index (TWI): 9.52. Interpretation: moderate. TWI = ln(specific catchment area / tan slope) is the TOPMODEL framework's saturation propensity metric.",b0065,number,0
b0066_none,2026-05-06/framed/q03-planner-hollis,nyc311_nta,"In the last three years, Hollis recorded 435 flood-related service requests via NYC 311, dominated by Sewer Backup (296) and Catch Basin Clogged/Flooding (87) incidents .","n: 435
radius_m: None
years: 3
by_year.2023: 120
by_year.2024: 120
by_year.2025: 147
by_year.2026: 48
by_descriptor.Sewer Backup (Use Comments) (SA): 296
by_descriptor.Catch Basin Clogged/Flooding (Use Comments) (SC): 87
by_descriptor.Street Flooding (SJ): 42
by_descriptor.Manhole Overflow (Use Comments) (SA1): 10
most_recent.0.date: 2026-05-04
most_recent.0.descriptor: Sewer Backup (Use Comments) (SA)
most_recent.0.address: 99-15 196 STREET
most_recent.1.date: 2026-05-02
most_recent.1.descriptor: Sewer Backup (Use Comments) (SA)
most_recent.1.address: 186-15 JAMAICA AVENUE
most_recent.2.date: 2026-05-02
most_recent.2.descriptor: Sewer Backup (Use Comments) (SA)
most_recent.2.address: 186-17 JAMAICA AVENUE
most_recent.3.date: 2026-04-30
most_recent.3.descriptor: Catch Basin Clogged/Flooding (Use Comments) (SC)
most_recent.3.address: 93-31 202 STREET
most_recent.4.date: 2026-04-24
most_recent.4.descriptor: Sewer Backup (Use Comments) (SA)
most_recent.4.address: 192-04 90 AVENUE",b0066,none,1
b0066_doc_swap,2026-05-06/framed/q03-planner-hollis,ida_hwm,"In the last three years, Hollis recorded 435 flood-related service requests via NYC 311, dominated by Sewer Backup (296) and Catch Basin Clogged/Flooding (87) incidents .","Source: USGS STN Hurricane Ida 2021 high-water marks (Event 312, NY State).
USGS HWMs within 800 m: 2.
Max water height above ground: 0.76 ft.
Max HWM elevation: 48.2 ft.
Nearest HWM site: Intersection of 182nd St. and 90th Ave., Jamaica, Queens (174.0 m away).",b0066,doc_swap,0
b0066_number,2026-05-06/framed/q03-planner-hollis,nyc311_nta,"In the last three years, Hollis recorded 435 flood-related service requests via NYC 311, dominated by Sewer Backup (592) and Catch Basin Clogged/Flooding (87) incidents .","n: 435
radius_m: None
years: 3
by_year.2023: 120
by_year.2024: 120
by_year.2025: 147
by_year.2026: 48
by_descriptor.Sewer Backup (Use Comments) (SA): 296
by_descriptor.Catch Basin Clogged/Flooding (Use Comments) (SC): 87
by_descriptor.Street Flooding (SJ): 42
by_descriptor.Manhole Overflow (Use Comments) (SA1): 10
most_recent.0.date: 2026-05-04
most_recent.0.descriptor: Sewer Backup (Use Comments) (SA)
most_recent.0.address: 99-15 196 STREET
most_recent.1.date: 2026-05-02
most_recent.1.descriptor: Sewer Backup (Use Comments) (SA)
most_recent.1.address: 186-15 JAMAICA AVENUE
most_recent.2.date: 2026-05-02
most_recent.2.descriptor: Sewer Backup (Use Comments) (SA)
most_recent.2.address: 186-17 JAMAICA AVENUE
most_recent.3.date: 2026-04-30
most_recent.3.descriptor: Catch Basin Clogged/Flooding (Use Comments) (SC)
most_recent.3.address: 93-31 202 STREET
most_recent.4.date: 2026-04-24
most_recent.4.descriptor: Sewer Backup (Use Comments) (SA)
most_recent.4.address: 192-04 90 AVENUE",b0066,number,0
b0066_place,2026-05-06/framed/q03-planner-hollis,nyc311_nta,"In the last three years, Hunts Point recorded 435 flood-related service requests via NYC 311, dominated by Sewer Backup (296) and Catch Basin Clogged/Flooding (87) incidents .","n: 435
radius_m: None
years: 3
by_year.2023: 120
by_year.2024: 120
by_year.2025: 147
by_year.2026: 48
by_descriptor.Sewer Backup (Use Comments) (SA): 296
by_descriptor.Catch Basin Clogged/Flooding (Use Comments) (SC): 87
by_descriptor.Street Flooding (SJ): 42
by_descriptor.Manhole Overflow (Use Comments) (SA1): 10
most_recent.0.date: 2026-05-04
most_recent.0.descriptor: Sewer Backup (Use Comments) (SA)
most_recent.0.address: 99-15 196 STREET
most_recent.1.date: 2026-05-02
most_recent.1.descriptor: Sewer Backup (Use Comments) (SA)
most_recent.1.address: 186-15 JAMAICA AVENUE
most_recent.2.date: 2026-05-02
most_recent.2.descriptor: Sewer Backup (Use Comments) (SA)
most_recent.2.address: 186-17 JAMAICA AVENUE
most_recent.3.date: 2026-04-30
most_recent.3.descriptor: Catch Basin Clogged/Flooding (Use Comments) (SC)
most_recent.3.address: 93-31 202 STREET
most_recent.4.date: 2026-04-24
most_recent.4.descriptor: Sewer Backup (Use Comments) (SA)
most_recent.4.address: 192-04 90 AVENUE",b0066,place,0
b0067_none,2026-05-06/framed/q03-planner-hollis,dep_moderate_2050_nta,"Under a moderate stormwater scenario in 2050 with projected sea-level rise, 4.3% of Hollis is modeled to be flooded, with 1.9% in the nuisance band (>4 in to 1 ft) and 2.4% in the 1‑4 ft band .","scenario: dep_moderate_2050
label: DEP Moderate Stormwater (2.13 in/hr, 2050 SLR)
fraction_any: 0.0432 (4.3 %, 4 %)
fraction_class.1: 0.0192 (1.9 %, 2 %)
fraction_class.2: 0.024 (2.4 %, 2 %)
fraction_class.3: 0.0
polygon_area_m2: 2273263.1",b0067,none,1
b0067_doc_swap,2026-05-06/framed/q03-planner-hollis,nyc311_nta,"Under a moderate stormwater scenario in 2050 with projected sea-level rise, 4.3% of Hollis is modeled to be flooded, with 1.9% in the nuisance band (>4 in to 1 ft) and 2.4% in the 1‑4 ft band .","n: 83
radius_m: None
years: 3
by_year.2023: 16
by_year.2024: 19
by_year.2025: 39
by_year.2026: 9
by_descriptor.Catch Basin Clogged/Flooding (Use Comments) (SC): 30
by_descriptor.Sewer Backup (Use Comments) (SA): 30
by_descriptor.Street Flooding (SJ): 13
by_descriptor.Manhole Overflow (Use Comments) (SA1): 8
by_descriptor.Flooding on Street: 2
most_recent.0.date: 2026-04-27
most_recent.0.descriptor: Catch Basin Clogged/Flooding (Use Comments) (SC)
most_recent.0.address: 291 GRAND STREET
most_recent.1.date: 2026-03-16
most_recent.1.descriptor: Catch Basin Clogged/Flooding (Use Comments) (SC)
most_recent.1.address: 291 GRAND STREET
most_recent.2.date: 2026-03-05
most_recent.2.descriptor: Street Flooding (SJ)
most_recent.2.address: 295 GRAND STREET
most_recent.3.date: 2026-02-28
most_recent.3.descriptor: Sewer Backup (Use Comments) (SA)
most_recent.3.address: 62 MONROE STREET
most_recent.4.date: 2026-02-23
most_recent.4.descriptor: Street Flooding (SJ)
most_recent.4.address: None",b0067,doc_swap,0
b0067_number,2026-05-06/framed/q03-planner-hollis,dep_moderate_2050_nta,"Under a moderate stormwater scenario in 2050 with projected sea-level rise, 4.3% of Hollis is modeled to be flooded, with 2.8% in the nuisance band (>4 in to 1 ft) and 2.4% in the 1‑4 ft band .","scenario: dep_moderate_2050
label: DEP Moderate Stormwater (2.13 in/hr, 2050 SLR)
fraction_any: 0.0432 (4.3 %, 4 %)
fraction_class.1: 0.0192 (1.9 %, 2 %)
fraction_class.2: 0.024 (2.4 %, 2 %)
fraction_class.3: 0.0
polygon_area_m2: 2273263.1",b0067,number,0
b0067_place,2026-05-06/framed/q03-planner-hollis,dep_moderate_2050_nta,"Under a moderate stormwater scenario in 2050 with projected sea-level rise, 4.3% of Staten Island is modeled to be flooded, with 1.9% in the nuisance band (>4 in to 1 ft) and 2.4% in the 1‑4 ft band .","scenario: dep_moderate_2050
label: DEP Moderate Stormwater (2.13 in/hr, 2050 SLR)
fraction_any: 0.0432 (4.3 %, 4 %)
fraction_class.1: 0.0192 (1.9 %, 2 %)
fraction_class.2: 0.024 (2.4 %, 2 %)
fraction_class.3: 0.0
polygon_area_m2: 2273263.1",b0067,place,0
b0068_none,2026-05-06/framed/q03-planner-hollis,dep_moderate_current_nta,"The current moderate stormwater scenario yields identical flooding fractions of 4.3%, reflecting similar exposure levels .","scenario: dep_moderate_current
label: DEP Moderate Stormwater (2.13 in/hr, current SLR)
fraction_any: 0.0432 (4.3 %, 4 %)
fraction_class.1: 0.0192 (1.9 %, 2 %)
fraction_class.2: 0.024 (2.4 %, 2 %)
fraction_class.3: 0.0
polygon_area_m2: 2273263.1",b0068,none,1
b0068_doc_swap,2026-05-06/framed/q03-planner-hollis,ttm_forecast,"The current moderate stormwater scenario yields identical flooding fractions of 4.3%, reflecting similar exposure levels .","Source: Granite TimeSeries TTM r2 (Ekambaram et al. 2024, NeurIPS) — ibm-granite/granite-timeseries-ttm-r2 via granite-tsfm. Zero-shot forecast of the surge residual (observed minus astronomical tide) at the Battery, NY (NOAA station 8518750). 6-min cadence, ~51 h context, ~9.6 h horizon..
Gauge: The Battery, NY (NOAA 8518750, 3.8 km from address — closest of Battery / Kings Point / Sandy Hook).
Context window: 512 samples (~51.2 h of 6-min residual).
Forecast horizon: 96 samples (~9.6 h ahead).
Recent residual: 0.12 ft (residual = observed water level minus astronomical prediction).
Recent peak |residual| in context: 0.47 ft.
Forecast peak residual: 0.13 ft, expected 18 minutes from now (at 2026-05-06T06:22Z UTC).
INTERPRETATION: positive residual is a wind-driven setup or storm-surge component on top of the tide; the model predicts the non-tidal part NOAA's astronomical predictor does not cover.",b0068,doc_swap,0
b0068_number,2026-05-06/framed/q03-planner-hollis,dep_moderate_current_nta,"The current moderate stormwater scenario yields identical flooding fractions of 12.9%, reflecting similar exposure levels .","scenario: dep_moderate_current
label: DEP Moderate Stormwater (2.13 in/hr, current SLR)
fraction_any: 0.0432 (4.3 %, 4 %)
fraction_class.1: 0.0192 (1.9 %, 2 %)
fraction_class.2: 0.024 (2.4 %, 2 %)
fraction_class.3: 0.0
polygon_area_m2: 2273263.1",b0068,number,0
b0069_none,2026-05-06/framed/q03-planner-hollis,microtopo_nta,"Terrain analysis shows a median elevation of 18.47 m and 25.0% of the neighborhood's cells have a Height Above Nearest Drainage (HAND) below 1 m, indicating proximity to potential flood paths .","n_cells: 3601
elev_min_m: 14.38
elev_median_m: 18.47
elev_p10_m: 16.45
elev_max_m: 28.54
hand_median_m: 2.7
twi_median: 8.83
frac_hand_lt1: 0.2497 (25.0 %, 25 %)
frac_twi_gt10: 0.2821 (28.2 %, 28 %)",b0069,none,1
b0069_doc_swap,2026-05-06/framed/q03-planner-hollis,nws_obs,"Terrain analysis shows a median elevation of 18.47 m and 25.0% of the neighborhood's cells have a Height Above Nearest Drainage (HAND) below 1 m, indicating proximity to potential flood paths .","station_id: KNYC
station_name: Central Park, NY
distance_km: 11.4
obs_time: 2026-09-26T18:51:00+00:00
temp_c: 16.1
precip_last_hour_mm: None
precip_last_3h_mm: None
precip_last_6h_mm: None
narrative: Latest METAR at Central Park, NY (11.4 km away): 16.1°C (obs 2026-09-26T18:51).
error: None",b0069,doc_swap,0
b0069_number,2026-05-06/framed/q03-planner-hollis,microtopo_nta,"Terrain analysis shows a median elevation of 55.41 m and 25.0% of the neighborhood's cells have a Height Above Nearest Drainage (HAND) below 1 m, indicating proximity to potential flood paths .","n_cells: 3601
elev_min_m: 14.38
elev_median_m: 18.47
elev_p10_m: 16.45
elev_max_m: 28.54
hand_median_m: 2.7
twi_median: 8.83
frac_hand_lt1: 0.2497 (25.0 %, 25 %)
frac_twi_gt10: 0.2821 (28.2 %, 28 %)",b0069,number,0
b0069_direction,2026-05-06/framed/q03-planner-hollis,microtopo_nta,"Terrain analysis shows a median elevation of 18.47 m and 25.0% of the neighborhood's cells have a Height Above Nearest Drainage (HAND) above 1 m, indicating proximity to potential flood paths .","n_cells: 3601
elev_min_m: 14.38
elev_median_m: 18.47
elev_p10_m: 16.45
elev_max_m: 28.54
hand_median_m: 2.7
twi_median: 8.83
frac_hand_lt1: 0.2497 (25.0 %, 25 %)
frac_twi_gt10: 0.2821 (28.2 %, 28 %)",b0069,direction,0
b0070_none,2026-05-06/framed/q03-planner-hollis,dep_extreme_2080_nta,"The New York City Department of Environmental Protection (DEP) models extreme stormwater scenarios with 15.9% of Hollis at risk under a severe 2080 SLR projection, including 6.1% in the nuisance band and 9.8% in the 1‑4 ft band .","scenario: dep_extreme_2080
label: DEP Extreme Stormwater (3.66 in/hr, 2080 SLR)
fraction_any: 0.1591 (15.9 %, 16 %)
fraction_class.1: 0.0613 (6.1 %, 6 %)
fraction_class.2: 0.0978 (9.8 %, 10 %)
fraction_class.3: 0.0
polygon_area_m2: 2273263.1",b0070,none,1
b0070_doc_swap,2026-05-06/framed/q03-planner-hollis,ida_hwm,"The New York City Department of Environmental Protection (DEP) models extreme stormwater scenarios with 15.9% of Hollis at risk under a severe 2080 SLR projection, including 6.1% in the nuisance band and 9.8% in the 1‑4 ft band .","n_within_radius: 0
radius_m: 800
max_elev_ft: None
max_height_above_gnd_ft: None
nearest_dist_m: 1417.0
nearest_site: Intersection of Carroll St. and Nevins St., Gowanus, Brooklyn
nearest_elev_ft: 10.7
narrative: No Hurricane Ida (Sept 2021) high-water marks were surveyed within 800 m of this address. Nearest USGS-surveyed mark: Intersection of Carroll St. and Nevins St., Gowanus, Brooklyn (1417 m away).",b0070,doc_swap,0
b0070_number,2026-05-06/framed/q03-planner-hollis,dep_extreme_2080_nta,"The New York City Department of Environmental Protection (DEP) models extreme stormwater scenarios with 15.9% of Hollis at risk under a severe 2080 SLR projection, including 9.1% in the nuisance band and 9.8% in the 1‑4 ft band .","scenario: dep_extreme_2080
label: DEP Extreme Stormwater (3.66 in/hr, 2080 SLR)
fraction_any: 0.1591 (15.9 %, 16 %)
fraction_class.1: 0.0613 (6.1 %, 6 %)
fraction_class.2: 0.0978 (9.8 %, 10 %)
fraction_class.3: 0.0
polygon_area_m2: 2273263.1",b0070,number,0
b0070_place,2026-05-06/framed/q03-planner-hollis,dep_extreme_2080_nta,"The New York City Department of Environmental Protection (DEP) models extreme stormwater scenarios with 15.9% of Central Park at risk under a severe 2080 SLR projection, including 6.1% in the nuisance band and 9.8% in the 1‑4 ft band .","scenario: dep_extreme_2080
label: DEP Extreme Stormwater (3.66 in/hr, 2080 SLR)
fraction_any: 0.1591 (15.9 %, 16 %)
fraction_class.1: 0.0613 (6.1 %, 6 %)
fraction_class.2: 0.0978 (9.8 %, 10 %)
fraction_class.3: 0.0
polygon_area_m2: 2273263.1",b0070,place,0
b0071_none,2026-05-06/framed/q04-underwriter-houston,sandy,"Hurricane Sandy directly flooded this location on October 29‑30, 2012, confirming it was within the storm's inundation extent .","Source: NYC Sandy Inundation Zone (NYC OpenData 5xsi-dfpx, empirical extent of areas flooded by Hurricane Sandy in 2012).
FACT: The address is LOCATED WITHIN this empirical 2012 inundation extent.
INTERPRETATION: Hurricane Sandy did flood this address (or this immediate parcel) on October 29-30, 2012. This is a historical fact, not a model prediction.
Do not state the opposite. The address is inside the Sandy inundation zone.",b0071,none,1
b0071_doc_swap,2026-05-06/framed/q04-underwriter-houston,ttm_311_forecast,"Hurricane Sandy directly flooded this location on October 29‑30, 2012, confirming it was within the storm's inundation extent .","Source: IBM Granite TimeSeries TTM r2 (Ekambaram et al. 2024, NeurIPS) zero-shot forecast on NYC 311 flood-complaint history (Sewer Backup, Catch Basin Clogged/Flooding, Street Flooding, Manhole Overflow) within 200 m of the address.
Context window: 512 days (73 weeks) ending 2026-09-26.
Total complaints in context window: 10.
History recent 30-day rate: 0.0 complaints/day (≈0.14 per week).
Forecast horizon: 96 days (13 weeks) ahead.
Forecast rate: 0.019 complaints/day (≈0.13 per week).
Forecast peak day: 0.08 complaints, day +41.
Acceleration cue: no — forecast in line with recent baseline.
INTERPRETATION: this is a per-address pattern forecast, not a city-wide trend. Zero-history addresses get a zero-baseline forecast (legitimate); the more relevant cite is when there's a multi-month complaint history that the model is extrapolating.",b0071,doc_swap,0
b0071_number,2026-05-06/framed/q04-underwriter-houston,sandy,"Hurricane Sandy directly flooded this location on October 58‑30, 2012, confirming it was within the storm's inundation extent .","Source: NYC Sandy Inundation Zone (NYC OpenData 5xsi-dfpx, empirical extent of areas flooded by Hurricane Sandy in 2012).
FACT: The address is LOCATED WITHIN this empirical 2012 inundation extent.
INTERPRETATION: Hurricane Sandy did flood this address (or this immediate parcel) on October 29-30, 2012. This is a historical fact, not a model prediction.
Do not state the opposite. The address is inside the Sandy inundation zone.",b0071,number,0
b0071_direction,2026-05-06/framed/q04-underwriter-houston,sandy,"Hurricane Sandy directly flooded this location on October 29‑30, 2012, confirming it was beyond the storm's inundation extent .","Source: NYC Sandy Inundation Zone (NYC OpenData 5xsi-dfpx, empirical extent of areas flooded by Hurricane Sandy in 2012).
FACT: The address is LOCATED WITHIN this empirical 2012 inundation extent.
INTERPRETATION: Hurricane Sandy did flood this address (or this immediate parcel) on October 29-30, 2012. This is a historical fact, not a model prediction.
Do not state the opposite. The address is inside the Sandy inundation zone.",b0071,direction,0
b0072_none,2026-05-06/framed/q04-underwriter-houston,nyc311,"Over the last five years, there have been 19 flood-related 311 service requests within a 200 m radius, with the majority (14) describing clogged catch basins causing flooding .","Source: NYC 311 service requests (Socrata erm2-nwe9, 2010-present).
311 flood-related complaints within 200 m, last 5 years: 19.
Top descriptors and counts: Catch Basin Clogged/Flooding (Use Comments) (SC): 14; Sewer Backup (Use Comments) (SA): 3; Street Flooding (SJ): 1; Flooding on Street: 1.
Per-year counts: 2021: 4, 2022: 5, 2023: 4, 2025: 6.",b0072,none,1
b0072_doc_swap,2026-05-06/framed/q04-underwriter-houston,noaa_tides,"Over the last five years, there have been 19 flood-related 311 service requests within a 200 m radius, with the majority (14) describing clogged catch basins causing flooding .","Source: NOAA CO-OPS Tides & Currents API (api.tidesandcurrents.noaa.gov), 6-min cadence.
Nearest tide gauge: Kings Point, NY (NOAA station 8516945, 12.2 km away).
Observation time (LST/LDT): 2026-09-26 15:00.
Current observed water level above MLLW: 6.12 ft.
Astronomical tide prediction at the same instant: 5.12 ft above MLLW.
Residual (observed minus predicted): 1.0 ft — elevated above prediction (positive residual is consistent with wind-driven setup or storm surge).
Note: this is real-time tidal context for nearby coastal water level. The address itself may be inland — the reading describes the bay/harbor level the gauge is in, not the address.",b0072,doc_swap,0
b0072_number,2026-05-06/framed/q04-underwriter-houston,nyc311,"Over the last five years, there have been 38 flood-related 311 service requests within a 200 m radius, with the majority (14) describing clogged catch basins causing flooding .","Source: NYC 311 service requests (Socrata erm2-nwe9, 2010-present).
311 flood-related complaints within 200 m, last 5 years: 19.
Top descriptors and counts: Catch Basin Clogged/Flooding (Use Comments) (SC): 14; Sewer Backup (Use Comments) (SA): 3; Street Flooding (SJ): 1; Flooding on Street: 1.
Per-year counts: 2021: 4, 2022: 5, 2023: 4, 2025: 6.",b0072,number,0
b0072_direction,2026-05-06/framed/q04-underwriter-houston,nyc311,"Over the last five years, there have been 19 flood-related 311 service requests beyond a 200 m radius, with the majority (14) describing clogged catch basins causing flooding .","Source: NYC 311 service requests (Socrata erm2-nwe9, 2010-present).
311 flood-related complaints within 200 m, last 5 years: 19.
Top descriptors and counts: Catch Basin Clogged/Flooding (Use Comments) (SC): 14; Sewer Backup (Use Comments) (SA): 3; Street Flooding (SJ): 1; Flooding on Street: 1.
Per-year counts: 2021: 4, 2022: 5, 2023: 4, 2025: 6.",b0072,direction,0
b0073_none,2026-05-06/framed/q04-underwriter-houston,floodnet,"Additionally, three sensors within 600 m of the address recorded labeled flood events in the past three years, totaling five flood occurrences, indicating recurring localized flooding .","Source: FloodNet NYC ultrasonic depth sensor network (api.floodnet.nyc).
Sensors within 600 m: 5.
Sensors with labeled flood events in last 3 years: 3.
Total flood events at those sensors: 5.
Peak event: 17 mm depth at sensor nationally-simple-peacock starting 2026-03-12.",b0073,none,1
b0073_doc_swap,2026-05-06/framed/q04-underwriter-houston,dep_moderate_2050_nta,"Additionally, three sensors within 600 m of the address recorded labeled flood events in the past three years, totaling five flood occurrences, indicating recurring localized flooding .","scenario: dep_moderate_2050
label: DEP Moderate Stormwater (2.13 in/hr, 2050 SLR)
fraction_any: 0.0392 (3.9 %, 4 %)
fraction_class.1: 0.02 (2.0 %, 2 %)
fraction_class.2: 0.0102 (1.0 %, 1 %)
fraction_class.3: 0.009 (0.9 %, 1 %)
polygon_area_m2: 5649571.1",b0073,doc_swap,0
b0073_number,2026-05-06/framed/q04-underwriter-houston,floodnet,"Additionally, three sensors within 1800 m of the address recorded labeled flood events in the past three years, totaling five flood occurrences, indicating recurring localized flooding .","Source: FloodNet NYC ultrasonic depth sensor network (api.floodnet.nyc).
Sensors within 600 m: 5.
Sensors with labeled flood events in last 3 years: 3.
Total flood events at those sensors: 5.
Peak event: 17 mm depth at sensor nationally-simple-peacock starting 2026-03-12.",b0073,number,0
b0073_direction,2026-05-06/framed/q04-underwriter-houston,floodnet,"Additionally, three sensors beyond 600 m of the address recorded labeled flood events in the past three years, totaling five flood occurrences, indicating recurring localized flooding .","Source: FloodNet NYC ultrasonic depth sensor network (api.floodnet.nyc).
Sensors within 600 m: 5.
Sensors with labeled flood events in last 3 years: 3.
Total flood events at those sensors: 5.
Peak event: 17 mm depth at sensor nationally-simple-peacock starting 2026-03-12.",b0073,direction,0
b0074_none,2026-05-06/framed/q04-underwriter-houston,microtopo,"The terrain analysis shows the point elevation at this address is 3.0 m above sea level, situated on a mid‑slope with 48.8 % of surrounding cells within a 200 m radius being lower in elevation, and 52.9 % within a 750 m radius .","Source: USGS 3DEP 30 m DEM (LiDAR-derived) via py3dep, with TWI and HAND derived using whitebox-workflows hydrology toolkit.
Point elevation at this address: 3.0 m above sea level.
Topographic position relative to surroundings: MID-SLOPE — neither a clear low point nor high ground.
Fraction of cells within 200 m radius that are LOWER in elevation than this address: 48.8%.
Fraction of cells within 750 m radius that are LOWER in elevation than this address: 52.9%.
Basin relief (max elevation in 750 m AOI minus address elevation): 6.7 m.
Height Above Nearest Drainage (HAND): 3.0 m. Interpretation: moderate (3-8 m) — typical urban-block elevation above drainage. HAND is the standard hydrology index for vertical distance from a cell to the nearest channel; used by USGS, USACE, and InfoWorks ICM.
Topographic Wetness Index (TWI): 8.92. Interpretation: moderate. TWI = ln(specific catchment area / tan slope) is the TOPMODEL framework's saturation propensity metric.",b0074,none,1
b0074_doc_swap,2026-05-06/framed/q04-underwriter-houston,noaa_tides,"The terrain analysis shows the point elevation at this address is 3.0 m above sea level, situated on a mid‑slope with 48.8 % of surrounding cells within a 200 m radius being lower in elevation, and 52.9 % within a 750 m radius .","Source: NOAA CO-OPS Tides & Currents API (api.tidesandcurrents.noaa.gov), 6-min cadence.
Nearest tide gauge: Kings Point, NY (NOAA station 8516945, 11.1 km away).
Observation time (LST/LDT): 2026-09-26 15:06.
Current observed water level above MLLW: 5.9 ft.
Astronomical tide prediction at the same instant: 4.89 ft above MLLW.
Residual (observed minus predicted): 1.01 ft — elevated above prediction (positive residual is consistent with wind-driven setup or storm surge).
Note: this is real-time tidal context for nearby coastal water level. The address itself may be inland — the reading describes the bay/harbor level the gauge is in, not the address.",b0074,doc_swap,0
b0074_number,2026-05-06/framed/q04-underwriter-houston,microtopo,"The terrain analysis shows the point elevation at this address is 3.0 m above sea level, situated on a mid‑slope with 48.8 % of surrounding cells within a 200 m radius being lower in elevation, and 52.9 % within a 2250 m radius .","Source: USGS 3DEP 30 m DEM (LiDAR-derived) via py3dep, with TWI and HAND derived using whitebox-workflows hydrology toolkit.
Point elevation at this address: 3.0 m above sea level.
Topographic position relative to surroundings: MID-SLOPE — neither a clear low point nor high ground.
Fraction of cells within 200 m radius that are LOWER in elevation than this address: 48.8%.
Fraction of cells within 750 m radius that are LOWER in elevation than this address: 52.9%.
Basin relief (max elevation in 750 m AOI minus address elevation): 6.7 m.
Height Above Nearest Drainage (HAND): 3.0 m. Interpretation: moderate (3-8 m) — typical urban-block elevation above drainage. HAND is the standard hydrology index for vertical distance from a cell to the nearest channel; used by USGS, USACE, and InfoWorks ICM.
Topographic Wetness Index (TWI): 8.92. Interpretation: moderate. TWI = ln(specific catchment area / tan slope) is the TOPMODEL framework's saturation propensity metric.",b0074,number,0
b0074_direction,2026-05-06/framed/q04-underwriter-houston,microtopo,"The terrain analysis shows the point elevation at this address is 3.0 m above sea level, situated on a mid‑slope with 48.8 % of surrounding cells within a 200 m radius being higher in elevation, and 52.9 % within a 750 m radius .","Source: USGS 3DEP 30 m DEM (LiDAR-derived) via py3dep, with TWI and HAND derived using whitebox-workflows hydrology toolkit.
Point elevation at this address: 3.0 m above sea level.
Topographic position relative to surroundings: MID-SLOPE — neither a clear low point nor high ground.
Fraction of cells within 200 m radius that are LOWER in elevation than this address: 48.8%.
Fraction of cells within 750 m radius that are LOWER in elevation than this address: 52.9%.
Basin relief (max elevation in 750 m AOI minus address elevation): 6.7 m.
Height Above Nearest Drainage (HAND): 3.0 m. Interpretation: moderate (3-8 m) — typical urban-block elevation above drainage. HAND is the standard hydrology index for vertical distance from a cell to the nearest channel; used by USGS, USACE, and InfoWorks ICM.
Topographic Wetness Index (TWI): 8.92. Interpretation: moderate. TWI = ln(specific catchment area / tan slope) is the TOPMODEL framework's saturation propensity metric.",b0074,direction,0
b0075_none,2026-05-06/framed/q04-underwriter-houston,microtopo,"The Topographic Wetness Index (TWI) is 8.92, indicating moderate saturation propensity, while the Height Above Nearest Drainage (HAND) is 3.0 m, reflecting typical urban‑block elevation above drainage .","Source: USGS 3DEP 30 m DEM (LiDAR-derived) via py3dep, with TWI and HAND derived using whitebox-workflows hydrology toolkit.
Point elevation at this address: 3.0 m above sea level.
Topographic position relative to surroundings: MID-SLOPE — neither a clear low point nor high ground.
Fraction of cells within 200 m radius that are LOWER in elevation than this address: 48.8%.
Fraction of cells within 750 m radius that are LOWER in elevation than this address: 52.9%.
Basin relief (max elevation in 750 m AOI minus address elevation): 6.7 m.
Height Above Nearest Drainage (HAND): 3.0 m. Interpretation: moderate (3-8 m) — typical urban-block elevation above drainage. HAND is the standard hydrology index for vertical distance from a cell to the nearest channel; used by USGS, USACE, and InfoWorks ICM.
Topographic Wetness Index (TWI): 8.92. Interpretation: moderate. TWI = ln(specific catchment area / tan slope) is the TOPMODEL framework's saturation propensity metric.",b0075,none,1
b0075_doc_swap,2026-05-06/framed/q04-underwriter-houston,ida_hwm,"The Topographic Wetness Index (TWI) is 8.92, indicating moderate saturation propensity, while the Height Above Nearest Drainage (HAND) is 3.0 m, reflecting typical urban‑block elevation above drainage .","n_within_radius: 0
radius_m: 800
max_elev_ft: None
max_height_above_gnd_ft: None
nearest_dist_m: 2092.0
nearest_site: Intersection of 182nd St. and 90th Ave., Jamaica, Queens
nearest_elev_ft: 48.2
narrative: No Hurricane Ida (Sept 2021) high-water marks were surveyed within 800 m of this address. Nearest USGS-surveyed mark: Intersection of 182nd St. and 90th Ave., Jamaica, Queens (2092 m away).",b0075,doc_swap,0
b0075_number,2026-05-06/framed/q04-underwriter-houston,microtopo,"The Topographic Wetness Index (TWI) is 8.92, indicating moderate saturation propensity, while the Height Above Nearest Drainage (HAND) is 4.5 m, reflecting typical urban‑block elevation above drainage .","Source: USGS 3DEP 30 m DEM (LiDAR-derived) via py3dep, with TWI and HAND derived using whitebox-workflows hydrology toolkit.
Point elevation at this address: 3.0 m above sea level.
Topographic position relative to surroundings: MID-SLOPE — neither a clear low point nor high ground.
Fraction of cells within 200 m radius that are LOWER in elevation than this address: 48.8%.
Fraction of cells within 750 m radius that are LOWER in elevation than this address: 52.9%.
Basin relief (max elevation in 750 m AOI minus address elevation): 6.7 m.
Height Above Nearest Drainage (HAND): 3.0 m. Interpretation: moderate (3-8 m) — typical urban-block elevation above drainage. HAND is the standard hydrology index for vertical distance from a cell to the nearest channel; used by USGS, USACE, and InfoWorks ICM.
Topographic Wetness Index (TWI): 8.92. Interpretation: moderate. TWI = ln(specific catchment area / tan slope) is the TOPMODEL framework's saturation propensity metric.",b0075,number,0
b0075_direction,2026-05-06/framed/q04-underwriter-houston,microtopo,"The Topographic Wetness Index (TWI) is 8.92, indicating moderate saturation propensity, while the Height Above Nearest Drainage (HAND) is 3.0 m, reflecting typical urban‑block elevation below drainage .","Source: USGS 3DEP 30 m DEM (LiDAR-derived) via py3dep, with TWI and HAND derived using whitebox-workflows hydrology toolkit.
Point elevation at this address: 3.0 m above sea level.
Topographic position relative to surroundings: MID-SLOPE — neither a clear low point nor high ground.
Fraction of cells within 200 m radius that are LOWER in elevation than this address: 48.8%.
Fraction of cells within 750 m radius that are LOWER in elevation than this address: 52.9%.
Basin relief (max elevation in 750 m AOI minus address elevation): 6.7 m.
Height Above Nearest Drainage (HAND): 3.0 m. Interpretation: moderate (3-8 m) — typical urban-block elevation above drainage. HAND is the standard hydrology index for vertical distance from a cell to the nearest channel; used by USGS, USACE, and InfoWorks ICM.
Topographic Wetness Index (TWI): 8.92. Interpretation: moderate. TWI = ln(specific catchment area / tan slope) is the TOPMODEL framework's saturation propensity metric.",b0075,direction,0
b0076_none,2026-05-06/framed/q05-journalist-coney,sandy_nta,"Coney Island-Sea Gate (NTA BK1302) in Brooklyn experiences significant flood exposure, as evidenced by 87.5% of its area being inundated during Hurricane Sandy .","overlap_area_m2: 3870613.4
polygon_area_m2: 4421167.4
fraction: 0.8755 (87.5 %, 88 %)
inside: True",b0076,none,1
b0076_doc_swap,2026-05-06/framed/q05-journalist-coney,ttm_forecast,"Coney Island-Sea Gate (NTA BK1302) in Brooklyn experiences significant flood exposure, as evidenced by 87.5% of its area being inundated during Hurricane Sandy .","Source: Granite TimeSeries TTM r2 (Ekambaram et al. 2024, NeurIPS) — ibm-granite/granite-timeseries-ttm-r2 via granite-tsfm. Zero-shot forecast of the surge residual (observed minus astronomical tide) at the Battery, NY (NOAA station 8518750). 6-min cadence, ~51 h context, ~9.6 h horizon..
Gauge: The Battery, NY (NOAA 8518750, 2.5 km from address — closest of Battery / Kings Point / Sandy Hook).
Context window: 512 samples (~51.2 h of 6-min residual).
Forecast horizon: 96 samples (~9.6 h ahead).
Recent residual: 0.12 ft (residual = observed water level minus astronomical prediction).
Recent peak |residual| in context: 0.47 ft.
Forecast peak residual: 0.13 ft, expected 18 minutes from now (at 2026-05-06T06:17Z UTC).
INTERPRETATION: positive residual is a wind-driven setup or storm-surge component on top of the tide; the model predicts the non-tidal part NOAA's astronomical predictor does not cover.",b0076,doc_swap,0
b0076_number,2026-05-06/framed/q05-journalist-coney,sandy_nta,"Coney Island-Sea Gate (NTA BK1302) in Brooklyn experiences significant flood exposure, as evidenced by 43.8% of its area being inundated during Hurricane Sandy .","overlap_area_m2: 3870613.4
polygon_area_m2: 4421167.4
fraction: 0.8755 (87.5 %, 88 %)
inside: True",b0076,number,0
b0076_place,2026-05-06/framed/q05-journalist-coney,sandy_nta,"Long Island City-Sea Gate (NTA BK1302) in Brooklyn experiences significant flood exposure, as evidenced by 87.5% of its area being inundated during Hurricane Sandy .","overlap_area_m2: 3870613.4
polygon_area_m2: 4421167.4
fraction: 0.8755 (87.5 %, 88 %)
inside: True",b0076,place,0
b0077_none,2026-05-06/framed/q05-journalist-coney,nyc311_nta,"Over the past three years, there have been 382 flood-related complaints logged via NYC 311 within Coney Island-Sea Gate, with the most common descriptors being Sewer Backup (148 instances), Street Flooding (94 instances), and Catch Basin Clogged/Flooding (71 instances) .","n: 382
radius_m: None
years: 3
by_year.2023: 190
by_year.2024: 93
by_year.2025: 73
by_year.2026: 26
by_descriptor.Sewer Backup (Use Comments) (SA): 148
by_descriptor.Street Flooding (SJ): 94
by_descriptor.Catch Basin Clogged/Flooding (Use Comments) (SC): 71
by_descriptor.Flooding on Street: 42
by_descriptor.Manhole Overflow (Use Comments) (SA1): 27
most_recent.0.date: 2026-05-02
most_recent.0.descriptor: Sewer Backup (Use Comments) (SA)
most_recent.0.address: 2830 WEST   36 STREET
most_recent.1.date: 2026-04-25
most_recent.1.descriptor: Catch Basin Clogged/Flooding (Use Comments) (SC)
most_recent.1.address: None
most_recent.2.date: 2026-04-24
most_recent.2.descriptor: Sewer Backup (Use Comments) (SA)
most_recent.2.address: 2803 WEST   16 STREET
most_recent.3.date: 2026-04-18
most_recent.3.descriptor: Sewer Backup (Use Comments) (SA)
most_recent.3.address: 2830 WEST   36 STREET
most_recent.4.date: 2026-03-30
most_recent.4.descriptor: Catch Basin Clogged/Flooding (Use Comments) (SC)
most_recent.4.address: None",b0077,none,1
b0077_doc_swap,2026-05-06/framed/q05-journalist-coney,dep_moderate_2050_nta,"Over the past three years, there have been 382 flood-related complaints logged via NYC 311 within Coney Island-Sea Gate, with the most common descriptors being Sewer Backup (148 instances), Street Flooding (94 instances), and Catch Basin Clogged/Flooding (71 instances) .","scenario: dep_moderate_2050
label: DEP Moderate Stormwater (2.13 in/hr, 2050 SLR)
fraction_any: 0.0776 (7.8 %, 8 %)
fraction_class.1: 0.0313 (3.1 %, 3 %)
fraction_class.2: 0.0035 (0.4 %, 0 %)
fraction_class.3: 0.0428 (4.3 %, 4 %)
polygon_area_m2: 4421167.4",b0077,doc_swap,0
b0077_number,2026-05-06/framed/q05-journalist-coney,nyc311_nta,"Over the past three years, there have been 764 flood-related complaints logged via NYC 311 within Coney Island-Sea Gate, with the most common descriptors being Sewer Backup (148 instances), Street Flooding (94 instances), and Catch Basin Clogged/Flooding (71 instances) .","n: 382
radius_m: None
years: 3
by_year.2023: 190
by_year.2024: 93
by_year.2025: 73
by_year.2026: 26
by_descriptor.Sewer Backup (Use Comments) (SA): 148
by_descriptor.Street Flooding (SJ): 94
by_descriptor.Catch Basin Clogged/Flooding (Use Comments) (SC): 71
by_descriptor.Flooding on Street: 42
by_descriptor.Manhole Overflow (Use Comments) (SA1): 27
most_recent.0.date: 2026-05-02
most_recent.0.descriptor: Sewer Backup (Use Comments) (SA)
most_recent.0.address: 2830 WEST   36 STREET
most_recent.1.date: 2026-04-25
most_recent.1.descriptor: Catch Basin Clogged/Flooding (Use Comments) (SC)
most_recent.1.address: None
most_recent.2.date: 2026-04-24
most_recent.2.descriptor: Sewer Backup (Use Comments) (SA)
most_recent.2.address: 2803 WEST   16 STREET
most_recent.3.date: 2026-04-18
most_recent.3.descriptor: Sewer Backup (Use Comments) (SA)
most_recent.3.address: 2830 WEST   36 STREET
most_recent.4.date: 2026-03-30
most_recent.4.descriptor: Catch Basin Clogged/Flooding (Use Comments) (SC)
most_recent.4.address: None",b0077,number,0
b0077_direction,2026-05-06/framed/q05-journalist-coney,nyc311_nta,"Over the past three years, there have been 382 flood-related complaints logged via NYC 311 beyond Coney Island-Sea Gate, with the most common descriptors being Sewer Backup (148 instances), Street Flooding (94 instances), and Catch Basin Clogged/Flooding (71 instances) .","n: 382
radius_m: None
years: 3
by_year.2023: 190
by_year.2024: 93
by_year.2025: 73
by_year.2026: 26
by_descriptor.Sewer Backup (Use Comments) (SA): 148
by_descriptor.Street Flooding (SJ): 94
by_descriptor.Catch Basin Clogged/Flooding (Use Comments) (SC): 71
by_descriptor.Flooding on Street: 42
by_descriptor.Manhole Overflow (Use Comments) (SA1): 27
most_recent.0.date: 2026-05-02
most_recent.0.descriptor: Sewer Backup (Use Comments) (SA)
most_recent.0.address: 2830 WEST   36 STREET
most_recent.1.date: 2026-04-25
most_recent.1.descriptor: Catch Basin Clogged/Flooding (Use Comments) (SC)
most_recent.1.address: None
most_recent.2.date: 2026-04-24
most_recent.2.descriptor: Sewer Backup (Use Comments) (SA)
most_recent.2.address: 2803 WEST   16 STREET
most_recent.3.date: 2026-04-18
most_recent.3.descriptor: Sewer Backup (Use Comments) (SA)
most_recent.3.address: 2830 WEST   36 STREET
most_recent.4.date: 2026-03-30
most_recent.4.descriptor: Catch Basin Clogged/Flooding (Use Comments) (SC)
most_recent.4.address: None",b0077,direction,0
b0077_place,2026-05-06/framed/q05-journalist-coney,nyc311_nta,"Over the past three years, there have been 382 flood-related complaints logged via NYC 311 within the Bronx-Sea Gate, with the most common descriptors being Sewer Backup (148 instances), Street Flooding (94 instances), and Catch Basin Clogged/Flooding (71 instances) .","n: 382
radius_m: None
years: 3
by_year.2023: 190
by_year.2024: 93
by_year.2025: 73
by_year.2026: 26
by_descriptor.Sewer Backup (Use Comments) (SA): 148
by_descriptor.Street Flooding (SJ): 94
by_descriptor.Catch Basin Clogged/Flooding (Use Comments) (SC): 71
by_descriptor.Flooding on Street: 42
by_descriptor.Manhole Overflow (Use Comments) (SA1): 27
most_recent.0.date: 2026-05-02
most_recent.0.descriptor: Sewer Backup (Use Comments) (SA)
most_recent.0.address: 2830 WEST   36 STREET
most_recent.1.date: 2026-04-25
most_recent.1.descriptor: Catch Basin Clogged/Flooding (Use Comments) (SC)
most_recent.1.address: None
most_recent.2.date: 2026-04-24
most_recent.2.descriptor: Sewer Backup (Use Comments) (SA)
most_recent.2.address: 2803 WEST   16 STREET
most_recent.3.date: 2026-04-18
most_recent.3.descriptor: Sewer Backup (Use Comments) (SA)
most_recent.3.address: 2830 WEST   36 STREET
most_recent.4.date: 2026-03-30
most_recent.4.descriptor: Catch Basin Clogged/Flooding (Use Comments) (SC)
most_recent.4.address: None",b0077,place,0
b0078_none,2026-05-06/framed/q05-journalist-coney,dep_moderate_2050_nta,"Under a moderate stormwater scenario in 2050 with projected sea level rise, 7.8% of the neighborhood is modeled to be flooded, with 3.1% falling into the nuisance band (>4 inches to 1 foot), 0.4% in the 1-4 foot band, and 4.3% exceeding 4 feet .","scenario: dep_moderate_2050
label: DEP Moderate Stormwater (2.13 in/hr, 2050 SLR)
fraction_any: 0.0776 (7.8 %, 8 %)
fraction_class.1: 0.0313 (3.1 %, 3 %)
fraction_class.2: 0.0035 (0.4 %, 0 %)
fraction_class.3: 0.0428 (4.3 %, 4 %)
polygon_area_m2: 4421167.4",b0078,none,1
b0078_doc_swap,2026-05-06/framed/q05-journalist-coney,sandy,"Under a moderate stormwater scenario in 2050 with projected sea level rise, 7.8% of the neighborhood is modeled to be flooded, with 3.1% falling into the nuisance band (>4 inches to 1 foot), 0.4% in the 1-4 foot band, and 4.3% exceeding 4 feet .","Source: NYC Sandy Inundation Zone (NYC OpenData 5xsi-dfpx, empirical extent of areas flooded by Hurricane Sandy in 2012).
FACT: The address is LOCATED WITHIN this empirical 2012 inundation extent.
INTERPRETATION: Hurricane Sandy did flood this address (or this immediate parcel) on October 29-30, 2012. This is a historical fact, not a model prediction.
Do not state the opposite. The address is inside the Sandy inundation zone.",b0078,doc_swap,0
b0078_number,2026-05-06/framed/q05-journalist-coney,dep_moderate_2050_nta,"Under a moderate stormwater scenario in 2050 with projected sea level rise, 7.8% of the neighborhood is modeled to be flooded, with 1.6% falling into the nuisance band (>4 inches to 1 foot), 0.4% in the 1-4 foot band, and 4.3% exceeding 4 feet .","scenario: dep_moderate_2050
label: DEP Moderate Stormwater (2.13 in/hr, 2050 SLR)
fraction_any: 0.0776 (7.8 %, 8 %)
fraction_class.1: 0.0313 (3.1 %, 3 %)
fraction_class.2: 0.0035 (0.4 %, 0 %)
fraction_class.3: 0.0428 (4.3 %, 4 %)
polygon_area_m2: 4421167.4",b0078,number,0
b0078_direction,2026-05-06/framed/q05-journalist-coney,dep_moderate_2050_nta,"Under a moderate stormwater scenario in 2050 with projected sea level rise, 7.8% of the neighborhood is modeled to be flooded, with 3.1% rising into the nuisance band (>4 inches to 1 foot), 0.4% in the 1-4 foot band, and 4.3% exceeding 4 feet .","scenario: dep_moderate_2050
label: DEP Moderate Stormwater (2.13 in/hr, 2050 SLR)
fraction_any: 0.0776 (7.8 %, 8 %)
fraction_class.1: 0.0313 (3.1 %, 3 %)
fraction_class.2: 0.0035 (0.4 %, 0 %)
fraction_class.3: 0.0428 (4.3 %, 4 %)
polygon_area_m2: 4421167.4",b0078,direction,0
b0079_none,2026-05-06/framed/q05-journalist-coney,dep_moderate_current_nta,"In a current moderate stormwater scenario, only 2.1% of the area is projected to flood, predominantly in the nuisance band (1.9%) with no significant flooding above 4 feet .","scenario: dep_moderate_current
label: DEP Moderate Stormwater (2.13 in/hr, current SLR)
fraction_any: 0.0207 (2.1 %, 2 %)
fraction_class.1: 0.0188 (1.9 %, 2 %)
fraction_class.2: 0.0019 (0.2 %, 0 %)
fraction_class.3: 0.0
polygon_area_m2: 4421167.4",b0079,none,1
b0079_doc_swap,2026-05-06/framed/q05-journalist-coney,ttm_311_forecast,"In a current moderate stormwater scenario, only 2.1% of the area is projected to flood, predominantly in the nuisance band (1.9%) with no significant flooding above 4 feet .","Source: IBM Granite TimeSeries TTM r2 (Ekambaram et al. 2024, NeurIPS) zero-shot forecast on NYC 311 flood-complaint history (Sewer Backup, Catch Basin Clogged/Flooding, Street Flooding, Manhole Overflow) within 200 m of the address.
Context window: 512 days (73 weeks) ending 2026-09-26.
Total complaints in context window: 3.
History recent 30-day rate: 0.0 complaints/day (≈0.04 per week).
Forecast horizon: 96 days (13 weeks) ahead.
Forecast rate: 0.005 complaints/day (≈0.04 per week).
Forecast peak day: 0.02 complaints, day +19.
Acceleration cue: no — forecast in line with recent baseline.
INTERPRETATION: this is a per-address pattern forecast, not a city-wide trend. Zero-history addresses get a zero-baseline forecast (legitimate); the more relevant cite is when there's a multi-month complaint history that the model is extrapolating.",b0079,doc_swap,0
b0079_number,2026-05-06/framed/q05-journalist-coney,dep_moderate_current_nta,"In a current moderate stormwater scenario, only 1.1% of the area is projected to flood, predominantly in the nuisance band (1.9%) with no significant flooding above 4 feet .","scenario: dep_moderate_current
label: DEP Moderate Stormwater (2.13 in/hr, current SLR)
fraction_any: 0.0207 (2.1 %, 2 %)
fraction_class.1: 0.0188 (1.9 %, 2 %)
fraction_class.2: 0.0019 (0.2 %, 0 %)
fraction_class.3: 0.0
polygon_area_m2: 4421167.4",b0079,number,0
b0079_direction,2026-05-06/framed/q05-journalist-coney,dep_moderate_current_nta,"In a current moderate stormwater scenario, only 2.1% of the area is projected to flood, predominantly in the nuisance band (1.9%) with no significant flooding below 4 feet .","scenario: dep_moderate_current
label: DEP Moderate Stormwater (2.13 in/hr, current SLR)
fraction_any: 0.0207 (2.1 %, 2 %)
fraction_class.1: 0.0188 (1.9 %, 2 %)
fraction_class.2: 0.0019 (0.2 %, 0 %)
fraction_class.3: 0.0
polygon_area_m2: 4421167.4",b0079,direction,0
b0080_none,2026-05-06/framed/q05-journalist-coney,microtopo_nta,"The neighborhood's terrain shows a median elevation of 1.55 meters and a median HAND of 1.3 meters, indicating that 38.9% of its cells have HAND below 1 meter, suggesting vulnerability to water reaching at flood levels .","n_cells: 6991
elev_min_m: -1.62
elev_median_m: 1.55
elev_p10_m: 0.23
elev_max_m: 6.5
hand_median_m: 1.3
twi_median: 9.36
frac_hand_lt1: 0.3894 (38.9 %, 39 %)
frac_twi_gt10: 0.365 (36.5 %, 36 %)",b0080,none,1
b0080_doc_swap,2026-05-06/framed/q05-journalist-coney,nws_obs,"The neighborhood's terrain shows a median elevation of 1.55 meters and a median HAND of 1.3 meters, indicating that 38.9% of its cells have HAND below 1 meter, suggesting vulnerability to water reaching at flood levels .","station_id: KJFK
station_name: JFK Airport, NY
distance_km: 7.3
obs_time: 2026-09-26T18:40:00+00:00
temp_c: 17.0
precip_last_hour_mm: None
precip_last_3h_mm: None
precip_last_6h_mm: None
narrative: Latest METAR at JFK Airport, NY (7.3 km away): 17.0°C (obs 2026-09-26T18:40).
error: None",b0080,doc_swap,0
b0080_number,2026-05-06/framed/q05-journalist-coney,microtopo_nta,"The neighborhood's terrain shows a median elevation of 1.55 meters and a median HAND of 1.3 meters, indicating that 116.7% of its cells have HAND below 1 meter, suggesting vulnerability to water reaching at flood levels .","n_cells: 6991
elev_min_m: -1.62
elev_median_m: 1.55
elev_p10_m: 0.23
elev_max_m: 6.5
hand_median_m: 1.3
twi_median: 9.36
frac_hand_lt1: 0.3894 (38.9 %, 39 %)
frac_twi_gt10: 0.365 (36.5 %, 36 %)",b0080,number,0
b0080_direction,2026-05-06/framed/q05-journalist-coney,microtopo_nta,"The neighborhood's terrain shows a median elevation of 1.55 meters and a median HAND of 1.3 meters, indicating that 38.9% of its cells have HAND above 1 meter, suggesting vulnerability to water reaching at flood levels .","n_cells: 6991
elev_min_m: -1.62
elev_median_m: 1.55
elev_p10_m: 0.23
elev_max_m: 6.5
hand_median_m: 1.3
twi_median: 9.36
frac_hand_lt1: 0.3894 (38.9 %, 39 %)
frac_twi_gt10: 0.365 (36.5 %, 36 %)",b0080,direction,0
b0081_none,2026-05-06/framed/q08-planner-hammels,sandy_nta,"Rockaway Beach-Arverne-Edgemere (NTA QN1402), located in Community District QN14 The Rockaways of Queens, experiences significant flood exposure, as evidenced by 88.1% inundation during Hurricane Sandy .","overlap_area_m2: 4131500.9
polygon_area_m2: 4691834.0
fraction: 0.8806 (88.1 %, 88 %)
inside: True",b0081,none,1
b0081_doc_swap,2026-05-06/framed/q08-planner-hammels,microtopo,"Rockaway Beach-Arverne-Edgemere (NTA QN1402), located in Community District QN14 The Rockaways of Queens, experiences significant flood exposure, as evidenced by 88.1% inundation during Hurricane Sandy .","Source: USGS 3DEP 30 m DEM (LiDAR-derived) via py3dep, with TWI and HAND derived using whitebox-workflows hydrology toolkit.
Point elevation at this address: 1.37 m above sea level.
Topographic position relative to surroundings: topographic LOW POINT — surface runoff in the 200 m neighbourhood routes toward this location.
Fraction of cells within 200 m radius that are LOWER in elevation than this address: 0.8%.
Fraction of cells within 750 m radius that are LOWER in elevation than this address: 23.8%.
Basin relief (max elevation in 750 m AOI minus address elevation): 13.27 m.
Height Above Nearest Drainage (HAND): 3.81 m. Interpretation: moderate (3-8 m) — typical urban-block elevation above drainage. HAND is the standard hydrology index for vertical distance from a cell to the nearest channel; used by USGS, USACE, and InfoWorks ICM.
Topographic Wetness Index (TWI): 14.79. Interpretation: very high — saturation-prone terrain. TWI = ln(specific catchment area / tan slope) is the TOPMODEL framework's saturation propensity metric.",b0081,doc_swap,0
b0081_number,2026-05-06/framed/q08-planner-hammels,sandy_nta,"Rockaway Beach-Arverne-Edgemere (NTA QN1402), located in Community District QN14 The Rockaways of Queens, experiences significant flood exposure, as evidenced by 26.4% inundation during Hurricane Sandy .","overlap_area_m2: 4131500.9
polygon_area_m2: 4691834.0
fraction: 0.8806 (88.1 %, 88 %)
inside: True",b0081,number,0
b0081_place,2026-05-06/framed/q08-planner-hammels,sandy_nta,"Central Park Beach-Arverne-Edgemere (NTA QN1402), located in Community District QN14 The Rockaways of Queens, experiences significant flood exposure, as evidenced by 88.1% inundation during Hurricane Sandy .","overlap_area_m2: 4131500.9
polygon_area_m2: 4691834.0
fraction: 0.8806 (88.1 %, 88 %)
inside: True",b0081,place,0
b0082_none,2026-05-06/framed/q08-planner-hammels,nyc311_nta,"The neighborhood has seen 800 flood-related complaints over the last three years via NYC 311 services, with top descriptors being Sewer Backup (327), Catch Basin Clogged/Flooding (222), and Street Flooding (197) .","n: 800
radius_m: None
years: 3
by_year.2023: 211
by_year.2024: 309
by_year.2025: 197
by_year.2026: 83
by_descriptor.Sewer Backup (Use Comments) (SA): 327
by_descriptor.Catch Basin Clogged/Flooding (Use Comments) (SC): 222
by_descriptor.Street Flooding (SJ): 197
by_descriptor.Manhole Overflow (Use Comments) (SA1): 43
by_descriptor.Flooding on Street: 11
most_recent.0.date: 2026-05-04
most_recent.0.descriptor: Street Flooding (SJ)
most_recent.0.address: 643 B   67 STREET
most_recent.1.date: 2026-05-03
most_recent.1.descriptor: Sewer Backup (Use Comments) (SA)
most_recent.1.address: 236 BEACH   87 STREET
most_recent.2.date: 2026-05-02
most_recent.2.descriptor: Sewer Backup (Use Comments) (SA)
most_recent.2.address: 69-41 HESSLER AVENUE
most_recent.3.date: 2026-05-02
most_recent.3.descriptor: Street Flooding (SJ)
most_recent.3.address: 161 BEACH   62 STREET
most_recent.4.date: 2026-05-01
most_recent.4.descriptor: Manhole Overflow (Use Comments) (SA1)
most_recent.4.address: 236 BEACH   87 STREET",b0082,none,1
b0082_doc_swap,2026-05-06/framed/q08-planner-hammels,ttm_311_forecast,"The neighborhood has seen 800 flood-related complaints over the last three years via NYC 311 services, with top descriptors being Sewer Backup (327), Catch Basin Clogged/Flooding (222), and Street Flooding (197) .","Source: IBM Granite TimeSeries TTM r2 (Ekambaram et al. 2024, NeurIPS) zero-shot forecast on NYC 311 flood-complaint history (Sewer Backup, Catch Basin Clogged/Flooding, Street Flooding, Manhole Overflow) within 200 m of the address.
Context window: 512 days (73 weeks) ending 2026-09-26.
Total complaints in context window: 14.
History recent 30-day rate: 0.0 complaints/day (≈0.19 per week).
Forecast horizon: 96 days (13 weeks) ahead.
Forecast rate: 0.009 complaints/day (≈0.06 per week).
Forecast peak day: 0.06 complaints, day +14.
Acceleration cue: no — forecast in line with recent baseline.
INTERPRETATION: this is a per-address pattern forecast, not a city-wide trend. Zero-history addresses get a zero-baseline forecast (legitimate); the more relevant cite is when there's a multi-month complaint history that the model is extrapolating.",b0082,doc_swap,0
b0082_number,2026-05-06/framed/q08-planner-hammels,nyc311_nta,"The neighborhood has seen 800 flood-related complaints over the last three years via NYC 311 services, with top descriptors being Sewer Backup (327), Catch Basin Clogged/Flooding (222), and Street Flooding (591) .","n: 800
radius_m: None
years: 3
by_year.2023: 211
by_year.2024: 309
by_year.2025: 197
by_year.2026: 83
by_descriptor.Sewer Backup (Use Comments) (SA): 327
by_descriptor.Catch Basin Clogged/Flooding (Use Comments) (SC): 222
by_descriptor.Street Flooding (SJ): 197
by_descriptor.Manhole Overflow (Use Comments) (SA1): 43
by_descriptor.Flooding on Street: 11
most_recent.0.date: 2026-05-04
most_recent.0.descriptor: Street Flooding (SJ)
most_recent.0.address: 643 B   67 STREET
most_recent.1.date: 2026-05-03
most_recent.1.descriptor: Sewer Backup (Use Comments) (SA)
most_recent.1.address: 236 BEACH   87 STREET
most_recent.2.date: 2026-05-02
most_recent.2.descriptor: Sewer Backup (Use Comments) (SA)
most_recent.2.address: 69-41 HESSLER AVENUE
most_recent.3.date: 2026-05-02
most_recent.3.descriptor: Street Flooding (SJ)
most_recent.3.address: 161 BEACH   62 STREET
most_recent.4.date: 2026-05-01
most_recent.4.descriptor: Manhole Overflow (Use Comments) (SA1)
most_recent.4.address: 236 BEACH   87 STREET",b0082,number,0
b0083_none,2026-05-06/framed/q08-planner-hammels,dep_moderate_2050_nta,"Under a moderate stormwater scenario in 2050 with projected sea level rise, 17.0% of the neighborhood is modeled to flood, with 2.0% in the nuisance band (>4 in to 1 ft), 0.4% in the 1‑4 ft band, and 14.6% in the >4 ft band .","scenario: dep_moderate_2050
label: DEP Moderate Stormwater (2.13 in/hr, 2050 SLR)
fraction_any: 0.1704 (17.0 %, 17 %)
fraction_class.1: 0.0196 (2.0 %, 2 %)
fraction_class.2: 0.0045 (0.4 %, 0 %)
fraction_class.3: 0.1463 (14.6 %, 15 %)
polygon_area_m2: 4691834.0",b0083,none,1
b0083_doc_swap,2026-05-06/framed/q08-planner-hammels,floodnet,"Under a moderate stormwater scenario in 2050 with projected sea level rise, 17.0% of the neighborhood is modeled to flood, with 2.0% in the nuisance band (>4 in to 1 ft), 0.4% in the 1‑4 ft band, and 14.6% in the >4 ft band .","n_sensors: 0
n_flood_events_3y: 0
n_sensors_with_events: 0
peak_event: None
narrative: No FloodNet sensors deployed within 600 m of this address.
radius_m: 600",b0083,doc_swap,0
b0083_number,2026-05-06/framed/q08-planner-hammels,dep_moderate_2050_nta,"Under a moderate stormwater scenario in 2050 with projected sea level rise, 17.0% of the neighborhood is modeled to flood, with 0.6% in the nuisance band (>4 in to 1 ft), 0.4% in the 1‑4 ft band, and 14.6% in the >4 ft band .","scenario: dep_moderate_2050
label: DEP Moderate Stormwater (2.13 in/hr, 2050 SLR)
fraction_any: 0.1704 (17.0 %, 17 %)
fraction_class.1: 0.0196 (2.0 %, 2 %)
fraction_class.2: 0.0045 (0.4 %, 0 %)
fraction_class.3: 0.1463 (14.6 %, 15 %)
polygon_area_m2: 4691834.0",b0083,number,0
b0084_none,2026-05-06/framed/q08-planner-hammels,microtopo_nta,"The terrain analysis shows a median elevation of 1.86 m and 16.9% of cells with HAND below 1 m, indicating proximity to drainage channels .","n_cells: 7415
elev_min_m: 0.0
elev_median_m: 1.86
elev_p10_m: 0.3
elev_max_m: 3.32
hand_median_m: 1.86
twi_median: 9.5
frac_hand_lt1: 0.1691 (16.9 %, 17 %)
frac_twi_gt10: 0.3771 (37.7 %, 38 %)",b0084,none,1
b0084_doc_swap,2026-05-06/framed/q08-planner-hammels,nws_obs,"The terrain analysis shows a median elevation of 1.86 m and 16.9% of cells with HAND below 1 m, indicating proximity to drainage channels .","station_id: KJFK
station_name: JFK Airport, NY
distance_km: 7.7
obs_time: 2026-09-26T18:35:00+00:00
temp_c: 17.0
precip_last_hour_mm: None
precip_last_3h_mm: None
precip_last_6h_mm: None
narrative: Latest METAR at JFK Airport, NY (7.7 km away): 17.0°C (obs 2026-09-26T18:35).
error: None",b0084,doc_swap,0
b0084_number,2026-05-06/framed/q08-planner-hammels,microtopo_nta,"The terrain analysis shows a median elevation of 5.58 m and 16.9% of cells with HAND below 1 m, indicating proximity to drainage channels .","n_cells: 7415
elev_min_m: 0.0
elev_median_m: 1.86
elev_p10_m: 0.3
elev_max_m: 3.32
hand_median_m: 1.86
twi_median: 9.5
frac_hand_lt1: 0.1691 (16.9 %, 17 %)
frac_twi_gt10: 0.3771 (37.7 %, 38 %)",b0084,number,0
b0084_direction,2026-05-06/framed/q08-planner-hammels,microtopo_nta,"The terrain analysis shows a median elevation of 1.86 m and 16.9% of cells with HAND above 1 m, indicating proximity to drainage channels .","n_cells: 7415
elev_min_m: 0.0
elev_median_m: 1.86
elev_p10_m: 0.3
elev_max_m: 3.32
hand_median_m: 1.86
twi_median: 9.5
frac_hand_lt1: 0.1691 (16.9 %, 17 %)
frac_twi_gt10: 0.3771 (37.7 %, 38 %)",b0084,direction,0
b0085_none,2026-05-06/framed/q09-mta-coney-vs-brighton,sandy_nta,"Coney Island-Sea Gate (NTA BK1302) in Brooklyn exhibits high flood exposure, with 87.5% of its area inundated during Hurricane Sandy and significant modeled flooding under future sea-level rise scenarios, contrasting lower current moderate stormwater exposure.","overlap_area_m2: 3870613.4
polygon_area_m2: 4421167.4
fraction: 0.8755 (87.5 %, 88 %)
inside: True",b0085,none,1
b0085_doc_swap,2026-05-06/framed/q09-mta-coney-vs-brighton,microtopo,"Coney Island-Sea Gate (NTA BK1302) in Brooklyn exhibits high flood exposure, with 87.5% of its area inundated during Hurricane Sandy and significant modeled flooding under future sea-level rise scenarios, contrasting lower current moderate stormwater exposure.","Source: USGS 3DEP 30 m DEM (LiDAR-derived) via py3dep, with TWI and HAND derived using whitebox-workflows hydrology toolkit.
Point elevation at this address: 6.56 m above sea level.
Topographic position relative to surroundings: MID-SLOPE — neither a clear low point nor high ground.
Fraction of cells within 200 m radius that are LOWER in elevation than this address: 48.8%.
Fraction of cells within 750 m radius that are LOWER in elevation than this address: 81.9%.
Basin relief (max elevation in 750 m AOI minus address elevation): 1.48 m.
Height Above Nearest Drainage (HAND): 3.52 m. Interpretation: moderate (3-8 m) — typical urban-block elevation above drainage. HAND is the standard hydrology index for vertical distance from a cell to the nearest channel; used by USGS, USACE, and InfoWorks ICM.
Topographic Wetness Index (TWI): 10.28. Interpretation: high — the cell tends to accumulate water. TWI = ln(specific catchment area / tan slope) is the TOPMODEL framework's saturation propensity metric.",b0085,doc_swap,0
b0085_number,2026-05-06/framed/q09-mta-coney-vs-brighton,sandy_nta,"Coney Island-Sea Gate (NTA BK1302) in Brooklyn exhibits high flood exposure, with 43.8% of its area inundated during Hurricane Sandy and significant modeled flooding under future sea-level rise scenarios, contrasting lower current moderate stormwater exposure.","overlap_area_m2: 3870613.4
polygon_area_m2: 4421167.4
fraction: 0.8755 (87.5 %, 88 %)
inside: True",b0085,number,0
b0085_direction,2026-05-06/framed/q09-mta-coney-vs-brighton,sandy_nta,"Coney Island-Sea Gate (NTA BK1302) in Brooklyn exhibits high flood exposure, with 87.5% of its area inundated during Hurricane Sandy and significant modeled flooding under future sea-level rise scenarios, contrasting higher current moderate stormwater exposure.","overlap_area_m2: 3870613.4
polygon_area_m2: 4421167.4
fraction: 0.8755 (87.5 %, 88 %)
inside: True",b0085,direction,0
b0085_place,2026-05-06/framed/q09-mta-coney-vs-brighton,sandy_nta,"Astoria-Sea Gate (NTA BK1302) in Brooklyn exhibits high flood exposure, with 87.5% of its area inundated during Hurricane Sandy and significant modeled flooding under future sea-level rise scenarios, contrasting lower current moderate stormwater exposure.","overlap_area_m2: 3870613.4
polygon_area_m2: 4421167.4
fraction: 0.8755 (87.5 %, 88 %)
inside: True",b0085,place,0
b0086_none,2026-05-06/framed/q09-mta-coney-vs-brighton,nyc311_nta,"In the last three years, Coney Island-Sea Gate recorded 382 flood-related complaints via NYC 311, dominated by sewer backups (148) and street flooding incidents (94) .","n: 382
radius_m: None
years: 3
by_year.2023: 190
by_year.2024: 93
by_year.2025: 73
by_year.2026: 26
by_descriptor.Sewer Backup (Use Comments) (SA): 148
by_descriptor.Street Flooding (SJ): 94
by_descriptor.Catch Basin Clogged/Flooding (Use Comments) (SC): 71
by_descriptor.Flooding on Street: 42
by_descriptor.Manhole Overflow (Use Comments) (SA1): 27
most_recent.0.date: 2026-05-02
most_recent.0.descriptor: Sewer Backup (Use Comments) (SA)
most_recent.0.address: 2830 WEST   36 STREET
most_recent.1.date: 2026-04-25
most_recent.1.descriptor: Catch Basin Clogged/Flooding (Use Comments) (SC)
most_recent.1.address: None
most_recent.2.date: 2026-04-24
most_recent.2.descriptor: Sewer Backup (Use Comments) (SA)
most_recent.2.address: 2803 WEST   16 STREET
most_recent.3.date: 2026-04-18
most_recent.3.descriptor: Sewer Backup (Use Comments) (SA)
most_recent.3.address: 2830 WEST   36 STREET
most_recent.4.date: 2026-03-30
most_recent.4.descriptor: Catch Basin Clogged/Flooding (Use Comments) (SC)
most_recent.4.address: None",b0086,none,1
b0086_doc_swap,2026-05-06/framed/q09-mta-coney-vs-brighton,microtopo,"In the last three years, Coney Island-Sea Gate recorded 382 flood-related complaints via NYC 311, dominated by sewer backups (148) and street flooding incidents (94) .","Source: USGS 3DEP 30 m DEM (LiDAR-derived) via py3dep, with TWI and HAND derived using whitebox-workflows hydrology toolkit.
Point elevation at this address: 1.37 m above sea level.
Topographic position relative to surroundings: topographic LOW POINT — surface runoff in the 200 m neighbourhood routes toward this location.
Fraction of cells within 200 m radius that are LOWER in elevation than this address: 0.8%.
Fraction of cells within 750 m radius that are LOWER in elevation than this address: 23.8%.
Basin relief (max elevation in 750 m AOI minus address elevation): 13.27 m.
Height Above Nearest Drainage (HAND): 3.81 m. Interpretation: moderate (3-8 m) — typical urban-block elevation above drainage. HAND is the standard hydrology index for vertical distance from a cell to the nearest channel; used by USGS, USACE, and InfoWorks ICM.
Topographic Wetness Index (TWI): 14.79. Interpretation: very high — saturation-prone terrain. TWI = ln(specific catchment area / tan slope) is the TOPMODEL framework's saturation propensity metric.",b0086,doc_swap,0
b0086_number,2026-05-06/framed/q09-mta-coney-vs-brighton,nyc311_nta,"In the last three years, Coney Island-Sea Gate recorded 382 flood-related complaints via NYC 311, dominated by sewer backups (148) and street flooding incidents (141) .","n: 382
radius_m: None
years: 3
by_year.2023: 190
by_year.2024: 93
by_year.2025: 73
by_year.2026: 26
by_descriptor.Sewer Backup (Use Comments) (SA): 148
by_descriptor.Street Flooding (SJ): 94
by_descriptor.Catch Basin Clogged/Flooding (Use Comments) (SC): 71
by_descriptor.Flooding on Street: 42
by_descriptor.Manhole Overflow (Use Comments) (SA1): 27
most_recent.0.date: 2026-05-02
most_recent.0.descriptor: Sewer Backup (Use Comments) (SA)
most_recent.0.address: 2830 WEST   36 STREET
most_recent.1.date: 2026-04-25
most_recent.1.descriptor: Catch Basin Clogged/Flooding (Use Comments) (SC)
most_recent.1.address: None
most_recent.2.date: 2026-04-24
most_recent.2.descriptor: Sewer Backup (Use Comments) (SA)
most_recent.2.address: 2803 WEST   16 STREET
most_recent.3.date: 2026-04-18
most_recent.3.descriptor: Sewer Backup (Use Comments) (SA)
most_recent.3.address: 2830 WEST   36 STREET
most_recent.4.date: 2026-03-30
most_recent.4.descriptor: Catch Basin Clogged/Flooding (Use Comments) (SC)
most_recent.4.address: None",b0086,number,0
b0086_place,2026-05-06/framed/q09-mta-coney-vs-brighton,nyc311_nta,"In the last three years, Hammels-Sea Gate recorded 382 flood-related complaints via NYC 311, dominated by sewer backups (148) and street flooding incidents (94) .","n: 382
radius_m: None
years: 3
by_year.2023: 190
by_year.2024: 93
by_year.2025: 73
by_year.2026: 26
by_descriptor.Sewer Backup (Use Comments) (SA): 148
by_descriptor.Street Flooding (SJ): 94
by_descriptor.Catch Basin Clogged/Flooding (Use Comments) (SC): 71
by_descriptor.Flooding on Street: 42
by_descriptor.Manhole Overflow (Use Comments) (SA1): 27
most_recent.0.date: 2026-05-02
most_recent.0.descriptor: Sewer Backup (Use Comments) (SA)
most_recent.0.address: 2830 WEST   36 STREET
most_recent.1.date: 2026-04-25
most_recent.1.descriptor: Catch Basin Clogged/Flooding (Use Comments) (SC)
most_recent.1.address: None
most_recent.2.date: 2026-04-24
most_recent.2.descriptor: Sewer Backup (Use Comments) (SA)
most_recent.2.address: 2803 WEST   16 STREET
most_recent.3.date: 2026-04-18
most_recent.3.descriptor: Sewer Backup (Use Comments) (SA)
most_recent.3.address: 2830 WEST   36 STREET
most_recent.4.date: 2026-03-30
most_recent.4.descriptor: Catch Basin Clogged/Flooding (Use Comments) (SC)
most_recent.4.address: None",b0086,place,0
b0087_none,2026-05-06/framed/q09-mta-coney-vs-brighton,dep_extreme_2080_nta,"Under DEP's extreme stormwater model for 2080 with sea-level rise, 44.2% of Coney Island-Sea Gate is projected to flood, with 38.4% in the >4 ft band, 1.2% in the 1–4 ft band, and 4.7% in the nuisance band (>4 in to 1 ft) .","scenario: dep_extreme_2080
label: DEP Extreme Stormwater (3.66 in/hr, 2080 SLR)
fraction_any: 0.4425 (44.2 %, 44 %)
fraction_class.1: 0.0473 (4.7 %, 5 %)
fraction_class.2: 0.0116 (1.2 %, 1 %)
fraction_class.3: 0.3836 (38.4 %, 38 %)
polygon_area_m2: 4421167.4",b0087,none,1
b0087_doc_swap,2026-05-06/framed/q09-mta-coney-vs-brighton,dep_moderate_current_nta,"Under DEP's extreme stormwater model for 2080 with sea-level rise, 44.2% of Coney Island-Sea Gate is projected to flood, with 38.4% in the >4 ft band, 1.2% in the 1–4 ft band, and 4.7% in the nuisance band (>4 in to 1 ft) .","scenario: dep_moderate_current
label: DEP Moderate Stormwater (2.13 in/hr, current SLR)
fraction_any: 0.0432 (4.3 %, 4 %)
fraction_class.1: 0.0192 (1.9 %, 2 %)
fraction_class.2: 0.024 (2.4 %, 2 %)
fraction_class.3: 0.0
polygon_area_m2: 2273263.1",b0087,doc_swap,0
b0087_number,2026-05-06/framed/q09-mta-coney-vs-brighton,dep_extreme_2080_nta,"Under DEP's extreme stormwater model for 2080 with sea-level rise, 44.2% of Coney Island-Sea Gate is projected to flood, with 38.4% in the >4 ft band, 1.8% in the 1–4 ft band, and 4.7% in the nuisance band (>4 in to 1 ft) .","scenario: dep_extreme_2080
label: DEP Extreme Stormwater (3.66 in/hr, 2080 SLR)
fraction_any: 0.4425 (44.2 %, 44 %)
fraction_class.1: 0.0473 (4.7 %, 5 %)
fraction_class.2: 0.0116 (1.2 %, 1 %)
fraction_class.3: 0.3836 (38.4 %, 38 %)
polygon_area_m2: 4421167.4",b0087,number,0
b0087_place,2026-05-06/framed/q09-mta-coney-vs-brighton,dep_extreme_2080_nta,"Under DEP's extreme stormwater model for 2080 with sea-level rise, 44.2% of Bronx-Sea Gate is projected to flood, with 38.4% in the >4 ft band, 1.2% in the 1–4 ft band, and 4.7% in the nuisance band (>4 in to 1 ft) .","scenario: dep_extreme_2080
label: DEP Extreme Stormwater (3.66 in/hr, 2080 SLR)
fraction_any: 0.4425 (44.2 %, 44 %)
fraction_class.1: 0.0473 (4.7 %, 5 %)
fraction_class.2: 0.0116 (1.2 %, 1 %)
fraction_class.3: 0.3836 (38.4 %, 38 %)
polygon_area_m2: 4421167.4",b0087,place,0
b0088_none,2026-05-06/framed/q09-mta-coney-vs-brighton,dep_moderate_2050_nta,"For a moderate stormwater scenario in 2050 with projected sea-level rise, 7.8% of the area is expected to flood, primarily in the >4 ft band (4.3%) and a smaller fraction in the nuisance band (3.1%) .","scenario: dep_moderate_2050
label: DEP Moderate Stormwater (2.13 in/hr, 2050 SLR)
fraction_any: 0.0776 (7.8 %, 8 %)
fraction_class.1: 0.0313 (3.1 %, 3 %)
fraction_class.2: 0.0035 (0.4 %, 0 %)
fraction_class.3: 0.0428 (4.3 %, 4 %)
polygon_area_m2: 4421167.4",b0088,none,1
b0088_doc_swap,2026-05-06/framed/q09-mta-coney-vs-brighton,nws_obs,"For a moderate stormwater scenario in 2050 with projected sea-level rise, 7.8% of the area is expected to flood, primarily in the >4 ft band (4.3%) and a smaller fraction in the nuisance band (3.1%) .","station_id: KJFK
station_name: JFK Airport, NY
distance_km: 7.3
obs_time: 2026-09-26T18:40:00+00:00
temp_c: 17.0
precip_last_hour_mm: None
precip_last_3h_mm: None
precip_last_6h_mm: None
narrative: Latest METAR at JFK Airport, NY (7.3 km away): 17.0°C (obs 2026-09-26T18:40).
error: None",b0088,doc_swap,0
b0088_number,2026-05-06/framed/q09-mta-coney-vs-brighton,dep_moderate_2050_nta,"For a moderate stormwater scenario in 2050 with projected sea-level rise, 23.4% of the area is expected to flood, primarily in the >4 ft band (4.3%) and a smaller fraction in the nuisance band (3.1%) .","scenario: dep_moderate_2050
label: DEP Moderate Stormwater (2.13 in/hr, 2050 SLR)
fraction_any: 0.0776 (7.8 %, 8 %)
fraction_class.1: 0.0313 (3.1 %, 3 %)
fraction_class.2: 0.0035 (0.4 %, 0 %)
fraction_class.3: 0.0428 (4.3 %, 4 %)
polygon_area_m2: 4421167.4",b0088,number,0
b0089_none,2026-05-06/framed/q09-mta-coney-vs-brighton,dep_moderate_current_nta,"Current moderate stormwater modeling under present sea level shows only 2.1% flooding, mostly in the nuisance band (1.9%) .","scenario: dep_moderate_current
label: DEP Moderate Stormwater (2.13 in/hr, current SLR)
fraction_any: 0.0207 (2.1 %, 2 %)
fraction_class.1: 0.0188 (1.9 %, 2 %)
fraction_class.2: 0.0019 (0.2 %, 0 %)
fraction_class.3: 0.0
polygon_area_m2: 4421167.4",b0089,none,1
b0089_doc_swap,2026-05-06/framed/q09-mta-coney-vs-brighton,ttm_311_forecast,"Current moderate stormwater modeling under present sea level shows only 2.1% flooding, mostly in the nuisance band (1.9%) .","Source: IBM Granite TimeSeries TTM r2 (Ekambaram et al. 2024, NeurIPS) zero-shot forecast on NYC 311 flood-complaint history (Sewer Backup, Catch Basin Clogged/Flooding, Street Flooding, Manhole Overflow) within 200 m of the address.
Context window: 512 days (73 weeks) ending 2026-09-26.
Total complaints in context window: 2.
History recent 30-day rate: 0.0 complaints/day (≈0.03 per week).
Forecast horizon: 96 days (13 weeks) ahead.
Forecast rate: 0.001 complaints/day (≈0.01 per week).
Forecast peak day: 0.02 complaints, day +9.
Acceleration cue: no — forecast in line with recent baseline.
INTERPRETATION: this is a per-address pattern forecast, not a city-wide trend. Zero-history addresses get a zero-baseline forecast (legitimate); the more relevant cite is when there's a multi-month complaint history that the model is extrapolating.",b0089,doc_swap,0
b0089_number,2026-05-06/framed/q09-mta-coney-vs-brighton,dep_moderate_current_nta,"Current moderate stormwater modeling under present sea level shows only 6.3% flooding, mostly in the nuisance band (1.9%) .","scenario: dep_moderate_current
label: DEP Moderate Stormwater (2.13 in/hr, current SLR)
fraction_any: 0.0207 (2.1 %, 2 %)
fraction_class.1: 0.0188 (1.9 %, 2 %)
fraction_class.2: 0.0019 (0.2 %, 0 %)
fraction_class.3: 0.0
polygon_area_m2: 4421167.4",b0089,number,0
b0090_none,2026-05-06/framed/q10-planner-redhook,sandy_nta,"Carroll Gardens-Cobble Hill-Gowanus-Red Hook (NTA BK0601) in Brooklyn experiences significant flood exposure, as evidenced by 40.6% of its area being inundated during Hurricane Sandy .","overlap_area_m2: 2295577.1
polygon_area_m2: 5649571.1
fraction: 0.4063 (40.6 %, 41 %)
inside: True",b0090,none,1
b0090_doc_swap,2026-05-06/framed/q10-planner-redhook,microtopo,"Carroll Gardens-Cobble Hill-Gowanus-Red Hook (NTA BK0601) in Brooklyn experiences significant flood exposure, as evidenced by 40.6% of its area being inundated during Hurricane Sandy .","Source: USGS 3DEP 30 m DEM (LiDAR-derived) via py3dep, with TWI and HAND derived using whitebox-workflows hydrology toolkit.
Point elevation at this address: 3.0 m above sea level.
Topographic position relative to surroundings: MID-SLOPE — neither a clear low point nor high ground.
Fraction of cells within 200 m radius that are LOWER in elevation than this address: 48.8%.
Fraction of cells within 750 m radius that are LOWER in elevation than this address: 52.9%.
Basin relief (max elevation in 750 m AOI minus address elevation): 6.7 m.
Height Above Nearest Drainage (HAND): 3.0 m. Interpretation: moderate (3-8 m) — typical urban-block elevation above drainage. HAND is the standard hydrology index for vertical distance from a cell to the nearest channel; used by USGS, USACE, and InfoWorks ICM.
Topographic Wetness Index (TWI): 8.92. Interpretation: moderate. TWI = ln(specific catchment area / tan slope) is the TOPMODEL framework's saturation propensity metric.",b0090,doc_swap,0
b0090_number,2026-05-06/framed/q10-planner-redhook,sandy_nta,"Carroll Gardens-Cobble Hill-Gowanus-Red Hook (NTA BK0601) in Brooklyn experiences significant flood exposure, as evidenced by 60.9% of its area being inundated during Hurricane Sandy .","overlap_area_m2: 2295577.1
polygon_area_m2: 5649571.1
fraction: 0.4063 (40.6 %, 41 %)
inside: True",b0090,number,0
b0090_place,2026-05-06/framed/q10-planner-redhook,sandy_nta,"Carroll Gardens-Cobble Hill-Gowanus-Red Hook (NTA BK0601) in Lower East Side experiences significant flood exposure, as evidenced by 40.6% of its area being inundated during Hurricane Sandy .","overlap_area_m2: 2295577.1
polygon_area_m2: 5649571.1
fraction: 0.4063 (40.6 %, 41 %)
inside: True",b0090,place,0
b0091_none,2026-05-06/framed/q10-planner-redhook,nyc311_nta,"Over the past three years, the neighborhood has recorded 522 flood-related complaints via NYC 311, with the most common descriptors being Sewer Backup (196 incidents), Catch Basin Clogged/Flooding (156 incidents), and Street Flooding (89 incidents) .","n: 522
radius_m: None
years: 3
by_year.2023: 208
by_year.2024: 137
by_year.2025: 115
by_year.2026: 62
by_descriptor.Sewer Backup (Use Comments) (SA): 196
by_descriptor.Catch Basin Clogged/Flooding (Use Comments) (SC): 156
by_descriptor.Street Flooding (SJ): 89
by_descriptor.Manhole Overflow (Use Comments) (SA1): 56
by_descriptor.Flooding on Street: 25
most_recent.0.date: 2026-05-03
most_recent.0.descriptor: Manhole Overflow (Use Comments) (SA1)
most_recent.0.address: None
most_recent.1.date: 2026-05-03
most_recent.1.descriptor: Manhole Overflow (Use Comments) (SA1)
most_recent.1.address: None
most_recent.2.date: 2026-05-02
most_recent.2.descriptor: Manhole Overflow (Use Comments) (SA1)
most_recent.2.address: None
most_recent.3.date: 2026-05-01
most_recent.3.descriptor: Catch Basin Clogged/Flooding (Use Comments) (SC)
most_recent.3.address: None
most_recent.4.date: 2026-05-01
most_recent.4.descriptor: Manhole Overflow (Use Comments) (SA1)
most_recent.4.address: None",b0091,none,1
b0091_doc_swap,2026-05-06/framed/q10-planner-redhook,sandy_nta,"Over the past three years, the neighborhood has recorded 522 flood-related complaints via NYC 311, with the most common descriptors being Sewer Backup (196 incidents), Catch Basin Clogged/Flooding (156 incidents), and Street Flooding (89 incidents) .","overlap_area_m2: 3870613.4
polygon_area_m2: 4421167.4
fraction: 0.8755 (87.5 %, 88 %)
inside: True",b0091,doc_swap,0
b0091_number,2026-05-06/framed/q10-planner-redhook,nyc311_nta,"Over the past three years, the neighborhood has recorded 522 flood-related complaints via NYC 311, with the most common descriptors being Sewer Backup (196 incidents), Catch Basin Clogged/Flooding (47 incidents), and Street Flooding (89 incidents) .","n: 522
radius_m: None
years: 3
by_year.2023: 208
by_year.2024: 137
by_year.2025: 115
by_year.2026: 62
by_descriptor.Sewer Backup (Use Comments) (SA): 196
by_descriptor.Catch Basin Clogged/Flooding (Use Comments) (SC): 156
by_descriptor.Street Flooding (SJ): 89
by_descriptor.Manhole Overflow (Use Comments) (SA1): 56
by_descriptor.Flooding on Street: 25
most_recent.0.date: 2026-05-03
most_recent.0.descriptor: Manhole Overflow (Use Comments) (SA1)
most_recent.0.address: None
most_recent.1.date: 2026-05-03
most_recent.1.descriptor: Manhole Overflow (Use Comments) (SA1)
most_recent.1.address: None
most_recent.2.date: 2026-05-02
most_recent.2.descriptor: Manhole Overflow (Use Comments) (SA1)
most_recent.2.address: None
most_recent.3.date: 2026-05-01
most_recent.3.descriptor: Catch Basin Clogged/Flooding (Use Comments) (SC)
most_recent.3.address: None
most_recent.4.date: 2026-05-01
most_recent.4.descriptor: Manhole Overflow (Use Comments) (SA1)
most_recent.4.address: None",b0091,number,0
b0092_none,2026-05-06/framed/q10-planner-redhook,dep_moderate_2050_nta,"Under a moderate stormwater scenario in 2050 with projected sea level rise, 3.9% of the neighborhood is modeled to be flooded, with 2.0% falling into the nuisance band (>4 inches to 1 foot), 1.0% in the 1-4 foot band, and 0.9% exceeding 4 feet .","scenario: dep_moderate_2050
label: DEP Moderate Stormwater (2.13 in/hr, 2050 SLR)
fraction_any: 0.0392 (3.9 %, 4 %)
fraction_class.1: 0.02 (2.0 %, 2 %)
fraction_class.2: 0.0102 (1.0 %, 1 %)
fraction_class.3: 0.009 (0.9 %, 1 %)
polygon_area_m2: 5649571.1",b0092,none,1
b0092_doc_swap,2026-05-06/framed/q10-planner-redhook,floodnet,"Under a moderate stormwater scenario in 2050 with projected sea level rise, 3.9% of the neighborhood is modeled to be flooded, with 2.0% falling into the nuisance band (>4 inches to 1 foot), 1.0% in the 1-4 foot band, and 0.9% exceeding 4 feet .","n_sensors: 0
n_flood_events_3y: 0
n_sensors_with_events: 0
peak_event: None
narrative: No FloodNet sensors deployed within 600 m of this address.
radius_m: 600",b0092,doc_swap,0
b0092_number,2026-05-06/framed/q10-planner-redhook,dep_moderate_2050_nta,"Under a moderate stormwater scenario in 2050 with projected sea level rise, 3.9% of the neighborhood is modeled to be flooded, with 2.0% falling into the nuisance band (>4 inches to 1 foot), 0.5% in the 1-4 foot band, and 0.9% exceeding 4 feet .","scenario: dep_moderate_2050
label: DEP Moderate Stormwater (2.13 in/hr, 2050 SLR)
fraction_any: 0.0392 (3.9 %, 4 %)
fraction_class.1: 0.02 (2.0 %, 2 %)
fraction_class.2: 0.0102 (1.0 %, 1 %)
fraction_class.3: 0.009 (0.9 %, 1 %)
polygon_area_m2: 5649571.1",b0092,number,0
b0092_direction,2026-05-06/framed/q10-planner-redhook,dep_moderate_2050_nta,"Under a moderate stormwater scenario in 2050 with projected sea level rise, 3.9% of the neighborhood is modeled to be flooded, with 2.0% rising into the nuisance band (>4 inches to 1 foot), 1.0% in the 1-4 foot band, and 0.9% exceeding 4 feet .","scenario: dep_moderate_2050
label: DEP Moderate Stormwater (2.13 in/hr, 2050 SLR)
fraction_any: 0.0392 (3.9 %, 4 %)
fraction_class.1: 0.02 (2.0 %, 2 %)
fraction_class.2: 0.0102 (1.0 %, 1 %)
fraction_class.3: 0.009 (0.9 %, 1 %)
polygon_area_m2: 5649571.1",b0092,direction,0
b0093_none,2026-05-06/framed/q10-planner-redhook,microtopo_nta,"The terrain analysis shows a median elevation of 3.77 m, with 5.8% of cells having a Height Above Nearest Drainage (HAND) below 1 meter, indicating proximity to potential flooding channels .","n_cells: 8948
elev_min_m: -2.13
elev_median_m: 3.77
elev_p10_m: 1.91
elev_max_m: 18.77
hand_median_m: 4.45
twi_median: 8.33
frac_hand_lt1: 0.0581 (5.8 %, 6 %)
frac_twi_gt10: 0.2326 (23.3 %, 23 %)",b0093,none,1
b0093_doc_swap,2026-05-06/framed/q10-planner-redhook,ttm_311_forecast,"The terrain analysis shows a median elevation of 3.77 m, with 5.8% of cells having a Height Above Nearest Drainage (HAND) below 1 meter, indicating proximity to potential flooding channels .","Source: IBM Granite TimeSeries TTM r2 (Ekambaram et al. 2024, NeurIPS) zero-shot forecast on NYC 311 flood-complaint history (Sewer Backup, Catch Basin Clogged/Flooding, Street Flooding, Manhole Overflow) within 200 m of the address.
Context window: 512 days (73 weeks) ending 2026-09-26.
Total complaints in context window: 5.
History recent 30-day rate: 0.0 complaints/day (≈0.07 per week).
Forecast horizon: 96 days (13 weeks) ahead.
Forecast rate: 0.004 complaints/day (≈0.03 per week).
Forecast peak day: 0.03 complaints, day +18.
Acceleration cue: no — forecast in line with recent baseline.
INTERPRETATION: this is a per-address pattern forecast, not a city-wide trend. Zero-history addresses get a zero-baseline forecast (legitimate); the more relevant cite is when there's a multi-month complaint history that the model is extrapolating.",b0093,doc_swap,0
b0093_number,2026-05-06/framed/q10-planner-redhook,microtopo_nta,"The terrain analysis shows a median elevation of 1.89 m, with 5.8% of cells having a Height Above Nearest Drainage (HAND) below 1 meter, indicating proximity to potential flooding channels .","n_cells: 8948
elev_min_m: -2.13
elev_median_m: 3.77
elev_p10_m: 1.91
elev_max_m: 18.77
hand_median_m: 4.45
twi_median: 8.33
frac_hand_lt1: 0.0581 (5.8 %, 6 %)
frac_twi_gt10: 0.2326 (23.3 %, 23 %)",b0093,number,0
b0093_direction,2026-05-06/framed/q10-planner-redhook,microtopo_nta,"The terrain analysis shows a median elevation of 3.77 m, with 5.8% of cells having a Height Above Nearest Drainage (HAND) above 1 meter, indicating proximity to potential flooding channels .","n_cells: 8948
elev_min_m: -2.13
elev_median_m: 3.77
elev_p10_m: 1.91
elev_max_m: 18.77
hand_median_m: 4.45
twi_median: 8.33
frac_hand_lt1: 0.0581 (5.8 %, 6 %)
frac_twi_gt10: 0.2326 (23.3 %, 23 %)",b0093,direction,0
b0094_none,2026-05-06/framed/q10-planner-redhook,dep_moderate_2050_nta,"The New York City Department of Environmental Protection (DEP) is actively modeling flood scenarios for future planning, as reflected in the moderate stormwater projections for 2050 .","scenario: dep_moderate_2050
label: DEP Moderate Stormwater (2.13 in/hr, 2050 SLR)
fraction_any: 0.0392 (3.9 %, 4 %)
fraction_class.1: 0.02 (2.0 %, 2 %)
fraction_class.2: 0.0102 (1.0 %, 1 %)
fraction_class.3: 0.009 (0.9 %, 1 %)
polygon_area_m2: 5649571.1",b0094,none,1
b0094_doc_swap,2026-05-06/framed/q10-planner-redhook,microtopo_nta,"The New York City Department of Environmental Protection (DEP) is actively modeling flood scenarios for future planning, as reflected in the moderate stormwater projections for 2050 .","n_cells: 2820
elev_min_m: -9.89
elev_median_m: 3.63
elev_p10_m: 1.67
elev_max_m: 12.86
hand_median_m: 4.88
twi_median: 7.94
frac_hand_lt1: 0.028 (2.8 %, 3 %)
frac_twi_gt10: 0.1628 (16.3 %, 16 %)",b0094,doc_swap,0
b0094_number,2026-05-06/framed/q10-planner-redhook,dep_moderate_2050_nta,"The New York City Department of Environmental Protection (DEP) is actively modeling flood scenarios for future planning, as reflected in the moderate stormwater projections for 6150 .","scenario: dep_moderate_2050
label: DEP Moderate Stormwater (2.13 in/hr, 2050 SLR)
fraction_any: 0.0392 (3.9 %, 4 %)
fraction_class.1: 0.02 (2.0 %, 2 %)
fraction_class.2: 0.0102 (1.0 %, 1 %)
fraction_class.3: 0.009 (0.9 %, 1 %)
polygon_area_m2: 5649571.1",b0094,number,0
b0095_none,2026-05-06/framed/q12-planner-bpc-protected,sandy_nta,"Financial District-Battery Park City (NTA MN0101) in Manhattan experiences moderate flood exposure, with 38.5% of its area inundated during Hurricane Sandy and modeled scenarios indicating significant potential for future flooding.","overlap_area_m2: 687843.1
polygon_area_m2: 1786222.2
fraction: 0.3851 (38.5 %, 39 %)
inside: True",b0095,none,1
b0095_doc_swap,2026-05-06/framed/q12-planner-bpc-protected,rag_nycha,"Financial District-Battery Park City (NTA MN0101) in Manhattan experiences moderate flood exposure, with 38.5% of its area inundated during Hurricane Sandy and modeled scenarios indicating significant potential for future flooding.","Source: NYCHA, Flood Resilience: Lessons Learned, page 74.
Retrieved passage (verbatim): Flood Resilience at NYCHA: Memorializing Lessons Learned Through the Hurricane Sandy Disaster Recovery Program 74 Appendix Recovery and Resilience Scope Overview ASTORIA BARUCH BEACH 41ST STREET CAMPOS PLAZA II CAREY GARDENS CARLTON MANOR CONEY ISLAND (SITE 8) CONEY ISLAND HOUSES CONEY ISLAND IB CONEY ISLAND 4&5 EAST RIVER GOWANUS GRAVESEND HABER HAMMEL ISAACS LA GUARDIA LAVANBURG HOMES LINCOLN HOUSES LOWER EAST SIDE REHAB 5 METRO NORTH NEW LANE OCEAN BAY APARTMENTS (BAYSIDE) OCEAN BAY APARTMENTS (OCEANSIDE) O'DWYER RANGEL REDFERN RED HOOK EAST RED HOOK WEST RIIS RIIS II SMITH SURFSIDE TWO BRIDGES WALD Total SiTE IMPROVEMENT Electrical Feeders Replacement ● ● ● ● ● ● ● ● ● ● ● ● ● ● ● ● ● ● ● ● ● Only Slope Stabilization Scope ● ● ● ● ● ● ● ● ● ● ● ● ● 35 Upgraded Site Lighting ● ● ● ● ● ● ● ● ● ● ● ● ● ● ● ● ● ● ● ● ● ● ● ● ● ● ● ● ● ● 30 Upgraded Playground Areas ● ● ● ● ● ● ● ● ● ● ● ● ● ● ● ● ● ● ● ● ● ● ● ● ● 25 Green Infrastructure Implementation ● ● ● ● ● ● ● ● ● 9 FACILITIES Roof Replacement ● ● ● ● ● ● ● ● ● ● ● ● ● ● ● ● ● ● ● ● ● ● ● ● ● ● ● ● 28 Façade Repair ● ● ● ● ● ● ● ● ● 11 Lobby Upgrade ● ● ● ● ● ● ● ● ● ● ● ● ● ● ● 15 Community Center Upgrade ● ● ● ● ● ● ● 7 Community Center Addition ● ● 2 Child Care Center Upgrade/Addition ● ● ● 3 Boiler Room Addition ● ● ● ● ● ● ● ● ● ● ● ● ● ● ● ● ● ● 18 MEP Building Annexes ● ● ● ● ● ● ● ● ● ● ● ● ● ● ● ● ● ● ● ● ● ● ● 23 FLOOD PROOFING Development Flood Wall ● ● 2 Wet flood proofing ● ● ● ● ● 5 Dry flood proofing ● ● ● ● ● ● ● ● ● ● ● ● ● ● ● ● ● ● ● ● ● ● ● ● ● ● ● ● ● ● ● 32 Passive barriers ● ● ● ● ● ● ● ● ● ● ● 11 Manually deployed barriers ● ● ● ● ● ● ● ● ● ● ● ● ● ● ● ● ● ● ● ● ● ● 22 ELECTRICAL SYSTEMS Upgraded Switchgears ● ● ● ● ● ● ● ● ● ● ● ● ● ● ● ● ● ● ● ● ● ● ● ● ● ● ● ● ● ● ● ● ● ● 34 Relocating all Panels above Project Flood Elevation ● ● ● ● ● ● ● ● ● ● ● ● ● ● ● ● ● ● ● ● ● ● ● ● ● ● ● 27 Centralized Ba",b0095,doc_swap,0
b0095_number,2026-05-06/framed/q12-planner-bpc-protected,sandy_nta,"Financial District-Battery Park City (NTA MN0101) in Manhattan experiences moderate flood exposure, with 11.5% of its area inundated during Hurricane Sandy and modeled scenarios indicating significant potential for future flooding.","overlap_area_m2: 687843.1
polygon_area_m2: 1786222.2
fraction: 0.3851 (38.5 %, 39 %)
inside: True",b0095,number,0
b0095_place,2026-05-06/framed/q12-planner-bpc-protected,sandy_nta,"Hunts Point-Battery Park City (NTA MN0101) in Manhattan experiences moderate flood exposure, with 38.5% of its area inundated during Hurricane Sandy and modeled scenarios indicating significant potential for future flooding.","overlap_area_m2: 687843.1
polygon_area_m2: 1786222.2
fraction: 0.3851 (38.5 %, 39 %)
inside: True",b0095,place,0
b0096_none,2026-05-06/framed/q12-planner-bpc-protected,nyc311_nta,"In the last three years, there have been 145 flood-related complaints recorded by NYC 311 within Financial District-Battery Park City, primarily involving catch basin clogging/flooding (60), sewer backup (39), and street flooding (28) .","n: 145
radius_m: None
years: 3
by_year.2023: 51
by_year.2024: 47
by_year.2025: 39
by_year.2026: 8
by_descriptor.Catch Basin Clogged/Flooding (Use Comments) (SC): 60
by_descriptor.Sewer Backup (Use Comments) (SA): 39
by_descriptor.Street Flooding (SJ): 28
by_descriptor.Manhole Overflow (Use Comments) (SA1): 18
most_recent.0.date: 2026-04-30
most_recent.0.descriptor: Street Flooding (SJ)
most_recent.0.address: None
most_recent.1.date: 2026-04-11
most_recent.1.descriptor: Sewer Backup (Use Comments) (SA)
most_recent.1.address: 62 WILLIAM STREET
most_recent.2.date: 2026-04-09
most_recent.2.descriptor: Sewer Backup (Use Comments) (SA)
most_recent.2.address: 200 BROADWAY
most_recent.3.date: 2026-04-06
most_recent.3.descriptor: Catch Basin Clogged/Flooding (Use Comments) (SC)
most_recent.3.address: 55 WATER STREET
most_recent.4.date: 2026-03-18
most_recent.4.descriptor: Street Flooding (SJ)
most_recent.4.address: 2 BROADWAY",b0096,none,1
b0096_doc_swap,2026-05-06/framed/q12-planner-bpc-protected,dep_extreme_2080,"In the last three years, there have been 145 flood-related complaints recorded by NYC 311 within Financial District-Battery Park City, primarily involving catch basin clogging/flooding (60), sewer backup (39), and street flooding (28) .","Source: NYC DEP Stormwater Flood Map — Extreme (3.66 in/hr, 2080 SLR).
Address inside scenario footprint: yes.
Modeled depth class: Deep Contiguous (>4 ft).",b0096,doc_swap,0
b0096_number,2026-05-06/framed/q12-planner-bpc-protected,nyc311_nta,"In the last three years, there have been 145 flood-related complaints recorded by NYC 311 within Financial District-Battery Park City, primarily involving catch basin clogging/flooding (120), sewer backup (39), and street flooding (28) .","n: 145
radius_m: None
years: 3
by_year.2023: 51
by_year.2024: 47
by_year.2025: 39
by_year.2026: 8
by_descriptor.Catch Basin Clogged/Flooding (Use Comments) (SC): 60
by_descriptor.Sewer Backup (Use Comments) (SA): 39
by_descriptor.Street Flooding (SJ): 28
by_descriptor.Manhole Overflow (Use Comments) (SA1): 18
most_recent.0.date: 2026-04-30
most_recent.0.descriptor: Street Flooding (SJ)
most_recent.0.address: None
most_recent.1.date: 2026-04-11
most_recent.1.descriptor: Sewer Backup (Use Comments) (SA)
most_recent.1.address: 62 WILLIAM STREET
most_recent.2.date: 2026-04-09
most_recent.2.descriptor: Sewer Backup (Use Comments) (SA)
most_recent.2.address: 200 BROADWAY
most_recent.3.date: 2026-04-06
most_recent.3.descriptor: Catch Basin Clogged/Flooding (Use Comments) (SC)
most_recent.3.address: 55 WATER STREET
most_recent.4.date: 2026-03-18
most_recent.4.descriptor: Street Flooding (SJ)
most_recent.4.address: 2 BROADWAY",b0096,number,0
b0096_direction,2026-05-06/framed/q12-planner-bpc-protected,nyc311_nta,"In the last three years, there have been 145 flood-related complaints recorded by NYC 311 beyond Financial District-Battery Park City, primarily involving catch basin clogging/flooding (60), sewer backup (39), and street flooding (28) .","n: 145
radius_m: None
years: 3
by_year.2023: 51
by_year.2024: 47
by_year.2025: 39
by_year.2026: 8
by_descriptor.Catch Basin Clogged/Flooding (Use Comments) (SC): 60
by_descriptor.Sewer Backup (Use Comments) (SA): 39
by_descriptor.Street Flooding (SJ): 28
by_descriptor.Manhole Overflow (Use Comments) (SA1): 18
most_recent.0.date: 2026-04-30
most_recent.0.descriptor: Street Flooding (SJ)
most_recent.0.address: None
most_recent.1.date: 2026-04-11
most_recent.1.descriptor: Sewer Backup (Use Comments) (SA)
most_recent.1.address: 62 WILLIAM STREET
most_recent.2.date: 2026-04-09
most_recent.2.descriptor: Sewer Backup (Use Comments) (SA)
most_recent.2.address: 200 BROADWAY
most_recent.3.date: 2026-04-06
most_recent.3.descriptor: Catch Basin Clogged/Flooding (Use Comments) (SC)
most_recent.3.address: 55 WATER STREET
most_recent.4.date: 2026-03-18
most_recent.4.descriptor: Street Flooding (SJ)
most_recent.4.address: 2 BROADWAY",b0096,direction,0
b0096_place,2026-05-06/framed/q12-planner-bpc-protected,nyc311_nta,"In the last three years, there have been 145 flood-related complaints recorded by NYC 311 within Canarsie-Battery Park City, primarily involving catch basin clogging/flooding (60), sewer backup (39), and street flooding (28) .","n: 145
radius_m: None
years: 3
by_year.2023: 51
by_year.2024: 47
by_year.2025: 39
by_year.2026: 8
by_descriptor.Catch Basin Clogged/Flooding (Use Comments) (SC): 60
by_descriptor.Sewer Backup (Use Comments) (SA): 39
by_descriptor.Street Flooding (SJ): 28
by_descriptor.Manhole Overflow (Use Comments) (SA1): 18
most_recent.0.date: 2026-04-30
most_recent.0.descriptor: Street Flooding (SJ)
most_recent.0.address: None
most_recent.1.date: 2026-04-11
most_recent.1.descriptor: Sewer Backup (Use Comments) (SA)
most_recent.1.address: 62 WILLIAM STREET
most_recent.2.date: 2026-04-09
most_recent.2.descriptor: Sewer Backup (Use Comments) (SA)
most_recent.2.address: 200 BROADWAY
most_recent.3.date: 2026-04-06
most_recent.3.descriptor: Catch Basin Clogged/Flooding (Use Comments) (SC)
most_recent.3.address: 55 WATER STREET
most_recent.4.date: 2026-03-18
most_recent.4.descriptor: Street Flooding (SJ)
most_recent.4.address: 2 BROADWAY",b0096,place,0
b0097_none,2026-05-06/framed/q12-planner-bpc-protected,dep_moderate_2050_nta,"Under a moderate stormwater scenario in 2050 with projected sea level rise, 4.1% of the neighborhood is modeled to be flooded, with minimal impact in the nuisance band (>4 in to 1 ft) at 1.3%, and slightly higher exposure in the 1-4 ft band at 0.5%, while the >4 ft band remains largely unaffected at 2.3% .","scenario: dep_moderate_2050
label: DEP Moderate Stormwater (2.13 in/hr, 2050 SLR)
fraction_any: 0.0413 (4.1 %, 4 %)
fraction_class.1: 0.0131 (1.3 %, 1 %)
fraction_class.2: 0.0054 (0.5 %, 1 %)
fraction_class.3: 0.0228 (2.3 %, 2 %)
polygon_area_m2: 1786222.2",b0097,none,1
b0097_doc_swap,2026-05-06/framed/q12-planner-bpc-protected,ttm_311_forecast,"Under a moderate stormwater scenario in 2050 with projected sea level rise, 4.1% of the neighborhood is modeled to be flooded, with minimal impact in the nuisance band (>4 in to 1 ft) at 1.3%, and slightly higher exposure in the 1-4 ft band at 0.5%, while the >4 ft band remains largely unaffected at 2.3% .","Source: IBM Granite TimeSeries TTM r2 (Ekambaram et al. 2024, NeurIPS) zero-shot forecast on NYC 311 flood-complaint history (Sewer Backup, Catch Basin Clogged/Flooding, Street Flooding, Manhole Overflow) within 200 m of the address.
Context window: 512 days (73 weeks) ending 2026-09-26.
Total complaints in context window: 5.
History recent 30-day rate: 0.0 complaints/day (≈0.07 per week).
Forecast horizon: 96 days (13 weeks) ahead.
Forecast rate: 0.004 complaints/day (≈0.03 per week).
Forecast peak day: 0.03 complaints, day +18.
Acceleration cue: no — forecast in line with recent baseline.
INTERPRETATION: this is a per-address pattern forecast, not a city-wide trend. Zero-history addresses get a zero-baseline forecast (legitimate); the more relevant cite is when there's a multi-month complaint history that the model is extrapolating.",b0097,doc_swap,0
b0097_number,2026-05-06/framed/q12-planner-bpc-protected,dep_moderate_2050_nta,"Under a moderate stormwater scenario in 2050 with projected sea level rise, 4.1% of the neighborhood is modeled to be flooded, with minimal impact in the nuisance band (>4 in to 1 ft) at 0.7%, and slightly higher exposure in the 1-4 ft band at 0.5%, while the >4 ft band remains largely unaffected at 2.3% .","scenario: dep_moderate_2050
label: DEP Moderate Stormwater (2.13 in/hr, 2050 SLR)
fraction_any: 0.0413 (4.1 %, 4 %)
fraction_class.1: 0.0131 (1.3 %, 1 %)
fraction_class.2: 0.0054 (0.5 %, 1 %)
fraction_class.3: 0.0228 (2.3 %, 2 %)
polygon_area_m2: 1786222.2",b0097,number,0
b0097_direction,2026-05-06/framed/q12-planner-bpc-protected,dep_moderate_2050_nta,"Under a moderate stormwater scenario in 2050 with projected sea level rise, 4.1% of the neighborhood is modeled to be flooded, with minimal impact in the nuisance band (>4 in to 1 ft) at 1.3%, and slightly lower exposure in the 1-4 ft band at 0.5%, while the >4 ft band remains largely unaffected at 2.3% .","scenario: dep_moderate_2050
label: DEP Moderate Stormwater (2.13 in/hr, 2050 SLR)
fraction_any: 0.0413 (4.1 %, 4 %)
fraction_class.1: 0.0131 (1.3 %, 1 %)
fraction_class.2: 0.0054 (0.5 %, 1 %)
fraction_class.3: 0.0228 (2.3 %, 2 %)
polygon_area_m2: 1786222.2",b0097,direction,0
b0098_none,2026-05-06/framed/q12-planner-bpc-protected,microtopo_nta,"The terrain analysis shows a median elevation of 3.63 m with 2.8% of cells having a Height Above Nearest Drainage (HAND) below 1 m, indicating proximity to potential flood channels, and 16.3% of cells have a Topographic Wetness Index (TWI) greater than 10, suggesting saturation-prone areas .","n_cells: 2820
elev_min_m: -9.89
elev_median_m: 3.63
elev_p10_m: 1.67
elev_max_m: 12.86
hand_median_m: 4.88
twi_median: 7.94
frac_hand_lt1: 0.028 (2.8 %, 3 %)
frac_twi_gt10: 0.1628 (16.3 %, 16 %)",b0098,none,1
b0098_doc_swap,2026-05-06/framed/q12-planner-bpc-protected,nyc311_nta,"The terrain analysis shows a median elevation of 3.63 m with 2.8% of cells having a Height Above Nearest Drainage (HAND) below 1 m, indicating proximity to potential flood channels, and 16.3% of cells have a Topographic Wetness Index (TWI) greater than 10, suggesting saturation-prone areas .","n: 382
radius_m: None
years: 3
by_year.2023: 190
by_year.2024: 93
by_year.2025: 73
by_year.2026: 26
by_descriptor.Sewer Backup (Use Comments) (SA): 148
by_descriptor.Street Flooding (SJ): 94
by_descriptor.Catch Basin Clogged/Flooding (Use Comments) (SC): 71
by_descriptor.Flooding on Street: 42
by_descriptor.Manhole Overflow (Use Comments) (SA1): 27
most_recent.0.date: 2026-05-02
most_recent.0.descriptor: Sewer Backup (Use Comments) (SA)
most_recent.0.address: 2830 WEST   36 STREET
most_recent.1.date: 2026-04-25
most_recent.1.descriptor: Catch Basin Clogged/Flooding (Use Comments) (SC)
most_recent.1.address: None
most_recent.2.date: 2026-04-24
most_recent.2.descriptor: Sewer Backup (Use Comments) (SA)
most_recent.2.address: 2803 WEST   16 STREET
most_recent.3.date: 2026-04-18
most_recent.3.descriptor: Sewer Backup (Use Comments) (SA)
most_recent.3.address: 2830 WEST   36 STREET
most_recent.4.date: 2026-03-30
most_recent.4.descriptor: Catch Basin Clogged/Flooding (Use Comments) (SC)
most_recent.4.address: None",b0098,doc_swap,0
b0098_number,2026-05-06/framed/q12-planner-bpc-protected,microtopo_nta,"The terrain analysis shows a median elevation of 3.63 m with 8.4% of cells having a Height Above Nearest Drainage (HAND) below 1 m, indicating proximity to potential flood channels, and 16.3% of cells have a Topographic Wetness Index (TWI) greater than 10, suggesting saturation-prone areas .","n_cells: 2820
elev_min_m: -9.89
elev_median_m: 3.63
elev_p10_m: 1.67
elev_max_m: 12.86
hand_median_m: 4.88
twi_median: 7.94
frac_hand_lt1: 0.028 (2.8 %, 3 %)
frac_twi_gt10: 0.1628 (16.3 %, 16 %)",b0098,number,0
b0098_direction,2026-05-06/framed/q12-planner-bpc-protected,microtopo_nta,"The terrain analysis shows a median elevation of 3.63 m with 2.8% of cells having a Height Above Nearest Drainage (HAND) above 1 m, indicating proximity to potential flood channels, and 16.3% of cells have a Topographic Wetness Index (TWI) greater than 10, suggesting saturation-prone areas .","n_cells: 2820
elev_min_m: -9.89
elev_median_m: 3.63
elev_p10_m: 1.67
elev_max_m: 12.86
hand_median_m: 4.88
twi_median: 7.94
frac_hand_lt1: 0.028 (2.8 %, 3 %)
frac_twi_gt10: 0.1628 (16.3 %, 16 %)",b0098,direction,0
b0099_none,2026-05-06/framed/q13-grant-twobridges-cdbg,nyc311_nta,"Over the past three years, NYC 311 recorded 83 flood-related complaints within Chinatown-Two Bridges, with the top descriptors being ""Catch Basin Clogged/Flooding"" (30) and ""Sewer Backup"" (30) .","n: 83
radius_m: None
years: 3
by_year.2023: 16
by_year.2024: 19
by_year.2025: 39
by_year.2026: 9
by_descriptor.Catch Basin Clogged/Flooding (Use Comments) (SC): 30
by_descriptor.Sewer Backup (Use Comments) (SA): 30
by_descriptor.Street Flooding (SJ): 13
by_descriptor.Manhole Overflow (Use Comments) (SA1): 8
by_descriptor.Flooding on Street: 2
most_recent.0.date: 2026-04-27
most_recent.0.descriptor: Catch Basin Clogged/Flooding (Use Comments) (SC)
most_recent.0.address: 291 GRAND STREET
most_recent.1.date: 2026-03-16
most_recent.1.descriptor: Catch Basin Clogged/Flooding (Use Comments) (SC)
most_recent.1.address: 291 GRAND STREET
most_recent.2.date: 2026-03-05
most_recent.2.descriptor: Street Flooding (SJ)
most_recent.2.address: 295 GRAND STREET
most_recent.3.date: 2026-02-28
most_recent.3.descriptor: Sewer Backup (Use Comments) (SA)
most_recent.3.address: 62 MONROE STREET
most_recent.4.date: 2026-02-23
most_recent.4.descriptor: Street Flooding (SJ)
most_recent.4.address: None",b0099,none,1
b0099_doc_swap,2026-05-06/framed/q13-grant-twobridges-cdbg,fema_nfhl,"Over the past three years, NYC 311 recorded 83 flood-related complaints within Chinatown-Two Bridges, with the top descriptors being ""Catch Basin Clogged/Flooding"" (30) and ""Sewer Backup"" (30) .","fld_zone: AE
zone_subty: None
sfha: True
firm_panel: 3604970192F
effective_year: 2007
narrative: This address sits in FEMA flood zone AE (a Special Flood Hazard Area), per NFHL FIRM panel 3604970192F, effective 2007.",b0099,doc_swap,0
b0099_number,2026-05-06/framed/q13-grant-twobridges-cdbg,nyc311_nta,"Over the past three years, NYC 311 recorded 124 flood-related complaints within Chinatown-Two Bridges, with the top descriptors being ""Catch Basin Clogged/Flooding"" (30) and ""Sewer Backup"" (30) .","n: 83
radius_m: None
years: 3
by_year.2023: 16
by_year.2024: 19
by_year.2025: 39
by_year.2026: 9
by_descriptor.Catch Basin Clogged/Flooding (Use Comments) (SC): 30
by_descriptor.Sewer Backup (Use Comments) (SA): 30
by_descriptor.Street Flooding (SJ): 13
by_descriptor.Manhole Overflow (Use Comments) (SA1): 8
by_descriptor.Flooding on Street: 2
most_recent.0.date: 2026-04-27
most_recent.0.descriptor: Catch Basin Clogged/Flooding (Use Comments) (SC)
most_recent.0.address: 291 GRAND STREET
most_recent.1.date: 2026-03-16
most_recent.1.descriptor: Catch Basin Clogged/Flooding (Use Comments) (SC)
most_recent.1.address: 291 GRAND STREET
most_recent.2.date: 2026-03-05
most_recent.2.descriptor: Street Flooding (SJ)
most_recent.2.address: 295 GRAND STREET
most_recent.3.date: 2026-02-28
most_recent.3.descriptor: Sewer Backup (Use Comments) (SA)
most_recent.3.address: 62 MONROE STREET
most_recent.4.date: 2026-02-23
most_recent.4.descriptor: Street Flooding (SJ)
most_recent.4.address: None",b0099,number,0
b0099_direction,2026-05-06/framed/q13-grant-twobridges-cdbg,nyc311_nta,"Over the past three years, NYC 311 recorded 83 flood-related complaints beyond Chinatown-Two Bridges, with the top descriptors being ""Catch Basin Clogged/Flooding"" (30) and ""Sewer Backup"" (30) .","n: 83
radius_m: None
years: 3
by_year.2023: 16
by_year.2024: 19
by_year.2025: 39
by_year.2026: 9
by_descriptor.Catch Basin Clogged/Flooding (Use Comments) (SC): 30
by_descriptor.Sewer Backup (Use Comments) (SA): 30
by_descriptor.Street Flooding (SJ): 13
by_descriptor.Manhole Overflow (Use Comments) (SA1): 8
by_descriptor.Flooding on Street: 2
most_recent.0.date: 2026-04-27
most_recent.0.descriptor: Catch Basin Clogged/Flooding (Use Comments) (SC)
most_recent.0.address: 291 GRAND STREET
most_recent.1.date: 2026-03-16
most_recent.1.descriptor: Catch Basin Clogged/Flooding (Use Comments) (SC)
most_recent.1.address: 291 GRAND STREET
most_recent.2.date: 2026-03-05
most_recent.2.descriptor: Street Flooding (SJ)
most_recent.2.address: 295 GRAND STREET
most_recent.3.date: 2026-02-28
most_recent.3.descriptor: Sewer Backup (Use Comments) (SA)
most_recent.3.address: 62 MONROE STREET
most_recent.4.date: 2026-02-23
most_recent.4.descriptor: Street Flooding (SJ)
most_recent.4.address: None",b0099,direction,0
b0099_place,2026-05-06/framed/q13-grant-twobridges-cdbg,nyc311_nta,"Over the past three years, NYC 311 recorded 83 flood-related complaints within Chinatown-Gowanus, with the top descriptors being ""Catch Basin Clogged/Flooding"" (30) and ""Sewer Backup"" (30) .","n: 83
radius_m: None
years: 3
by_year.2023: 16
by_year.2024: 19
by_year.2025: 39
by_year.2026: 9
by_descriptor.Catch Basin Clogged/Flooding (Use Comments) (SC): 30
by_descriptor.Sewer Backup (Use Comments) (SA): 30
by_descriptor.Street Flooding (SJ): 13
by_descriptor.Manhole Overflow (Use Comments) (SA1): 8
by_descriptor.Flooding on Street: 2
most_recent.0.date: 2026-04-27
most_recent.0.descriptor: Catch Basin Clogged/Flooding (Use Comments) (SC)
most_recent.0.address: 291 GRAND STREET
most_recent.1.date: 2026-03-16
most_recent.1.descriptor: Catch Basin Clogged/Flooding (Use Comments) (SC)
most_recent.1.address: 291 GRAND STREET
most_recent.2.date: 2026-03-05
most_recent.2.descriptor: Street Flooding (SJ)
most_recent.2.address: 295 GRAND STREET
most_recent.3.date: 2026-02-28
most_recent.3.descriptor: Sewer Backup (Use Comments) (SA)
most_recent.3.address: 62 MONROE STREET
most_recent.4.date: 2026-02-23
most_recent.4.descriptor: Street Flooding (SJ)
most_recent.4.address: None",b0099,place,0
b0100_none,2026-05-06/framed/q13-grant-twobridges-cdbg,dep_moderate_2050_nta,"Under a moderate stormwater scenario in 2050 with projected sea-level rise, 2.4% of the neighborhood would be flooded .","scenario: dep_moderate_2050
label: DEP Moderate Stormwater (2.13 in/hr, 2050 SLR)
fraction_any: 0.0242 (2.4 %, 2 %)
fraction_class.1: 0.0079 (0.8 %, 1 %)
fraction_class.2: 0.0035 (0.4 %, 0 %)
fraction_class.3: 0.0128 (1.3 %, 1 %)
polygon_area_m2: 1072229.6",b0100,none,1
b0100_doc_swap,2026-05-06/framed/q13-grant-twobridges-cdbg,nyc311_nta,"Under a moderate stormwater scenario in 2050 with projected sea-level rise, 2.4% of the neighborhood would be flooded .","n: 382
radius_m: None
years: 3
by_year.2023: 190
by_year.2024: 93
by_year.2025: 73
by_year.2026: 26
by_descriptor.Sewer Backup (Use Comments) (SA): 148
by_descriptor.Street Flooding (SJ): 94
by_descriptor.Catch Basin Clogged/Flooding (Use Comments) (SC): 71
by_descriptor.Flooding on Street: 42
by_descriptor.Manhole Overflow (Use Comments) (SA1): 27
most_recent.0.date: 2026-05-02
most_recent.0.descriptor: Sewer Backup (Use Comments) (SA)
most_recent.0.address: 2830 WEST   36 STREET
most_recent.1.date: 2026-04-25
most_recent.1.descriptor: Catch Basin Clogged/Flooding (Use Comments) (SC)
most_recent.1.address: None
most_recent.2.date: 2026-04-24
most_recent.2.descriptor: Sewer Backup (Use Comments) (SA)
most_recent.2.address: 2803 WEST   16 STREET
most_recent.3.date: 2026-04-18
most_recent.3.descriptor: Sewer Backup (Use Comments) (SA)
most_recent.3.address: 2830 WEST   36 STREET
most_recent.4.date: 2026-03-30
most_recent.4.descriptor: Catch Basin Clogged/Flooding (Use Comments) (SC)
most_recent.4.address: None",b0100,doc_swap,0
b0100_number,2026-05-06/framed/q13-grant-twobridges-cdbg,dep_moderate_2050_nta,"Under a moderate stormwater scenario in 2050 with projected sea-level rise, 3.6% of the neighborhood would be flooded .","scenario: dep_moderate_2050
label: DEP Moderate Stormwater (2.13 in/hr, 2050 SLR)
fraction_any: 0.0242 (2.4 %, 2 %)
fraction_class.1: 0.0079 (0.8 %, 1 %)
fraction_class.2: 0.0035 (0.4 %, 0 %)
fraction_class.3: 0.0128 (1.3 %, 1 %)
polygon_area_m2: 1072229.6",b0100,number,0
b0101_none,2026-05-06/framed/q13-grant-twobridges-cdbg,dep_moderate_current_nta,"Currently, under present sea-level conditions, only 0.6% is modeled to flood .","scenario: dep_moderate_current
label: DEP Moderate Stormwater (2.13 in/hr, current SLR)
fraction_any: 0.0059 (0.6 %, 1 %)
fraction_class.1: 0.0051 (0.5 %, 1 %)
fraction_class.2: 0.0008 (0.1 %, 0 %)
fraction_class.3: 0.0
polygon_area_m2: 1072229.6",b0101,none,1
b0101_doc_swap,2026-05-06/framed/q13-grant-twobridges-cdbg,sandy_nta,"Currently, under present sea-level conditions, only 0.6% is modeled to flood .","overlap_area_m2: 3870613.4
polygon_area_m2: 4421167.4
fraction: 0.8755 (87.5 %, 88 %)
inside: True",b0101,doc_swap,0
b0101_number,2026-05-06/framed/q13-grant-twobridges-cdbg,dep_moderate_current_nta,"Currently, under present sea-level conditions, only 1.2% is modeled to flood .","scenario: dep_moderate_current
label: DEP Moderate Stormwater (2.13 in/hr, current SLR)
fraction_any: 0.0059 (0.6 %, 1 %)
fraction_class.1: 0.0051 (0.5 %, 1 %)
fraction_class.2: 0.0008 (0.1 %, 0 %)
fraction_class.3: 0.0
polygon_area_m2: 1072229.6",b0101,number,0
b0102_none,2026-05-06/framed/q13-grant-twobridges-cdbg,microtopo_nta,"The terrain analysis shows a median elevation of 7.09 m, with 7.4% of the area having a Height Above Nearest Drainage (HAND) below 1 m, indicating proximity to potential flooding channels .","n_cells: 1701
elev_min_m: 0.0
elev_median_m: 7.09
elev_p10_m: 1.45
elev_max_m: 13.01
hand_median_m: 6.36
twi_median: 8.44
frac_hand_lt1: 0.0741 (7.4 %, 7 %)
frac_twi_gt10: 0.1952 (19.5 %, 20 %)",b0102,none,1
b0102_doc_swap,2026-05-06/framed/q13-grant-twobridges-cdbg,dep_moderate_current_nta,"The terrain analysis shows a median elevation of 7.09 m, with 7.4% of the area having a Height Above Nearest Drainage (HAND) below 1 m, indicating proximity to potential flooding channels .","scenario: dep_moderate_current
label: DEP Moderate Stormwater (2.13 in/hr, current SLR)
fraction_any: 0.0163 (1.6 %, 2 %)
fraction_class.1: 0.0123 (1.2 %, 1 %)
fraction_class.2: 0.004 (0.4 %, 0 %)
fraction_class.3: 0.0
polygon_area_m2: 5649571.1",b0102,doc_swap,0
b0102_number,2026-05-06/framed/q13-grant-twobridges-cdbg,microtopo_nta,"The terrain analysis shows a median elevation of 7.09 m, with 2.2% of the area having a Height Above Nearest Drainage (HAND) below 1 m, indicating proximity to potential flooding channels .","n_cells: 1701
elev_min_m: 0.0
elev_median_m: 7.09
elev_p10_m: 1.45
elev_max_m: 13.01
hand_median_m: 6.36
twi_median: 8.44
frac_hand_lt1: 0.0741 (7.4 %, 7 %)
frac_twi_gt10: 0.1952 (19.5 %, 20 %)",b0102,number,0
b0102_direction,2026-05-06/framed/q13-grant-twobridges-cdbg,microtopo_nta,"The terrain analysis shows a median elevation of 7.09 m, with 7.4% of the area having a Height Above Nearest Drainage (HAND) above 1 m, indicating proximity to potential flooding channels .","n_cells: 1701
elev_min_m: 0.0
elev_median_m: 7.09
elev_p10_m: 1.45
elev_max_m: 13.01
hand_median_m: 6.36
twi_median: 8.44
frac_hand_lt1: 0.0741 (7.4 %, 7 %)
frac_twi_gt10: 0.1952 (19.5 %, 20 %)",b0102,direction,0
b0103_none,2026-05-06/framed/q13-grant-twobridges-cdbg,microtopo_nta,"The USGS-derived terrain metrics highlight areas with high saturation risk due to TWI values exceeding 10, affecting 19.5% of the polygon's cells . ```","n_cells: 1701
elev_min_m: 0.0
elev_median_m: 7.09
elev_p10_m: 1.45
elev_max_m: 13.01
hand_median_m: 6.36
twi_median: 8.44
frac_hand_lt1: 0.0741 (7.4 %, 7 %)
frac_twi_gt10: 0.1952 (19.5 %, 20 %)",b0103,none,1
b0103_doc_swap,2026-05-06/framed/q13-grant-twobridges-cdbg,microtopo,"The USGS-derived terrain metrics highlight areas with high saturation risk due to TWI values exceeding 10, affecting 19.5% of the polygon's cells . ```","Source: USGS 3DEP 30 m DEM (LiDAR-derived) via py3dep, with TWI and HAND derived using whitebox-workflows hydrology toolkit.
Point elevation at this address: 16.89 m above sea level.
Topographic position relative to surroundings: MID-SLOPE — neither a clear low point nor high ground.
Fraction of cells within 200 m radius that are LOWER in elevation than this address: 57.6%.
Fraction of cells within 750 m radius that are LOWER in elevation than this address: 75.6%.
Basin relief (max elevation in 750 m AOI minus address elevation): 10.51 m.
Height Above Nearest Drainage (HAND): 16.76 m. Interpretation: high (>8 m) — the address sits well above the local drainage network. HAND is the standard hydrology index for vertical distance from a cell to the nearest channel; used by USGS, USACE, and InfoWorks ICM.
Topographic Wetness Index (TWI): 7.1. Interpretation: moderate. TWI = ln(specific catchment area / tan slope) is the TOPMODEL framework's saturation propensity metric.",b0103,doc_swap,0
b0103_number,2026-05-06/framed/q13-grant-twobridges-cdbg,microtopo_nta,"The USGS-derived terrain metrics highlight areas with high saturation risk due to TWI values exceeding 10, affecting 29.2% of the polygon's cells . ```","n_cells: 1701
elev_min_m: 0.0
elev_median_m: 7.09
elev_p10_m: 1.45
elev_max_m: 13.01
hand_median_m: 6.36
twi_median: 8.44
frac_hand_lt1: 0.0741 (7.4 %, 7 %)
frac_twi_gt10: 0.1952 (19.5 %, 20 %)",b0103,number,0
b0103_direction,2026-05-06/framed/q13-grant-twobridges-cdbg,microtopo_nta,"The USGS-derived terrain metrics highlight areas with low saturation risk due to TWI values exceeding 10, affecting 19.5% of the polygon's cells . ```","n_cells: 1701
elev_min_m: 0.0
elev_median_m: 7.09
elev_p10_m: 1.45
elev_max_m: 13.01
hand_median_m: 6.36
twi_median: 8.44
frac_hand_lt1: 0.0741 (7.4 %, 7 %)
frac_twi_gt10: 0.1952 (19.5 %, 20 %)",b0103,direction,0
b0104_none,2026-05-06/framed/q17-compare-pioneer-grand,sandy,"The address is within the empirical 2012 inundation extent of Hurricane Sandy , confirming direct flooding during that event.","Source: NYC Sandy Inundation Zone (NYC OpenData 5xsi-dfpx, empirical extent of areas flooded by Hurricane Sandy in 2012).
FACT: The address is LOCATED WITHIN this empirical 2012 inundation extent.
INTERPRETATION: Hurricane Sandy did flood this address (or this immediate parcel) on October 29-30, 2012. This is a historical fact, not a model prediction.
Do not state the opposite. The address is inside the Sandy inundation zone.",b0104,none,1
b0104_doc_swap,2026-05-06/framed/q17-compare-pioneer-grand,npcc4_slr,"The address is within the empirical 2012 inundation extent of Hurricane Sandy , confirming direct flooding during that event.","Source: New York City Panel on Climate Change 4th Assessment (NPCC4 2024), Chapter 3 — Sea Level Rise, Table 3.2. Published by the New York Academy of Sciences. Reference gauge: NOAA Battery (8518750), baseline 2000–2004.
Sea-level rise projections for the Battery Tide Gauge (primary NYC harbor reference), inches above 2000–2004 baseline:
2050 — Low (10th pct): 8 in (0.2 m); Mid (50th): 15 in (0.38 m); High (90th): 29 in (0.74 m); Extreme (99th): 40 in (1.02 m).
2100 — Low (10th pct): 13 in (0.33 m); Mid (50th): 31 in (0.79 m); High (90th): 65 in (1.65 m); Extreme (99th): 96 in (2.44 m).
INTERPRETATION: these are harbor-wide projections, not site-specific inundation depths. Local exposure depends on elevation, distance to waterfront, and storm-surge coupling. Use the DEP stormwater and Sandy layers for site-specific flood-zone assignment.",b0104,doc_swap,0
b0104_number,2026-05-06/framed/q17-compare-pioneer-grand,sandy,"The address is within the empirical 604 inundation extent of Hurricane Sandy , confirming direct flooding during that event.","Source: NYC Sandy Inundation Zone (NYC OpenData 5xsi-dfpx, empirical extent of areas flooded by Hurricane Sandy in 2012).
FACT: The address is LOCATED WITHIN this empirical 2012 inundation extent.
INTERPRETATION: Hurricane Sandy did flood this address (or this immediate parcel) on October 29-30, 2012. This is a historical fact, not a model prediction.
Do not state the opposite. The address is inside the Sandy inundation zone.",b0104,number,0
b0104_direction,2026-05-06/framed/q17-compare-pioneer-grand,sandy,"The address is beyond the empirical 2012 inundation extent of Hurricane Sandy , confirming direct flooding during that event.","Source: NYC Sandy Inundation Zone (NYC OpenData 5xsi-dfpx, empirical extent of areas flooded by Hurricane Sandy in 2012).
FACT: The address is LOCATED WITHIN this empirical 2012 inundation extent.
INTERPRETATION: Hurricane Sandy did flood this address (or this immediate parcel) on October 29-30, 2012. This is a historical fact, not a model prediction.
Do not state the opposite. The address is inside the Sandy inundation zone.",b0104,direction,0
b0105_none,2026-05-06/framed/q17-compare-pioneer-grand,nyc311,"Additionally, there have been 65 flood-related complaints within a 200 m radius over the past five years, with the most common descriptors being ""Catch Basin Clogged/Flooding"" (24) and ""Sewer Backup"" (22) .","Source: NYC 311 service requests (Socrata erm2-nwe9, 2010-present).
311 flood-related complaints within 200 m, last 5 years: 65.
Top descriptors and counts: Catch Basin Clogged/Flooding (Use Comments) (SC): 24; Sewer Backup (Use Comments) (SA): 22; Street Flooding (SJ): 18; Flooding on Street: 1.
Per-year counts: 2021: 6, 2022: 14, 2023: 27, 2024: 10, 2025: 8.",b0105,none,1
b0105_doc_swap,2026-05-06/framed/q17-compare-pioneer-grand,ida_hwm,"Additionally, there have been 65 flood-related complaints within a 200 m radius over the past five years, with the most common descriptors being ""Catch Basin Clogged/Flooding"" (24) and ""Sewer Backup"" (22) .","Source: USGS STN Hurricane Ida 2021 high-water marks (Event 312, NY State).
USGS HWMs within 800 m: 2.
Max water height above ground: 0.76 ft.
Max HWM elevation: 48.2 ft.
Nearest HWM site: Intersection of 182nd St. and 90th Ave., Jamaica, Queens (174.0 m away).",b0105,doc_swap,0
b0105_number,2026-05-06/framed/q17-compare-pioneer-grand,nyc311,"Additionally, there have been 65 flood-related complaints within a 200 m radius over the past five years, with the most common descriptors being ""Catch Basin Clogged/Flooding"" (48) and ""Sewer Backup"" (22) .","Source: NYC 311 service requests (Socrata erm2-nwe9, 2010-present).
311 flood-related complaints within 200 m, last 5 years: 65.
Top descriptors and counts: Catch Basin Clogged/Flooding (Use Comments) (SC): 24; Sewer Backup (Use Comments) (SA): 22; Street Flooding (SJ): 18; Flooding on Street: 1.
Per-year counts: 2021: 6, 2022: 14, 2023: 27, 2024: 10, 2025: 8.",b0105,number,0
b0105_direction,2026-05-06/framed/q17-compare-pioneer-grand,nyc311,"Additionally, there have been 65 flood-related complaints beyond a 200 m radius over the past five years, with the most common descriptors being ""Catch Basin Clogged/Flooding"" (24) and ""Sewer Backup"" (22) .","Source: NYC 311 service requests (Socrata erm2-nwe9, 2010-present).
311 flood-related complaints within 200 m, last 5 years: 65.
Top descriptors and counts: Catch Basin Clogged/Flooding (Use Comments) (SC): 24; Sewer Backup (Use Comments) (SA): 22; Street Flooding (SJ): 18; Flooding on Street: 1.
Per-year counts: 2021: 6, 2022: 14, 2023: 27, 2024: 10, 2025: 8.",b0105,direction,0
b0106_none,2026-05-06/framed/q17-compare-pioneer-grand,floodnet,"Nearby FloodNet sensors recorded 4 total flood events in the last three years, including a peak depth of 51 mm at one sensor on 2025‑10‑30 .","Source: FloodNet NYC ultrasonic depth sensor network (api.floodnet.nyc).
Sensors within 600 m: 4.
Sensors with labeled flood events in last 3 years: 2.
Total flood events at those sensors: 4.
Peak event: 51 mm depth at sensor openly_driven_tarpon starting 2025-10-30.",b0106,none,1
b0106_doc_swap,2026-05-06/framed/q17-compare-pioneer-grand,ida_hwm,"Nearby FloodNet sensors recorded 4 total flood events in the last three years, including a peak depth of 51 mm at one sensor on 2025‑10‑30 .","n_within_radius: 0
radius_m: 800
max_elev_ft: None
max_height_above_gnd_ft: None
nearest_dist_m: 1417.0
nearest_site: Intersection of Carroll St. and Nevins St., Gowanus, Brooklyn
nearest_elev_ft: 10.7
narrative: No Hurricane Ida (Sept 2021) high-water marks were surveyed within 800 m of this address. Nearest USGS-surveyed mark: Intersection of Carroll St. and Nevins St., Gowanus, Brooklyn (1417 m away).",b0106,doc_swap,0
b0106_number,2026-05-06/framed/q17-compare-pioneer-grand,floodnet,"Nearby FloodNet sensors recorded 4 total flood events in the last three years, including a peak depth of 51 mm at one sensor on 3038‑10‑30 .","Source: FloodNet NYC ultrasonic depth sensor network (api.floodnet.nyc).
Sensors within 600 m: 4.
Sensors with labeled flood events in last 3 years: 2.
Total flood events at those sensors: 4.
Peak event: 51 mm depth at sensor openly_driven_tarpon starting 2025-10-30.",b0106,number,0
b0107_none,2026-05-06/framed/q17-compare-pioneer-grand,microtopo,"The Fraction of cells within 750 m that are lower is 23.8 % , indicating moderate relief with the basin's maximum elevation being 13.27 m higher than the address .","Source: USGS 3DEP 30 m DEM (LiDAR-derived) via py3dep, with TWI and HAND derived using whitebox-workflows hydrology toolkit.
Point elevation at this address: 1.37 m above sea level.
Topographic position relative to surroundings: topographic LOW POINT — surface runoff in the 200 m neighbourhood routes toward this location.
Fraction of cells within 200 m radius that are LOWER in elevation than this address: 0.8%.
Fraction of cells within 750 m radius that are LOWER in elevation than this address: 23.8%.
Basin relief (max elevation in 750 m AOI minus address elevation): 13.27 m.
Height Above Nearest Drainage (HAND): 3.81 m. Interpretation: moderate (3-8 m) — typical urban-block elevation above drainage. HAND is the standard hydrology index for vertical distance from a cell to the nearest channel; used by USGS, USACE, and InfoWorks ICM.
Topographic Wetness Index (TWI): 14.79. Interpretation: very high — saturation-prone terrain. TWI = ln(specific catchment area / tan slope) is the TOPMODEL framework's saturation propensity metric.",b0107,none,1
b0107_doc_swap,2026-05-06/framed/q17-compare-pioneer-grand,nyc311,"The Fraction of cells within 750 m that are lower is 23.8 % , indicating moderate relief with the basin's maximum elevation being 13.27 m higher than the address .","n: 0
radius_m: 200
years: 5
headline_value: 0 calls
subhead_text: all flood-related descriptors
narrative: No NYC 311 flood-related complaints filed within 200 m of this location in the last 5 years.",b0107,doc_swap,0
b0107_number,2026-05-06/framed/q17-compare-pioneer-grand,microtopo,"The Fraction of cells within 225 m that are lower is 23.8 % , indicating moderate relief with the basin's maximum elevation being 13.27 m higher than the address .","Source: USGS 3DEP 30 m DEM (LiDAR-derived) via py3dep, with TWI and HAND derived using whitebox-workflows hydrology toolkit.
Point elevation at this address: 1.37 m above sea level.
Topographic position relative to surroundings: topographic LOW POINT — surface runoff in the 200 m neighbourhood routes toward this location.
Fraction of cells within 200 m radius that are LOWER in elevation than this address: 0.8%.
Fraction of cells within 750 m radius that are LOWER in elevation than this address: 23.8%.
Basin relief (max elevation in 750 m AOI minus address elevation): 13.27 m.
Height Above Nearest Drainage (HAND): 3.81 m. Interpretation: moderate (3-8 m) — typical urban-block elevation above drainage. HAND is the standard hydrology index for vertical distance from a cell to the nearest channel; used by USGS, USACE, and InfoWorks ICM.
Topographic Wetness Index (TWI): 14.79. Interpretation: very high — saturation-prone terrain. TWI = ln(specific catchment area / tan slope) is the TOPMODEL framework's saturation propensity metric.",b0107,number,0
b0107_direction,2026-05-06/framed/q17-compare-pioneer-grand,microtopo,"The Fraction of cells beyond 750 m that are lower is 23.8 % , indicating moderate relief with the basin's maximum elevation being 13.27 m higher than the address .","Source: USGS 3DEP 30 m DEM (LiDAR-derived) via py3dep, with TWI and HAND derived using whitebox-workflows hydrology toolkit.
Point elevation at this address: 1.37 m above sea level.
Topographic position relative to surroundings: topographic LOW POINT — surface runoff in the 200 m neighbourhood routes toward this location.
Fraction of cells within 200 m radius that are LOWER in elevation than this address: 0.8%.
Fraction of cells within 750 m radius that are LOWER in elevation than this address: 23.8%.
Basin relief (max elevation in 750 m AOI minus address elevation): 13.27 m.
Height Above Nearest Drainage (HAND): 3.81 m. Interpretation: moderate (3-8 m) — typical urban-block elevation above drainage. HAND is the standard hydrology index for vertical distance from a cell to the nearest channel; used by USGS, USACE, and InfoWorks ICM.
Topographic Wetness Index (TWI): 14.79. Interpretation: very high — saturation-prone terrain. TWI = ln(specific catchment area / tan slope) is the TOPMODEL framework's saturation propensity metric.",b0107,direction,0
b0108_none,2026-05-06/framed/q17-compare-pioneer-grand,microtopo,"The Height Above Nearest Drainage (HAND) value of 3.81 m suggests a typical urban‑block elevation above drainage, while the TWI of 14.79 denotes very high saturation potential . **Policy","Source: USGS 3DEP 30 m DEM (LiDAR-derived) via py3dep, with TWI and HAND derived using whitebox-workflows hydrology toolkit.
Point elevation at this address: 1.37 m above sea level.
Topographic position relative to surroundings: topographic LOW POINT — surface runoff in the 200 m neighbourhood routes toward this location.
Fraction of cells within 200 m radius that are LOWER in elevation than this address: 0.8%.
Fraction of cells within 750 m radius that are LOWER in elevation than this address: 23.8%.
Basin relief (max elevation in 750 m AOI minus address elevation): 13.27 m.
Height Above Nearest Drainage (HAND): 3.81 m. Interpretation: moderate (3-8 m) — typical urban-block elevation above drainage. HAND is the standard hydrology index for vertical distance from a cell to the nearest channel; used by USGS, USACE, and InfoWorks ICM.
Topographic Wetness Index (TWI): 14.79. Interpretation: very high — saturation-prone terrain. TWI = ln(specific catchment area / tan slope) is the TOPMODEL framework's saturation propensity metric.",b0108,none,1
b0108_doc_swap,2026-05-06/framed/q17-compare-pioneer-grand,prithvi_water,"The Height Above Nearest Drainage (HAND) value of 3.81 m suggests a typical urban‑block elevation above drainage, while the TWI of 14.79 denotes very high saturation potential . **Policy","nearest_distance_m: 5870.5
n_polygons_within_500m: 0
scene_id: pre HLS.S30.T18TWK.2021237T153809.v2.0 | post HLS.S30.T18TWK.2021245T154911.v2.0
scene_date: pre 2021-08-25, post 2021-09-02
headline_value: 0 within 500 m
subhead_text: surface water after Ida, experimental
narrative: Experimental: satellite-detected surface water about 14 hours after Hurricane Ida (Sentinel-2, 2021-09-02): 0 water polygons within 500 m of this address, nearest 5870.5 m away. Most are marsh, shoreline and park water; street and basement flooding had drained by then and is not visible in this layer.
raster_kind: prithvi
illustrative: False",b0108,doc_swap,0
b0108_number,2026-05-06/framed/q17-compare-pioneer-grand,microtopo,"The Height Above Nearest Drainage (HAND) value of 1.14 m suggests a typical urban‑block elevation above drainage, while the TWI of 14.79 denotes very high saturation potential . **Policy","Source: USGS 3DEP 30 m DEM (LiDAR-derived) via py3dep, with TWI and HAND derived using whitebox-workflows hydrology toolkit.
Point elevation at this address: 1.37 m above sea level.
Topographic position relative to surroundings: topographic LOW POINT — surface runoff in the 200 m neighbourhood routes toward this location.
Fraction of cells within 200 m radius that are LOWER in elevation than this address: 0.8%.
Fraction of cells within 750 m radius that are LOWER in elevation than this address: 23.8%.
Basin relief (max elevation in 750 m AOI minus address elevation): 13.27 m.
Height Above Nearest Drainage (HAND): 3.81 m. Interpretation: moderate (3-8 m) — typical urban-block elevation above drainage. HAND is the standard hydrology index for vertical distance from a cell to the nearest channel; used by USGS, USACE, and InfoWorks ICM.
Topographic Wetness Index (TWI): 14.79. Interpretation: very high — saturation-prone terrain. TWI = ln(specific catchment area / tan slope) is the TOPMODEL framework's saturation propensity metric.",b0108,number,0
b0108_direction,2026-05-06/framed/q17-compare-pioneer-grand,microtopo,"The Height Above Nearest Drainage (HAND) value of 3.81 m suggests a typical urban‑block elevation below drainage, while the TWI of 14.79 denotes very high saturation potential . **Policy","Source: USGS 3DEP 30 m DEM (LiDAR-derived) via py3dep, with TWI and HAND derived using whitebox-workflows hydrology toolkit.
Point elevation at this address: 1.37 m above sea level.
Topographic position relative to surroundings: topographic LOW POINT — surface runoff in the 200 m neighbourhood routes toward this location.
Fraction of cells within 200 m radius that are LOWER in elevation than this address: 0.8%.
Fraction of cells within 750 m radius that are LOWER in elevation than this address: 23.8%.
Basin relief (max elevation in 750 m AOI minus address elevation): 13.27 m.
Height Above Nearest Drainage (HAND): 3.81 m. Interpretation: moderate (3-8 m) — typical urban-block elevation above drainage. HAND is the standard hydrology index for vertical distance from a cell to the nearest channel; used by USGS, USACE, and InfoWorks ICM.
Topographic Wetness Index (TWI): 14.79. Interpretation: very high — saturation-prone terrain. TWI = ln(specific catchment area / tan slope) is the TOPMODEL framework's saturation propensity metric.",b0108,direction,0
b0109_none,2026-05-06/framed/q20-control-astoria,nyc311_nta,"In the last three years, Astoria (Central) has recorded 198 flood-related complaints through NYC 311 services, with the predominant issues being sewer backups (89 incidents) and catch basin clogs/flooding (70 incidents) .","n: 198
radius_m: None
years: 3
by_year.2023: 41
by_year.2024: 49
by_year.2025: 89
by_year.2026: 19
by_descriptor.Sewer Backup (Use Comments) (SA): 89
by_descriptor.Catch Basin Clogged/Flooding (Use Comments) (SC): 70
by_descriptor.Street Flooding (SJ): 29
by_descriptor.Manhole Overflow (Use Comments) (SA1): 10
most_recent.0.date: 2026-04-27
most_recent.0.descriptor: Catch Basin Clogged/Flooding (Use Comments) (SC)
most_recent.0.address: None
most_recent.1.date: 2026-04-25
most_recent.1.descriptor: Catch Basin Clogged/Flooding (Use Comments) (SC)
most_recent.1.address: 32-24 30 AVENUE
most_recent.2.date: 2026-04-14
most_recent.2.descriptor: Sewer Backup (Use Comments) (SA)
most_recent.2.address: 30-43 36 STREET
most_recent.3.date: 2026-04-04
most_recent.3.descriptor: Catch Basin Clogged/Flooding (Use Comments) (SC)
most_recent.3.address: None
most_recent.4.date: 2026-04-02
most_recent.4.descriptor: Catch Basin Clogged/Flooding (Use Comments) (SC)
most_recent.4.address: 34-06 32 STREET",b0109,none,1
b0109_doc_swap,2026-05-06/framed/q20-control-astoria,ida_hwm,"In the last three years, Astoria (Central) has recorded 198 flood-related complaints through NYC 311 services, with the predominant issues being sewer backups (89 incidents) and catch basin clogs/flooding (70 incidents) .","n_within_radius: 0
radius_m: 800
max_elev_ft: None
max_height_above_gnd_ft: None
nearest_dist_m: 2361.0
nearest_site: South of Bedford Ave., between north 12th St. and Lorimer Ave., in McCarren Park, Brooklyn
nearest_elev_ft: 12.0
narrative: No Hurricane Ida (Sept 2021) high-water marks were surveyed within 800 m of this address. Nearest USGS-surveyed mark: South of Bedford Ave., between north 12th St. and Lorimer Ave., in McCarren Park, Brooklyn (2361 m away).",b0109,doc_swap,0
b0109_number,2026-05-06/framed/q20-control-astoria,nyc311_nta,"In the last three years, Astoria (Central) has recorded 198 flood-related complaints through NYC 311 services, with the predominant issues being sewer backups (89 incidents) and catch basin clogs/flooding (105 incidents) .","n: 198
radius_m: None
years: 3
by_year.2023: 41
by_year.2024: 49
by_year.2025: 89
by_year.2026: 19
by_descriptor.Sewer Backup (Use Comments) (SA): 89
by_descriptor.Catch Basin Clogged/Flooding (Use Comments) (SC): 70
by_descriptor.Street Flooding (SJ): 29
by_descriptor.Manhole Overflow (Use Comments) (SA1): 10
most_recent.0.date: 2026-04-27
most_recent.0.descriptor: Catch Basin Clogged/Flooding (Use Comments) (SC)
most_recent.0.address: None
most_recent.1.date: 2026-04-25
most_recent.1.descriptor: Catch Basin Clogged/Flooding (Use Comments) (SC)
most_recent.1.address: 32-24 30 AVENUE
most_recent.2.date: 2026-04-14
most_recent.2.descriptor: Sewer Backup (Use Comments) (SA)
most_recent.2.address: 30-43 36 STREET
most_recent.3.date: 2026-04-04
most_recent.3.descriptor: Catch Basin Clogged/Flooding (Use Comments) (SC)
most_recent.3.address: None
most_recent.4.date: 2026-04-02
most_recent.4.descriptor: Catch Basin Clogged/Flooding (Use Comments) (SC)
most_recent.4.address: 34-06 32 STREET",b0109,number,0
b0109_place,2026-05-06/framed/q20-control-astoria,nyc311_nta,"In the last three years, Chelsea (Central) has recorded 198 flood-related complaints through NYC 311 services, with the predominant issues being sewer backups (89 incidents) and catch basin clogs/flooding (70 incidents) .","n: 198
radius_m: None
years: 3
by_year.2023: 41
by_year.2024: 49
by_year.2025: 89
by_year.2026: 19
by_descriptor.Sewer Backup (Use Comments) (SA): 89
by_descriptor.Catch Basin Clogged/Flooding (Use Comments) (SC): 70
by_descriptor.Street Flooding (SJ): 29
by_descriptor.Manhole Overflow (Use Comments) (SA1): 10
most_recent.0.date: 2026-04-27
most_recent.0.descriptor: Catch Basin Clogged/Flooding (Use Comments) (SC)
most_recent.0.address: None
most_recent.1.date: 2026-04-25
most_recent.1.descriptor: Catch Basin Clogged/Flooding (Use Comments) (SC)
most_recent.1.address: 32-24 30 AVENUE
most_recent.2.date: 2026-04-14
most_recent.2.descriptor: Sewer Backup (Use Comments) (SA)
most_recent.2.address: 30-43 36 STREET
most_recent.3.date: 2026-04-04
most_recent.3.descriptor: Catch Basin Clogged/Flooding (Use Comments) (SC)
most_recent.3.address: None
most_recent.4.date: 2026-04-02
most_recent.4.descriptor: Catch Basin Clogged/Flooding (Use Comments) (SC)
most_recent.4.address: 34-06 32 STREET",b0109,place,0
b0110_none,2026-05-06/framed/q20-control-astoria,dep_moderate_2050_nta,"Under a moderate stormwater scenario (2.13 in/hr) for 2050 sea-level rise, 2.7% of Astoria (Central) is projected to be inundated, with 2.3% falling into the nuisance band (>4 inches to 1 foot) and 0.5% in the 1-4 foot band .","scenario: dep_moderate_2050
label: DEP Moderate Stormwater (2.13 in/hr, 2050 SLR)
fraction_any: 0.0272 (2.7 %, 3 %)
fraction_class.1: 0.0226 (2.3 %, 2 %)
fraction_class.2: 0.0046 (0.5 %, 0 %)
fraction_class.3: 0.0
polygon_area_m2: 1958843.2",b0110,none,1
b0110_doc_swap,2026-05-06/framed/q20-control-astoria,ttm_311_forecast,"Under a moderate stormwater scenario (2.13 in/hr) for 2050 sea-level rise, 2.7% of Astoria (Central) is projected to be inundated, with 2.3% falling into the nuisance band (>4 inches to 1 foot) and 0.5% in the 1-4 foot band .","Source: IBM Granite TimeSeries TTM r2 (Ekambaram et al. 2024, NeurIPS) zero-shot forecast on NYC 311 flood-complaint history (Sewer Backup, Catch Basin Clogged/Flooding, Street Flooding, Manhole Overflow) within 200 m of the address.
Context window: 512 days (73 weeks) ending 2026-09-26.
Total complaints in context window: 9.
History recent 30-day rate: 0.0 complaints/day (≈0.12 per week).
Forecast horizon: 96 days (13 weeks) ahead.
Forecast rate: 0.015 complaints/day (≈0.11 per week).
Forecast peak day: 0.04 complaints, day +9.
Acceleration cue: no — forecast in line with recent baseline.
INTERPRETATION: this is a per-address pattern forecast, not a city-wide trend. Zero-history addresses get a zero-baseline forecast (legitimate); the more relevant cite is when there's a multi-month complaint history that the model is extrapolating.",b0110,doc_swap,0
b0110_number,2026-05-06/framed/q20-control-astoria,dep_moderate_2050_nta,"Under a moderate stormwater scenario (6.39 in/hr) for 2050 sea-level rise, 2.7% of Astoria (Central) is projected to be inundated, with 2.3% falling into the nuisance band (>4 inches to 1 foot) and 0.5% in the 1-4 foot band .","scenario: dep_moderate_2050
label: DEP Moderate Stormwater (2.13 in/hr, 2050 SLR)
fraction_any: 0.0272 (2.7 %, 3 %)
fraction_class.1: 0.0226 (2.3 %, 2 %)
fraction_class.2: 0.0046 (0.5 %, 0 %)
fraction_class.3: 0.0
polygon_area_m2: 1958843.2",b0110,number,0
b0110_direction,2026-05-06/framed/q20-control-astoria,dep_moderate_2050_nta,"Under a moderate stormwater scenario (2.13 in/hr) for 2050 sea-level rise, 2.7% of Astoria (Central) is projected to be inundated, with 2.3% rising into the nuisance band (>4 inches to 1 foot) and 0.5% in the 1-4 foot band .","scenario: dep_moderate_2050
label: DEP Moderate Stormwater (2.13 in/hr, 2050 SLR)
fraction_any: 0.0272 (2.7 %, 3 %)
fraction_class.1: 0.0226 (2.3 %, 2 %)
fraction_class.2: 0.0046 (0.5 %, 0 %)
fraction_class.3: 0.0
polygon_area_m2: 1958843.2",b0110,direction,0
b0110_place,2026-05-06/framed/q20-control-astoria,dep_moderate_2050_nta,"Under a moderate stormwater scenario (2.13 in/hr) for 2050 sea-level rise, 2.7% of Long Island City (Central) is projected to be inundated, with 2.3% falling into the nuisance band (>4 inches to 1 foot) and 0.5% in the 1-4 foot band .","scenario: dep_moderate_2050
label: DEP Moderate Stormwater (2.13 in/hr, 2050 SLR)
fraction_any: 0.0272 (2.7 %, 3 %)
fraction_class.1: 0.0226 (2.3 %, 2 %)
fraction_class.2: 0.0046 (0.5 %, 0 %)
fraction_class.3: 0.0
polygon_area_m2: 1958843.2",b0110,place,0
b0111_none,2026-05-06/framed/q20-control-astoria,microtopo_nta,"The terrain analysis indicates a median elevation of 13.26 meters, with 2.0% of cells having a Height Above Nearest Drainage (HAND) below 1 meter, suggesting proximity to potential flood pathways .","n_cells: 3103
elev_min_m: 5.27
elev_median_m: 13.26
elev_p10_m: 8.93
elev_max_m: 22.28
hand_median_m: 9.24
twi_median: 8.29
frac_hand_lt1: 0.0197 (2.0 %, 2 %)
frac_twi_gt10: 0.1792 (17.9 %, 18 %)",b0111,none,1
b0111_doc_swap,2026-05-06/framed/q20-control-astoria,floodnet,"The terrain analysis indicates a median elevation of 13.26 meters, with 2.0% of cells having a Height Above Nearest Drainage (HAND) below 1 meter, suggesting proximity to potential flood pathways .","n_sensors: 0
n_flood_events_3y: 0
n_sensors_with_events: 0
peak_event: None
narrative: No FloodNet sensors deployed within 600 m of this address.
radius_m: 600",b0111,doc_swap,0
b0111_number,2026-05-06/framed/q20-control-astoria,microtopo_nta,"The terrain analysis indicates a median elevation of 13.26 meters, with 0.6% of cells having a Height Above Nearest Drainage (HAND) below 1 meter, suggesting proximity to potential flood pathways .","n_cells: 3103
elev_min_m: 5.27
elev_median_m: 13.26
elev_p10_m: 8.93
elev_max_m: 22.28
hand_median_m: 9.24
twi_median: 8.29
frac_hand_lt1: 0.0197 (2.0 %, 2 %)
frac_twi_gt10: 0.1792 (17.9 %, 18 %)",b0111,number,0
b0111_direction,2026-05-06/framed/q20-control-astoria,microtopo_nta,"The terrain analysis indicates a median elevation of 13.26 meters, with 2.0% of cells having a Height Above Nearest Drainage (HAND) above 1 meter, suggesting proximity to potential flood pathways .","n_cells: 3103
elev_min_m: 5.27
elev_median_m: 13.26
elev_p10_m: 8.93
elev_max_m: 22.28
hand_median_m: 9.24
twi_median: 8.29
frac_hand_lt1: 0.0197 (2.0 %, 2 %)
frac_twi_gt10: 0.1792 (17.9 %, 18 %)",b0111,direction,0
b0112_none,2026-05-06/framed/q20-control-astoria,microtopo_nta,"The USGS-derived terrain metrics further emphasize susceptibility, with 17.9% of cells having a Topographic Wetness Index (TWI) greater than 10, indicating potential saturation-prone zones . ```","n_cells: 3103
elev_min_m: 5.27
elev_median_m: 13.26
elev_p10_m: 8.93
elev_max_m: 22.28
hand_median_m: 9.24
twi_median: 8.29
frac_hand_lt1: 0.0197 (2.0 %, 2 %)
frac_twi_gt10: 0.1792 (17.9 %, 18 %)",b0112,none,1
b0112_doc_swap,2026-05-06/framed/q20-control-astoria,sandy,"The USGS-derived terrain metrics further emphasize susceptibility, with 17.9% of cells having a Topographic Wetness Index (TWI) greater than 10, indicating potential saturation-prone zones . ```","Source: NYC Sandy Inundation Zone (NYC OpenData 5xsi-dfpx, empirical extent of areas flooded by Hurricane Sandy in 2012).
FACT: The address is LOCATED WITHIN this empirical 2012 inundation extent.
INTERPRETATION: Hurricane Sandy did flood this address (or this immediate parcel) on October 29-30, 2012. This is a historical fact, not a model prediction.
Do not state the opposite. The address is inside the Sandy inundation zone.",b0112,doc_swap,0
b0112_number,2026-05-06/framed/q20-control-astoria,microtopo_nta,"The USGS-derived terrain metrics further emphasize susceptibility, with 53.7% of cells having a Topographic Wetness Index (TWI) greater than 10, indicating potential saturation-prone zones . ```","n_cells: 3103
elev_min_m: 5.27
elev_median_m: 13.26
elev_p10_m: 8.93
elev_max_m: 22.28
hand_median_m: 9.24
twi_median: 8.29
frac_hand_lt1: 0.0197 (2.0 %, 2 %)
frac_twi_gt10: 0.1792 (17.9 %, 18 %)",b0112,number,0
b0113_none,burr/f65592a7-52ef-4010-a732-1df9167d4776,fema_nfhl,"This address sits in FEMA flood zone X, per NFHL FIRM panel 3604970203F, effective 2007 .","fld_zone: X
zone_subty: AREA OF MINIMAL FLOOD HAZARD
sfha: False
firm_panel: 3604970203F
effective_year: 2007
narrative: This address sits in FEMA flood zone X, per NFHL FIRM panel 3604970203F, effective 2007.",b0113,none,1
b0113_doc_swap,burr/f65592a7-52ef-4010-a732-1df9167d4776,microtopo,"This address sits in FEMA flood zone X, per NFHL FIRM panel 3604970203F, effective 2007 .","Source: USGS 3DEP 30 m DEM (LiDAR-derived) via py3dep, with TWI and HAND derived using whitebox-workflows hydrology toolkit.
Point elevation at this address: 1.37 m above sea level.
Topographic position relative to surroundings: topographic LOW POINT — surface runoff in the 200 m neighbourhood routes toward this location.
Fraction of cells within 200 m radius that are LOWER in elevation than this address: 0.8%.
Fraction of cells within 750 m radius that are LOWER in elevation than this address: 23.8%.
Basin relief (max elevation in 750 m AOI minus address elevation): 13.27 m.
Height Above Nearest Drainage (HAND): 3.81 m. Interpretation: moderate (3-8 m) — typical urban-block elevation above drainage. HAND is the standard hydrology index for vertical distance from a cell to the nearest channel; used by USGS, USACE, and InfoWorks ICM.
Topographic Wetness Index (TWI): 14.79. Interpretation: very high — saturation-prone terrain. TWI = ln(specific catchment area / tan slope) is the TOPMODEL framework's saturation propensity metric.",b0113,doc_swap,0
b0113_number,burr/f65592a7-52ef-4010-a732-1df9167d4776,fema_nfhl,"This address sits in FEMA flood zone X, per NFHL FIRM panel 3604970203F, effective 3010 .","fld_zone: X
zone_subty: AREA OF MINIMAL FLOOD HAZARD
sfha: False
firm_panel: 3604970203F
effective_year: 2007
narrative: This address sits in FEMA flood zone X, per NFHL FIRM panel 3604970203F, effective 2007.",b0113,number,0
b0114_none,burr/f65592a7-52ef-4010-a732-1df9167d4776,ida_hwm,No Hurricane Ida (Sept 2021) high-water marks were surveyed within 800 m of this address .,"n_within_radius: 0
radius_m: 800
max_elev_ft: None
max_height_above_gnd_ft: None
nearest_dist_m: 1417.0
nearest_site: Intersection of Carroll St. and Nevins St., Gowanus, Brooklyn
nearest_elev_ft: 10.7
narrative: No Hurricane Ida (Sept 2021) high-water marks were surveyed within 800 m of this address. Nearest USGS-surveyed mark: Intersection of Carroll St. and Nevins St., Gowanus, Brooklyn (1417 m away).",b0114,none,1
b0114_doc_swap,burr/f65592a7-52ef-4010-a732-1df9167d4776,microtopo,No Hurricane Ida (Sept 2021) high-water marks were surveyed within 800 m of this address .,"Source: USGS 3DEP 30 m DEM (LiDAR-derived) via py3dep, with TWI and HAND derived using whitebox-workflows hydrology toolkit.
Point elevation at this address: 5.19 m above sea level.
Topographic position relative to surroundings: MID-SLOPE — neither a clear low point nor high ground.
Fraction of cells within 200 m radius that are LOWER in elevation than this address: 38.2%.
Fraction of cells within 750 m radius that are LOWER in elevation than this address: 56.6%.
Basin relief (max elevation in 750 m AOI minus address elevation): 13.06 m.
Height Above Nearest Drainage (HAND): 6.42 m. Interpretation: moderate (3-8 m) — typical urban-block elevation above drainage. HAND is the standard hydrology index for vertical distance from a cell to the nearest channel; used by USGS, USACE, and InfoWorks ICM.
Topographic Wetness Index (TWI): 9.52. Interpretation: moderate. TWI = ln(specific catchment area / tan slope) is the TOPMODEL framework's saturation propensity metric.",b0114,doc_swap,0
b0114_number,burr/f65592a7-52ef-4010-a732-1df9167d4776,ida_hwm,No Hurricane Ida (Sept 2021) high-water marks were surveyed within 1200 m of this address .,"n_within_radius: 0
radius_m: 800
max_elev_ft: None
max_height_above_gnd_ft: None
nearest_dist_m: 1417.0
nearest_site: Intersection of Carroll St. and Nevins St., Gowanus, Brooklyn
nearest_elev_ft: 10.7
narrative: No Hurricane Ida (Sept 2021) high-water marks were surveyed within 800 m of this address. Nearest USGS-surveyed mark: Intersection of Carroll St. and Nevins St., Gowanus, Brooklyn (1417 m away).",b0114,number,0
b0114_direction,burr/f65592a7-52ef-4010-a732-1df9167d4776,ida_hwm,No Hurricane Ida (Sept 2021) high-water marks were surveyed beyond 800 m of this address .,"n_within_radius: 0
radius_m: 800
max_elev_ft: None
max_height_above_gnd_ft: None
nearest_dist_m: 1417.0
nearest_site: Intersection of Carroll St. and Nevins St., Gowanus, Brooklyn
nearest_elev_ft: 10.7
narrative: No Hurricane Ida (Sept 2021) high-water marks were surveyed within 800 m of this address. Nearest USGS-surveyed mark: Intersection of Carroll St. and Nevins St., Gowanus, Brooklyn (1417 m away).",b0114,direction,0
b0115_none,burr/f65592a7-52ef-4010-a732-1df9167d4776,ida_hwm,"Nearest USGS-surveyed mark: Intersection of Carroll St. and Nevins St., Gowanus, Brooklyn (1417 m away) .","n_within_radius: 0
radius_m: 800
max_elev_ft: None
max_height_above_gnd_ft: None
nearest_dist_m: 1417.0
nearest_site: Intersection of Carroll St. and Nevins St., Gowanus, Brooklyn
nearest_elev_ft: 10.7
narrative: No Hurricane Ida (Sept 2021) high-water marks were surveyed within 800 m of this address. Nearest USGS-surveyed mark: Intersection of Carroll St. and Nevins St., Gowanus, Brooklyn (1417 m away).",b0115,none,1
b0115_doc_swap,burr/f65592a7-52ef-4010-a732-1df9167d4776,dep_moderate_2050_nta,"Nearest USGS-surveyed mark: Intersection of Carroll St. and Nevins St., Gowanus, Brooklyn (1417 m away) .","scenario: dep_moderate_2050
label: DEP Moderate Stormwater (2.13 in/hr, 2050 SLR)
fraction_any: 0.0776 (7.8 %, 8 %)
fraction_class.1: 0.0313 (3.1 %, 3 %)
fraction_class.2: 0.0035 (0.4 %, 0 %)
fraction_class.3: 0.0428 (4.3 %, 4 %)
polygon_area_m2: 4421167.4",b0115,doc_swap,0
b0115_number,burr/f65592a7-52ef-4010-a732-1df9167d4776,ida_hwm,"Nearest USGS-surveyed mark: Intersection of Carroll St. and Nevins St., Gowanus, Brooklyn (708 m away) .","n_within_radius: 0
radius_m: 800
max_elev_ft: None
max_height_above_gnd_ft: None
nearest_dist_m: 1417.0
nearest_site: Intersection of Carroll St. and Nevins St., Gowanus, Brooklyn
nearest_elev_ft: 10.7
narrative: No Hurricane Ida (Sept 2021) high-water marks were surveyed within 800 m of this address. Nearest USGS-surveyed mark: Intersection of Carroll St. and Nevins St., Gowanus, Brooklyn (1417 m away).",b0115,number,0
b0115_place,burr/f65592a7-52ef-4010-a732-1df9167d4776,ida_hwm,"Nearest USGS-surveyed mark: Intersection of Carroll St. and Nevins St., Gowanus, Queens (1417 m away) .","n_within_radius: 0
radius_m: 800
max_elev_ft: None
max_height_above_gnd_ft: None
nearest_dist_m: 1417.0
nearest_site: Intersection of Carroll St. and Nevins St., Gowanus, Brooklyn
nearest_elev_ft: 10.7
narrative: No Hurricane Ida (Sept 2021) high-water marks were surveyed within 800 m of this address. Nearest USGS-surveyed mark: Intersection of Carroll St. and Nevins St., Gowanus, Brooklyn (1417 m away).",b0115,place,0
b0116_none,burr/f65592a7-52ef-4010-a732-1df9167d4776,prithvi_water,"Experimental: satellite-detected surface water about 14 hours after Hurricane Ida (Sentinel-2, 2021-09-02): 0 water polygons within 500 m of this address, nearest 5870.5 m away .","nearest_distance_m: 5870.5
n_polygons_within_500m: 0
scene_id: pre HLS.S30.T18TWK.2021237T153809.v2.0 | post HLS.S30.T18TWK.2021245T154911.v2.0
scene_date: pre 2021-08-25, post 2021-09-02
headline_value: 0 within 500 m
subhead_text: surface water after Ida, experimental
narrative: Experimental: satellite-detected surface water about 14 hours after Hurricane Ida (Sentinel-2, 2021-09-02): 0 water polygons within 500 m of this address, nearest 5870.5 m away. Most are marsh, shoreline and park water; street and basement flooding had drained by then and is not visible in this layer.
raster_kind: prithvi
illustrative: False",b0116,none,1
b0116_doc_swap,burr/f65592a7-52ef-4010-a732-1df9167d4776,fema_nfhl,"Experimental: satellite-detected surface water about 14 hours after Hurricane Ida (Sentinel-2, 2021-09-02): 0 water polygons within 500 m of this address, nearest 5870.5 m away .","fld_zone: X
zone_subty: 0.2 PCT ANNUAL CHANCE FLOOD HAZARD
sfha: False
firm_panel: 3604970111F
effective_year: 2007
narrative: This address sits in FEMA flood zone X, per NFHL FIRM panel 3604970111F, effective 2007.",b0116,doc_swap,0
b0116_number,burr/f65592a7-52ef-4010-a732-1df9167d4776,prithvi_water,"Experimental: satellite-detected surface water about 14 hours after Hurricane Ida (Sentinel-2, 2021-09-02): 0 water polygons within 500 m of this address, nearest 17611.5 m away .","nearest_distance_m: 5870.5
n_polygons_within_500m: 0
scene_id: pre HLS.S30.T18TWK.2021237T153809.v2.0 | post HLS.S30.T18TWK.2021245T154911.v2.0
scene_date: pre 2021-08-25, post 2021-09-02
headline_value: 0 within 500 m
subhead_text: surface water after Ida, experimental
narrative: Experimental: satellite-detected surface water about 14 hours after Hurricane Ida (Sentinel-2, 2021-09-02): 0 water polygons within 500 m of this address, nearest 5870.5 m away. Most are marsh, shoreline and park water; street and basement flooding had drained by then and is not visible in this layer.
raster_kind: prithvi
illustrative: False",b0116,number,0
b0116_direction,burr/f65592a7-52ef-4010-a732-1df9167d4776,prithvi_water,"Experimental: satellite-detected surface water about 14 hours after Hurricane Ida (Sentinel-2, 2021-09-02): 0 water polygons beyond 500 m of this address, nearest 5870.5 m away .","nearest_distance_m: 5870.5
n_polygons_within_500m: 0
scene_id: pre HLS.S30.T18TWK.2021237T153809.v2.0 | post HLS.S30.T18TWK.2021245T154911.v2.0
scene_date: pre 2021-08-25, post 2021-09-02
headline_value: 0 within 500 m
subhead_text: surface water after Ida, experimental
narrative: Experimental: satellite-detected surface water about 14 hours after Hurricane Ida (Sentinel-2, 2021-09-02): 0 water polygons within 500 m of this address, nearest 5870.5 m away. Most are marsh, shoreline and park water; street and basement flooding had drained by then and is not visible in this layer.
raster_kind: prithvi
illustrative: False",b0116,direction,0
b0117_none,burr/f65592a7-52ef-4010-a732-1df9167d4776,microtopo,Elevation 16.89 m; this point sits at the 57.6th percentile of elevation within a 200 m window (lower percentile = topographic low); HAND 16.76 m above nearest drainage; TWI 7.1 .,"Source: USGS 3DEP 30 m DEM (LiDAR-derived) via py3dep, with TWI and HAND derived using whitebox-workflows hydrology toolkit.
Point elevation at this address: 16.89 m above sea level.
Topographic position relative to surroundings: MID-SLOPE — neither a clear low point nor high ground.
Fraction of cells within 200 m radius that are LOWER in elevation than this address: 57.6%.
Fraction of cells within 750 m radius that are LOWER in elevation than this address: 75.6%.
Basin relief (max elevation in 750 m AOI minus address elevation): 10.51 m.
Height Above Nearest Drainage (HAND): 16.76 m. Interpretation: high (>8 m) — the address sits well above the local drainage network. HAND is the standard hydrology index for vertical distance from a cell to the nearest channel; used by USGS, USACE, and InfoWorks ICM.
Topographic Wetness Index (TWI): 7.1. Interpretation: moderate. TWI = ln(specific catchment area / tan slope) is the TOPMODEL framework's saturation propensity metric.",b0117,none,1
b0117_doc_swap,burr/f65592a7-52ef-4010-a732-1df9167d4776,ida_hwm,Elevation 16.89 m; this point sits at the 57.6th percentile of elevation within a 200 m window (lower percentile = topographic low); HAND 16.76 m above nearest drainage; TWI 7.1 .,"n_within_radius: 0
radius_m: 800
max_elev_ft: None
max_height_above_gnd_ft: None
nearest_dist_m: 2092.0
nearest_site: Intersection of 182nd St. and 90th Ave., Jamaica, Queens
nearest_elev_ft: 48.2
narrative: No Hurricane Ida (Sept 2021) high-water marks were surveyed within 800 m of this address. Nearest USGS-surveyed mark: Intersection of 182nd St. and 90th Ave., Jamaica, Queens (2092 m away).",b0117,doc_swap,0
b0117_number,burr/f65592a7-52ef-4010-a732-1df9167d4776,microtopo,Elevation 16.89 m; this point sits at the 57.6th percentile of elevation within a 200 m window (lower percentile = topographic low); HAND 5.03 m above nearest drainage; TWI 7.1 .,"Source: USGS 3DEP 30 m DEM (LiDAR-derived) via py3dep, with TWI and HAND derived using whitebox-workflows hydrology toolkit.
Point elevation at this address: 16.89 m above sea level.
Topographic position relative to surroundings: MID-SLOPE — neither a clear low point nor high ground.
Fraction of cells within 200 m radius that are LOWER in elevation than this address: 57.6%.
Fraction of cells within 750 m radius that are LOWER in elevation than this address: 75.6%.
Basin relief (max elevation in 750 m AOI minus address elevation): 10.51 m.
Height Above Nearest Drainage (HAND): 16.76 m. Interpretation: high (>8 m) — the address sits well above the local drainage network. HAND is the standard hydrology index for vertical distance from a cell to the nearest channel; used by USGS, USACE, and InfoWorks ICM.
Topographic Wetness Index (TWI): 7.1. Interpretation: moderate. TWI = ln(specific catchment area / tan slope) is the TOPMODEL framework's saturation propensity metric.",b0117,number,0
b0117_direction,burr/f65592a7-52ef-4010-a732-1df9167d4776,microtopo,Elevation 16.89 m; this point sits at the 57.6th percentile of elevation within a 200 m window (higher percentile = topographic low); HAND 16.76 m above nearest drainage; TWI 7.1 .,"Source: USGS 3DEP 30 m DEM (LiDAR-derived) via py3dep, with TWI and HAND derived using whitebox-workflows hydrology toolkit.
Point elevation at this address: 16.89 m above sea level.
Topographic position relative to surroundings: MID-SLOPE — neither a clear low point nor high ground.
Fraction of cells within 200 m radius that are LOWER in elevation than this address: 57.6%.
Fraction of cells within 750 m radius that are LOWER in elevation than this address: 75.6%.
Basin relief (max elevation in 750 m AOI minus address elevation): 10.51 m.
Height Above Nearest Drainage (HAND): 16.76 m. Interpretation: high (>8 m) — the address sits well above the local drainage network. HAND is the standard hydrology index for vertical distance from a cell to the nearest channel; used by USGS, USACE, and InfoWorks ICM.
Topographic Wetness Index (TWI): 7.1. Interpretation: moderate. TWI = ln(specific catchment area / tan slope) is the TOPMODEL framework's saturation propensity metric.",b0117,direction,0
b0118_none,burr/f65592a7-52ef-4010-a732-1df9167d4776,microtopo,Local basin relief: 10.51 m .,"Source: USGS 3DEP 30 m DEM (LiDAR-derived) via py3dep, with TWI and HAND derived using whitebox-workflows hydrology toolkit.
Point elevation at this address: 16.89 m above sea level.
Topographic position relative to surroundings: MID-SLOPE — neither a clear low point nor high ground.
Fraction of cells within 200 m radius that are LOWER in elevation than this address: 57.6%.
Fraction of cells within 750 m radius that are LOWER in elevation than this address: 75.6%.
Basin relief (max elevation in 750 m AOI minus address elevation): 10.51 m.
Height Above Nearest Drainage (HAND): 16.76 m. Interpretation: high (>8 m) — the address sits well above the local drainage network. HAND is the standard hydrology index for vertical distance from a cell to the nearest channel; used by USGS, USACE, and InfoWorks ICM.
Topographic Wetness Index (TWI): 7.1. Interpretation: moderate. TWI = ln(specific catchment area / tan slope) is the TOPMODEL framework's saturation propensity metric.",b0118,none,1
b0118_doc_swap,burr/f65592a7-52ef-4010-a732-1df9167d4776,nyc311_nta,Local basin relief: 10.51 m .,"n: 83
radius_m: None
years: 3
by_year.2023: 16
by_year.2024: 19
by_year.2025: 39
by_year.2026: 9
by_descriptor.Catch Basin Clogged/Flooding (Use Comments) (SC): 30
by_descriptor.Sewer Backup (Use Comments) (SA): 30
by_descriptor.Street Flooding (SJ): 13
by_descriptor.Manhole Overflow (Use Comments) (SA1): 8
by_descriptor.Flooding on Street: 2
most_recent.0.date: 2026-04-27
most_recent.0.descriptor: Catch Basin Clogged/Flooding (Use Comments) (SC)
most_recent.0.address: 291 GRAND STREET
most_recent.1.date: 2026-03-16
most_recent.1.descriptor: Catch Basin Clogged/Flooding (Use Comments) (SC)
most_recent.1.address: 291 GRAND STREET
most_recent.2.date: 2026-03-05
most_recent.2.descriptor: Street Flooding (SJ)
most_recent.2.address: 295 GRAND STREET
most_recent.3.date: 2026-02-28
most_recent.3.descriptor: Sewer Backup (Use Comments) (SA)
most_recent.3.address: 62 MONROE STREET
most_recent.4.date: 2026-02-23
most_recent.4.descriptor: Street Flooding (SJ)
most_recent.4.address: None",b0118,doc_swap,0
b0118_number,burr/f65592a7-52ef-4010-a732-1df9167d4776,microtopo,Local basin relief: 5.25 m .,"Source: USGS 3DEP 30 m DEM (LiDAR-derived) via py3dep, with TWI and HAND derived using whitebox-workflows hydrology toolkit.
Point elevation at this address: 16.89 m above sea level.
Topographic position relative to surroundings: MID-SLOPE — neither a clear low point nor high ground.
Fraction of cells within 200 m radius that are LOWER in elevation than this address: 57.6%.
Fraction of cells within 750 m radius that are LOWER in elevation than this address: 75.6%.
Basin relief (max elevation in 750 m AOI minus address elevation): 10.51 m.
Height Above Nearest Drainage (HAND): 16.76 m. Interpretation: high (>8 m) — the address sits well above the local drainage network. HAND is the standard hydrology index for vertical distance from a cell to the nearest channel; used by USGS, USACE, and InfoWorks ICM.
Topographic Wetness Index (TWI): 7.1. Interpretation: moderate. TWI = ln(specific catchment area / tan slope) is the TOPMODEL framework's saturation propensity metric.",b0118,number,0
b0119_none,burr/f9743887-ace2-4195-819c-58ac42e11ce7,ttm_battery_surge,"Experimental: a TTM model fine-tuned on Battery gauge history, with no wind or pressure input, forecasts a peak surge residual of 0.751 m at The Battery about 1 h ahead .","available: True
interesting: True
model: msradam/Granite-TTM-r2-Battery-Surge
station_id: 8518750
station_name: The Battery, NY
context_hours: 1024
horizon_hours: 96
history_recent_m: 0.848
history_peak_abs_m: 1.095
forecast_peak_m: 0.751
forecast_peak_hours_ahead: 1
forecast_peak_time_utc: 2026-09-26T19:00
forecast_array_m.0: 0.7509
forecast_array_m.1: 0.7159
forecast_array_m.2: 0.6857
forecast_array_m.3: 0.667
forecast_array_m.4: 0.6537
hf_model_card: huggingface.co/msradam/Granite-TTM-r2-Battery-Surge
rmse_m: 0.157
skill_vs_persistence: -35% vs persistence
hardware_badge: MI300X
spatial_note: regional · The Battery, NY, not point-of-query
compute: local
elapsed_s: 0.78",b0119,none,1
b0119_doc_swap,burr/f9743887-ace2-4195-819c-58ac42e11ce7,microtopo,"Experimental: a TTM model fine-tuned on Battery gauge history, with no wind or pressure input, forecasts a peak surge residual of 0.751 m at The Battery about 1 h ahead .","Source: USGS 3DEP 30 m DEM (LiDAR-derived) via py3dep, with TWI and HAND derived using whitebox-workflows hydrology toolkit.
Point elevation at this address: 3.0 m above sea level.
Topographic position relative to surroundings: MID-SLOPE — neither a clear low point nor high ground.
Fraction of cells within 200 m radius that are LOWER in elevation than this address: 48.8%.
Fraction of cells within 750 m radius that are LOWER in elevation than this address: 52.9%.
Basin relief (max elevation in 750 m AOI minus address elevation): 6.7 m.
Height Above Nearest Drainage (HAND): 3.0 m. Interpretation: moderate (3-8 m) — typical urban-block elevation above drainage. HAND is the standard hydrology index for vertical distance from a cell to the nearest channel; used by USGS, USACE, and InfoWorks ICM.
Topographic Wetness Index (TWI): 8.92. Interpretation: moderate. TWI = ln(specific catchment area / tan slope) is the TOPMODEL framework's saturation propensity metric.",b0119,doc_swap,0
b0119_number,burr/f9743887-ace2-4195-819c-58ac42e11ce7,ttm_battery_surge,"Experimental: a TTM model fine-tuned on Battery gauge history, with no wind or pressure input, forecasts a peak surge residual of 1.127 m at The Battery about 1 h ahead .","available: True
interesting: True
model: msradam/Granite-TTM-r2-Battery-Surge
station_id: 8518750
station_name: The Battery, NY
context_hours: 1024
horizon_hours: 96
history_recent_m: 0.848
history_peak_abs_m: 1.095
forecast_peak_m: 0.751
forecast_peak_hours_ahead: 1
forecast_peak_time_utc: 2026-09-26T19:00
forecast_array_m.0: 0.7509
forecast_array_m.1: 0.7159
forecast_array_m.2: 0.6857
forecast_array_m.3: 0.667
forecast_array_m.4: 0.6537
hf_model_card: huggingface.co/msradam/Granite-TTM-r2-Battery-Surge
rmse_m: 0.157
skill_vs_persistence: -35% vs persistence
hardware_badge: MI300X
spatial_note: regional · The Battery, NY, not point-of-query
compute: local
elapsed_s: 0.78",b0119,number,0
b0119_place,burr/f9743887-ace2-4195-819c-58ac42e11ce7,ttm_battery_surge,"Experimental: a TTM model fine-tuned on Battery gauge history, with no wind or pressure input, forecasts a peak surge residual of 0.751 m at Canarsie about 1 h ahead .","available: True
interesting: True
model: msradam/Granite-TTM-r2-Battery-Surge
station_id: 8518750
station_name: The Battery, NY
context_hours: 1024
horizon_hours: 96
history_recent_m: 0.848
history_peak_abs_m: 1.095
forecast_peak_m: 0.751
forecast_peak_hours_ahead: 1
forecast_peak_time_utc: 2026-09-26T19:00
forecast_array_m.0: 0.7509
forecast_array_m.1: 0.7159
forecast_array_m.2: 0.6857
forecast_array_m.3: 0.667
forecast_array_m.4: 0.6537
hf_model_card: huggingface.co/msradam/Granite-TTM-r2-Battery-Surge
rmse_m: 0.157
skill_vs_persistence: -35% vs persistence
hardware_badge: MI300X
spatial_note: regional · The Battery, NY, not point-of-query
compute: local
elapsed_s: 0.78",b0119,place,0
b0120_none,burr/f65592a7-52ef-4010-a732-1df9167d4776,ttm_311_forecast,Experimental: 2 flood-related 311 complaints within 200 m over the last 512 days; a zero-shot TTM forecast with no rainfall input and no backtest projects about 0.01 per week for the next 96 days .,"Source: IBM Granite TimeSeries TTM r2 (Ekambaram et al. 2024, NeurIPS) zero-shot forecast on NYC 311 flood-complaint history (Sewer Backup, Catch Basin Clogged/Flooding, Street Flooding, Manhole Overflow) within 200 m of the address.
Context window: 512 days (73 weeks) ending 2026-09-26.
Total complaints in context window: 2.
History recent 30-day rate: 0.0 complaints/day (≈0.03 per week).
Forecast horizon: 96 days (13 weeks) ahead.
Forecast rate: 0.001 complaints/day (≈0.01 per week).
Forecast peak day: 0.02 complaints, day +9.
Acceleration cue: no — forecast in line with recent baseline.
INTERPRETATION: this is a per-address pattern forecast, not a city-wide trend. Zero-history addresses get a zero-baseline forecast (legitimate); the more relevant cite is when there's a multi-month complaint history that the model is extrapolating.",b0120,none,1
b0120_doc_swap,burr/f65592a7-52ef-4010-a732-1df9167d4776,rag_nycha,Experimental: 2 flood-related 311 complaints within 200 m over the last 512 days; a zero-shot TTM forecast with no rainfall input and no backtest projects about 0.01 per week for the next 96 days .,"Source: NYCHA, Flood Resilience: Lessons Learned, page 74.
Retrieved passage (verbatim): Flood Resilience at NYCHA: Memorializing Lessons Learned Through the Hurricane Sandy Disaster Recovery Program 74 Appendix Recovery and Resilience Scope Overview ASTORIA BARUCH BEACH 41ST STREET CAMPOS PLAZA II CAREY GARDENS CARLTON MANOR CONEY ISLAND (SITE 8) CONEY ISLAND HOUSES CONEY ISLAND IB CONEY ISLAND 4&5 EAST RIVER GOWANUS GRAVESEND HABER HAMMEL ISAACS LA GUARDIA LAVANBURG HOMES LINCOLN HOUSES LOWER EAST SIDE REHAB 5 METRO NORTH NEW LANE OCEAN BAY APARTMENTS (BAYSIDE) OCEAN BAY APARTMENTS (OCEANSIDE) O'DWYER RANGEL REDFERN RED HOOK EAST RED HOOK WEST RIIS RIIS II SMITH SURFSIDE TWO BRIDGES WALD Total SiTE IMPROVEMENT Electrical Feeders Replacement ● ● ● ● ● ● ● ● ● ● ● ● ● ● ● ● ● ● ● ● ● Only Slope Stabilization Scope ● ● ● ● ● ● ● ● ● ● ● ● ● 35 Upgraded Site Lighting ● ● ● ● ● ● ● ● ● ● ● ● ● ● ● ● ● ● ● ● ● ● ● ● ● ● ● ● ● ● 30 Upgraded Playground Areas ● ● ● ● ● ● ● ● ● ● ● ● ● ● ● ● ● ● ● ● ● ● ● ● ● 25 Green Infrastructure Implementation ● ● ● ● ● ● ● ● ● 9 FACILITIES Roof Replacement ● ● ● ● ● ● ● ● ● ● ● ● ● ● ● ● ● ● ● ● ● ● ● ● ● ● ● ● 28 Façade Repair ● ● ● ● ● ● ● ● ● 11 Lobby Upgrade ● ● ● ● ● ● ● ● ● ● ● ● ● ● ● 15 Community Center Upgrade ● ● ● ● ● ● ● 7 Community Center Addition ● ● 2 Child Care Center Upgrade/Addition ● ● ● 3 Boiler Room Addition ● ● ● ● ● ● ● ● ● ● ● ● ● ● ● ● ● ● 18 MEP Building Annexes ● ● ● ● ● ● ● ● ● ● ● ● ● ● ● ● ● ● ● ● ● ● ● 23 FLOOD PROOFING Development Flood Wall ● ● 2 Wet flood proofing ● ● ● ● ● 5 Dry flood proofing ● ● ● ● ● ● ● ● ● ● ● ● ● ● ● ● ● ● ● ● ● ● ● ● ● ● ● ● ● ● ● 32 Passive barriers ● ● ● ● ● ● ● ● ● ● ● 11 Manually deployed barriers ● ● ● ● ● ● ● ● ● ● ● ● ● ● ● ● ● ● ● ● ● ● 22 ELECTRICAL SYSTEMS Upgraded Switchgears ● ● ● ● ● ● ● ● ● ● ● ● ● ● ● ● ● ● ● ● ● ● ● ● ● ● ● ● ● ● ● ● ● ● 34 Relocating all Panels above Project Flood Elevation ● ● ● ● ● ● ● ● ● ● ● ● ● ● ● ● ● ● ● ● ● ● ● ● ● ● ● 27 Centralized Ba",b0120,doc_swap,0
b0120_number,burr/f65592a7-52ef-4010-a732-1df9167d4776,ttm_311_forecast,Experimental: 2 flood-related 311 complaints within 200 m over the last 512 days; a zero-shot TTM forecast with no rainfall input and no backtest projects about 0.01 per week for the next 144 days .,"Source: IBM Granite TimeSeries TTM r2 (Ekambaram et al. 2024, NeurIPS) zero-shot forecast on NYC 311 flood-complaint history (Sewer Backup, Catch Basin Clogged/Flooding, Street Flooding, Manhole Overflow) within 200 m of the address.
Context window: 512 days (73 weeks) ending 2026-09-26.
Total complaints in context window: 2.
History recent 30-day rate: 0.0 complaints/day (≈0.03 per week).
Forecast horizon: 96 days (13 weeks) ahead.
Forecast rate: 0.001 complaints/day (≈0.01 per week).
Forecast peak day: 0.02 complaints, day +9.
Acceleration cue: no — forecast in line with recent baseline.
INTERPRETATION: this is a per-address pattern forecast, not a city-wide trend. Zero-history addresses get a zero-baseline forecast (legitimate); the more relevant cite is when there's a multi-month complaint history that the model is extrapolating.",b0120,number,0
b0120_direction,burr/f65592a7-52ef-4010-a732-1df9167d4776,ttm_311_forecast,Experimental: 2 flood-related 311 complaints beyond 200 m over the last 512 days; a zero-shot TTM forecast with no rainfall input and no backtest projects about 0.01 per week for the next 96 days .,"Source: IBM Granite TimeSeries TTM r2 (Ekambaram et al. 2024, NeurIPS) zero-shot forecast on NYC 311 flood-complaint history (Sewer Backup, Catch Basin Clogged/Flooding, Street Flooding, Manhole Overflow) within 200 m of the address.
Context window: 512 days (73 weeks) ending 2026-09-26.
Total complaints in context window: 2.
History recent 30-day rate: 0.0 complaints/day (≈0.03 per week).
Forecast horizon: 96 days (13 weeks) ahead.
Forecast rate: 0.001 complaints/day (≈0.01 per week).
Forecast peak day: 0.02 complaints, day +9.
Acceleration cue: no — forecast in line with recent baseline.
INTERPRETATION: this is a per-address pattern forecast, not a city-wide trend. Zero-history addresses get a zero-baseline forecast (legitimate); the more relevant cite is when there's a multi-month complaint history that the model is extrapolating.",b0120,direction,0
b0121_none,burr/f65592a7-52ef-4010-a732-1df9167d4776,npcc4_slr,"NPCC4 (2024) projects sea-level rise at the Battery of 0.38 m (15 in) by the 2050s and 0.79 m (31 in) by 2100 at the median, relative to 2000-2004; 90th percentile 0.74 m and 1.65 m . Out of scope. This briefing does not assess title, structural condition, or compliance with specific zoning rules.","Source: New York City Panel on Climate Change 4th Assessment (NPCC4 2024), Chapter 3 — Sea Level Rise, Table 3.2. Published by the New York Academy of Sciences. Reference gauge: NOAA Battery (8518750), baseline 2000–2004.
Sea-level rise projections for the Battery Tide Gauge (primary NYC harbor reference), inches above 2000–2004 baseline:
2050 — Low (10th pct): 8 in (0.2 m); Mid (50th): 15 in (0.38 m); High (90th): 29 in (0.74 m); Extreme (99th): 40 in (1.02 m).
2100 — Low (10th pct): 13 in (0.33 m); Mid (50th): 31 in (0.79 m); High (90th): 65 in (1.65 m); Extreme (99th): 96 in (2.44 m).
INTERPRETATION: these are harbor-wide projections, not site-specific inundation depths. Local exposure depends on elevation, distance to waterfront, and storm-surge coupling. Use the DEP stormwater and Sandy layers for site-specific flood-zone assignment.",b0121,none,1
b0121_doc_swap,burr/f65592a7-52ef-4010-a732-1df9167d4776,sandy,"NPCC4 (2024) projects sea-level rise at the Battery of 0.38 m (15 in) by the 2050s and 0.79 m (31 in) by 2100 at the median, relative to 2000-2004; 90th percentile 0.74 m and 1.65 m . Out of scope. This briefing does not assess title, structural condition, or compliance with specific zoning rules.","Source: NYC Sandy Inundation Zone (NYC OpenData 5xsi-dfpx, empirical extent of areas flooded by Hurricane Sandy in 2012).
FACT: The address is LOCATED WITHIN this empirical 2012 inundation extent.
INTERPRETATION: Hurricane Sandy did flood this address (or this immediate parcel) on October 29-30, 2012. This is a historical fact, not a model prediction.
Do not state the opposite. The address is inside the Sandy inundation zone.",b0121,doc_swap,0
b0121_number,burr/f65592a7-52ef-4010-a732-1df9167d4776,npcc4_slr,"NPCC4 (2024) projects sea-level rise at the Battery of 0.38 m (15 in) by the 2050s and 0.79 m (31 in) by 2100 at the median, relative to 2000-2004; 90th percentile 0.74 m and 4.95 m . Out of scope. This briefing does not assess title, structural condition, or compliance with specific zoning rules.","Source: New York City Panel on Climate Change 4th Assessment (NPCC4 2024), Chapter 3 — Sea Level Rise, Table 3.2. Published by the New York Academy of Sciences. Reference gauge: NOAA Battery (8518750), baseline 2000–2004.
Sea-level rise projections for the Battery Tide Gauge (primary NYC harbor reference), inches above 2000–2004 baseline:
2050 — Low (10th pct): 8 in (0.2 m); Mid (50th): 15 in (0.38 m); High (90th): 29 in (0.74 m); Extreme (99th): 40 in (1.02 m).
2100 — Low (10th pct): 13 in (0.33 m); Mid (50th): 31 in (0.79 m); High (90th): 65 in (1.65 m); Extreme (99th): 96 in (2.44 m).
INTERPRETATION: these are harbor-wide projections, not site-specific inundation depths. Local exposure depends on elevation, distance to waterfront, and storm-surge coupling. Use the DEP stormwater and Sandy layers for site-specific flood-zone assignment.",b0121,number,0
b0122_none,burr/4d2ed8d9-ce2f-4c77-bdea-5146d31eed2b,fema_nfhl,"This address sits in FEMA flood zone X, per NFHL FIRM panel 3604970111F, effective 2007 .","fld_zone: X
zone_subty: 0.2 PCT ANNUAL CHANCE FLOOD HAZARD
sfha: False
firm_panel: 3604970111F
effective_year: 2007
narrative: This address sits in FEMA flood zone X, per NFHL FIRM panel 3604970111F, effective 2007.",b0122,none,1
b0122_doc_swap,burr/4d2ed8d9-ce2f-4c77-bdea-5146d31eed2b,microtopo,"This address sits in FEMA flood zone X, per NFHL FIRM panel 3604970111F, effective 2007 .","Source: USGS 3DEP 30 m DEM (LiDAR-derived) via py3dep, with TWI and HAND derived using whitebox-workflows hydrology toolkit.
Point elevation at this address: 16.89 m above sea level.
Topographic position relative to surroundings: MID-SLOPE — neither a clear low point nor high ground.
Fraction of cells within 200 m radius that are LOWER in elevation than this address: 57.6%.
Fraction of cells within 750 m radius that are LOWER in elevation than this address: 75.6%.
Basin relief (max elevation in 750 m AOI minus address elevation): 10.51 m.
Height Above Nearest Drainage (HAND): 16.76 m. Interpretation: high (>8 m) — the address sits well above the local drainage network. HAND is the standard hydrology index for vertical distance from a cell to the nearest channel; used by USGS, USACE, and InfoWorks ICM.
Topographic Wetness Index (TWI): 7.1. Interpretation: moderate. TWI = ln(specific catchment area / tan slope) is the TOPMODEL framework's saturation propensity metric.",b0122,doc_swap,0
b0122_number,burr/4d2ed8d9-ce2f-4c77-bdea-5146d31eed2b,fema_nfhl,"This address sits in FEMA flood zone X, per NFHL FIRM panel 3604970111F, effective 602 .","fld_zone: X
zone_subty: 0.2 PCT ANNUAL CHANCE FLOOD HAZARD
sfha: False
firm_panel: 3604970111F
effective_year: 2007
narrative: This address sits in FEMA flood zone X, per NFHL FIRM panel 3604970111F, effective 2007.",b0122,number,0
b0123_none,burr/4d2ed8d9-ce2f-4c77-bdea-5146d31eed2b,ida_hwm,"Nearest USGS-surveyed mark: Near intersection of Fteley Ave. and Story Ave., in basement of 43rd NYC Police Precinct, Soundview, Bronx (1700 m away) .","n_within_radius: 0
radius_m: 800
max_elev_ft: None
max_height_above_gnd_ft: None
nearest_dist_m: 1700.0
nearest_site: Near intersection of Fteley Ave. and Story Ave., in basement of 43rd NYC Police Precinct, Soundview, Bronx
nearest_elev_ft: 8.6
narrative: No Hurricane Ida (Sept 2021) high-water marks were surveyed within 800 m of this address. Nearest USGS-surveyed mark: Near intersection of Fteley Ave. and Story Ave., in basement of 43rd NYC Police Precinct, Soundview, Bronx (1700 m away).",b0123,none,1
b0123_doc_swap,burr/4d2ed8d9-ce2f-4c77-bdea-5146d31eed2b,microtopo,"Nearest USGS-surveyed mark: Near intersection of Fteley Ave. and Story Ave., in basement of 43rd NYC Police Precinct, Soundview, Bronx (1700 m away) .","Source: USGS 3DEP 30 m DEM (LiDAR-derived) via py3dep, with TWI and HAND derived using whitebox-workflows hydrology toolkit.
Point elevation at this address: 5.19 m above sea level.
Topographic position relative to surroundings: MID-SLOPE — neither a clear low point nor high ground.
Fraction of cells within 200 m radius that are LOWER in elevation than this address: 38.2%.
Fraction of cells within 750 m radius that are LOWER in elevation than this address: 56.6%.
Basin relief (max elevation in 750 m AOI minus address elevation): 13.06 m.
Height Above Nearest Drainage (HAND): 6.42 m. Interpretation: moderate (3-8 m) — typical urban-block elevation above drainage. HAND is the standard hydrology index for vertical distance from a cell to the nearest channel; used by USGS, USACE, and InfoWorks ICM.
Topographic Wetness Index (TWI): 9.52. Interpretation: moderate. TWI = ln(specific catchment area / tan slope) is the TOPMODEL framework's saturation propensity metric.",b0123,doc_swap,0
b0123_number,burr/4d2ed8d9-ce2f-4c77-bdea-5146d31eed2b,ida_hwm,"Nearest USGS-surveyed mark: Near intersection of Fteley Ave. and Story Ave., in basement of 43rd NYC Police Precinct, Soundview, Bronx (5100 m away) .","n_within_radius: 0
radius_m: 800
max_elev_ft: None
max_height_above_gnd_ft: None
nearest_dist_m: 1700.0
nearest_site: Near intersection of Fteley Ave. and Story Ave., in basement of 43rd NYC Police Precinct, Soundview, Bronx
nearest_elev_ft: 8.6
narrative: No Hurricane Ida (Sept 2021) high-water marks were surveyed within 800 m of this address. Nearest USGS-surveyed mark: Near intersection of Fteley Ave. and Story Ave., in basement of 43rd NYC Police Precinct, Soundview, Bronx (1700 m away).",b0123,number,0
b0123_place,burr/4d2ed8d9-ce2f-4c77-bdea-5146d31eed2b,ida_hwm,"Nearest USGS-surveyed mark: Near intersection of Fteley Ave. and Story Ave., in basement of 43rd NYC Police Precinct, Soundview, Astoria (1700 m away) .","n_within_radius: 0
radius_m: 800
max_elev_ft: None
max_height_above_gnd_ft: None
nearest_dist_m: 1700.0
nearest_site: Near intersection of Fteley Ave. and Story Ave., in basement of 43rd NYC Police Precinct, Soundview, Bronx
nearest_elev_ft: 8.6
narrative: No Hurricane Ida (Sept 2021) high-water marks were surveyed within 800 m of this address. Nearest USGS-surveyed mark: Near intersection of Fteley Ave. and Story Ave., in basement of 43rd NYC Police Precinct, Soundview, Bronx (1700 m away).",b0123,place,0
b0124_none,burr/4d2ed8d9-ce2f-4c77-bdea-5146d31eed2b,floodnet,No FloodNet sensors deployed within 600 m of this address .,"n_sensors: 0
n_flood_events_3y: 0
n_sensors_with_events: 0
peak_event: None
narrative: No FloodNet sensors deployed within 600 m of this address.
radius_m: 600",b0124,none,1
b0124_doc_swap,burr/4d2ed8d9-ce2f-4c77-bdea-5146d31eed2b,nyc311,No FloodNet sensors deployed within 600 m of this address .,"Source: NYC 311 service requests (Socrata erm2-nwe9, 2010-present).
311 flood-related complaints within 200 m, last 5 years: 65.
Top descriptors and counts: Catch Basin Clogged/Flooding (Use Comments) (SC): 24; Sewer Backup (Use Comments) (SA): 22; Street Flooding (SJ): 18; Flooding on Street: 1.
Per-year counts: 2021: 6, 2022: 14, 2023: 27, 2024: 10, 2025: 8.",b0124,doc_swap,0
b0124_number,burr/4d2ed8d9-ce2f-4c77-bdea-5146d31eed2b,floodnet,No FloodNet sensors deployed within 180 m of this address .,"n_sensors: 0
n_flood_events_3y: 0
n_sensors_with_events: 0
peak_event: None
narrative: No FloodNet sensors deployed within 600 m of this address.
radius_m: 600",b0124,number,0
b0124_direction,burr/4d2ed8d9-ce2f-4c77-bdea-5146d31eed2b,floodnet,No FloodNet sensors deployed beyond 600 m of this address .,"n_sensors: 0
n_flood_events_3y: 0
n_sensors_with_events: 0
peak_event: None
narrative: No FloodNet sensors deployed within 600 m of this address.
radius_m: 600",b0124,direction,0
b0125_none,burr/4d2ed8d9-ce2f-4c77-bdea-5146d31eed2b,nyc311,No NYC 311 flood-related complaints filed within 200 m of this location in the last 5 years .,"n: 0
radius_m: 200
years: 5
headline_value: 0 calls
subhead_text: all flood-related descriptors
narrative: No NYC 311 flood-related complaints filed within 200 m of this location in the last 5 years.",b0125,none,1
b0125_doc_swap,burr/4d2ed8d9-ce2f-4c77-bdea-5146d31eed2b,ida_hwm,No NYC 311 flood-related complaints filed within 200 m of this location in the last 5 years .,"n_within_radius: 0
radius_m: 800
max_elev_ft: None
max_height_above_gnd_ft: None
nearest_dist_m: 1700.0
nearest_site: Near intersection of Fteley Ave. and Story Ave., in basement of 43rd NYC Police Precinct, Soundview, Bronx
nearest_elev_ft: 8.6
narrative: No Hurricane Ida (Sept 2021) high-water marks were surveyed within 800 m of this address. Nearest USGS-surveyed mark: Near intersection of Fteley Ave. and Story Ave., in basement of 43rd NYC Police Precinct, Soundview, Bronx (1700 m away).",b0125,doc_swap,0
b0125_number,burr/4d2ed8d9-ce2f-4c77-bdea-5146d31eed2b,nyc311,No NYC 311 flood-related complaints filed within 300 m of this location in the last 5 years .,"n: 0
radius_m: 200
years: 5
headline_value: 0 calls
subhead_text: all flood-related descriptors
narrative: No NYC 311 flood-related complaints filed within 200 m of this location in the last 5 years.",b0125,number,0
b0125_direction,burr/4d2ed8d9-ce2f-4c77-bdea-5146d31eed2b,nyc311,No NYC 311 flood-related complaints filed beyond 200 m of this location in the last 5 years .,"n: 0
radius_m: 200
years: 5
headline_value: 0 calls
subhead_text: all flood-related descriptors
narrative: No NYC 311 flood-related complaints filed within 200 m of this location in the last 5 years.",b0125,direction,0
b0126_none,burr/4d2ed8d9-ce2f-4c77-bdea-5146d31eed2b,nws_obs,"Latest METAR at LaGuardia Airport, NY (3.2 km away): 17.0°C (obs 2026-09-26T18:40) .","station_id: KLGA
station_name: LaGuardia Airport, NY
distance_km: 3.2
obs_time: 2026-09-26T18:40:00+00:00
temp_c: 17.0
precip_last_hour_mm: None
precip_last_3h_mm: None
precip_last_6h_mm: None
narrative: Latest METAR at LaGuardia Airport, NY (3.2 km away): 17.0°C (obs 2026-09-26T18:40).
error: None",b0126,none,1
b0126_doc_swap,burr/4d2ed8d9-ce2f-4c77-bdea-5146d31eed2b,sandy_nta,"Latest METAR at LaGuardia Airport, NY (3.2 km away): 17.0°C (obs 2026-09-26T18:40) .","overlap_area_m2: 4131500.9
polygon_area_m2: 4691834.0
fraction: 0.8806 (88.1 %, 88 %)
inside: True",b0126,doc_swap,0
b0126_number,burr/4d2ed8d9-ce2f-4c77-bdea-5146d31eed2b,nws_obs,"Latest METAR at LaGuardia Airport, NY (1.6 km away): 17.0°C (obs 2026-09-26T18:40) .","station_id: KLGA
station_name: LaGuardia Airport, NY
distance_km: 3.2
obs_time: 2026-09-26T18:40:00+00:00
temp_c: 17.0
precip_last_hour_mm: None
precip_last_3h_mm: None
precip_last_6h_mm: None
narrative: Latest METAR at LaGuardia Airport, NY (3.2 km away): 17.0°C (obs 2026-09-26T18:40).
error: None",b0126,number,0
b0127_none,burr/66bcc130-7e89-458b-a094-f2a225d6c0d3,noaa_tides,"Latest reading at Kings Point, NY: 6.12 ft above MLLW (+1.0 ft vs predicted tide), observed 2026-09-26 15:00 .","Source: NOAA CO-OPS Tides & Currents API (api.tidesandcurrents.noaa.gov), 6-min cadence.
Nearest tide gauge: Kings Point, NY (NOAA station 8516945, 12.2 km away).
Observation time (LST/LDT): 2026-09-26 15:00.
Current observed water level above MLLW: 6.12 ft.
Astronomical tide prediction at the same instant: 5.12 ft above MLLW.
Residual (observed minus predicted): 1.0 ft — elevated above prediction (positive residual is consistent with wind-driven setup or storm surge).
Note: this is real-time tidal context for nearby coastal water level. The address itself may be inland — the reading describes the bay/harbor level the gauge is in, not the address.",b0127,none,1
b0127_doc_swap,burr/66bcc130-7e89-458b-a094-f2a225d6c0d3,microtopo,"Latest reading at Kings Point, NY: 6.12 ft above MLLW (+1.0 ft vs predicted tide), observed 2026-09-26 15:00 .","Source: USGS 3DEP 30 m DEM (LiDAR-derived) via py3dep, with TWI and HAND derived using whitebox-workflows hydrology toolkit.
Point elevation at this address: 1.37 m above sea level.
Topographic position relative to surroundings: topographic LOW POINT — surface runoff in the 200 m neighbourhood routes toward this location.
Fraction of cells within 200 m radius that are LOWER in elevation than this address: 0.8%.
Fraction of cells within 750 m radius that are LOWER in elevation than this address: 23.8%.
Basin relief (max elevation in 750 m AOI minus address elevation): 13.27 m.
Height Above Nearest Drainage (HAND): 3.81 m. Interpretation: moderate (3-8 m) — typical urban-block elevation above drainage. HAND is the standard hydrology index for vertical distance from a cell to the nearest channel; used by USGS, USACE, and InfoWorks ICM.
Topographic Wetness Index (TWI): 14.79. Interpretation: very high — saturation-prone terrain. TWI = ln(specific catchment area / tan slope) is the TOPMODEL framework's saturation propensity metric.",b0127,doc_swap,0
b0127_number,burr/66bcc130-7e89-458b-a094-f2a225d6c0d3,noaa_tides,"Latest reading at Kings Point, NY: 6.12 ft above MLLW (+1.0 ft vs predicted tide), observed 6078-09-26 15:00 .","Source: NOAA CO-OPS Tides & Currents API (api.tidesandcurrents.noaa.gov), 6-min cadence.
Nearest tide gauge: Kings Point, NY (NOAA station 8516945, 12.2 km away).
Observation time (LST/LDT): 2026-09-26 15:00.
Current observed water level above MLLW: 6.12 ft.
Astronomical tide prediction at the same instant: 5.12 ft above MLLW.
Residual (observed minus predicted): 1.0 ft — elevated above prediction (positive residual is consistent with wind-driven setup or storm surge).
Note: this is real-time tidal context for nearby coastal water level. The address itself may be inland — the reading describes the bay/harbor level the gauge is in, not the address.",b0127,number,0
b0127_direction,burr/66bcc130-7e89-458b-a094-f2a225d6c0d3,noaa_tides,"Latest reading at Kings Point, NY: 6.12 ft below MLLW (+1.0 ft vs predicted tide), observed 2026-09-26 15:00 .","Source: NOAA CO-OPS Tides & Currents API (api.tidesandcurrents.noaa.gov), 6-min cadence.
Nearest tide gauge: Kings Point, NY (NOAA station 8516945, 12.2 km away).
Observation time (LST/LDT): 2026-09-26 15:00.
Current observed water level above MLLW: 6.12 ft.
Astronomical tide prediction at the same instant: 5.12 ft above MLLW.
Residual (observed minus predicted): 1.0 ft — elevated above prediction (positive residual is consistent with wind-driven setup or storm surge).
Note: this is real-time tidal context for nearby coastal water level. The address itself may be inland — the reading describes the bay/harbor level the gauge is in, not the address.",b0127,direction,0
b0128_none,burr/e419ba94-3ea4-4d5b-a91e-8e984aaa73bc,ttm_battery_surge,"Experimental: a TTM model fine-tuned on Battery gauge history, with no wind or pressure input, forecasts a peak surge residual of 0.592 m at The Battery about 1 h ahead .","available: True
interesting: True
model: msradam/Granite-TTM-r2-Battery-Surge
station_id: 8518750
station_name: The Battery, NY
context_hours: 1024
horizon_hours: 96
history_recent_m: 0.694
history_peak_abs_m: 1.095
forecast_peak_m: 0.592
forecast_peak_hours_ahead: 1
forecast_peak_time_utc: 2026-09-26T20:00
forecast_array_m.0: 0.5924
forecast_array_m.1: 0.5646
forecast_array_m.2: 0.5398
forecast_array_m.3: 0.5365
forecast_array_m.4: 0.5328
hf_model_card: huggingface.co/msradam/Granite-TTM-r2-Battery-Surge
rmse_m: 0.157
skill_vs_persistence: -35% vs persistence
hardware_badge: MI300X
spatial_note: regional · The Battery, NY, not point-of-query
compute: local
elapsed_s: 0.91",b0128,none,1
b0128_doc_swap,burr/e419ba94-3ea4-4d5b-a91e-8e984aaa73bc,dep_extreme_2080,"Experimental: a TTM model fine-tuned on Battery gauge history, with no wind or pressure input, forecasts a peak surge residual of 0.592 m at The Battery about 1 h ahead .","Source: NYC DEP Stormwater Flood Map — Extreme (3.66 in/hr, 2080 SLR).
Address inside scenario footprint: yes.
Modeled depth class: Deep & Contiguous (1-4 ft).",b0128,doc_swap,0
b0128_number,burr/e419ba94-3ea4-4d5b-a91e-8e984aaa73bc,ttm_battery_surge,"Experimental: a TTM model fine-tuned on Battery gauge history, with no wind or pressure input, forecasts a peak surge residual of 0.178 m at The Battery about 1 h ahead .","available: True
interesting: True
model: msradam/Granite-TTM-r2-Battery-Surge
station_id: 8518750
station_name: The Battery, NY
context_hours: 1024
horizon_hours: 96
history_recent_m: 0.694
history_peak_abs_m: 1.095
forecast_peak_m: 0.592
forecast_peak_hours_ahead: 1
forecast_peak_time_utc: 2026-09-26T20:00
forecast_array_m.0: 0.5924
forecast_array_m.1: 0.5646
forecast_array_m.2: 0.5398
forecast_array_m.3: 0.5365
forecast_array_m.4: 0.5328
hf_model_card: huggingface.co/msradam/Granite-TTM-r2-Battery-Surge
rmse_m: 0.157
skill_vs_persistence: -35% vs persistence
hardware_badge: MI300X
spatial_note: regional · The Battery, NY, not point-of-query
compute: local
elapsed_s: 0.91",b0128,number,0
b0128_place,burr/e419ba94-3ea4-4d5b-a91e-8e984aaa73bc,ttm_battery_surge,"Experimental: a TTM model fine-tuned on Battery gauge history, with no wind or pressure input, forecasts a peak surge residual of 0.592 m at Brooklyn about 1 h ahead .","available: True
interesting: True
model: msradam/Granite-TTM-r2-Battery-Surge
station_id: 8518750
station_name: The Battery, NY
context_hours: 1024
horizon_hours: 96
history_recent_m: 0.694
history_peak_abs_m: 1.095
forecast_peak_m: 0.592
forecast_peak_hours_ahead: 1
forecast_peak_time_utc: 2026-09-26T20:00
forecast_array_m.0: 0.5924
forecast_array_m.1: 0.5646
forecast_array_m.2: 0.5398
forecast_array_m.3: 0.5365
forecast_array_m.4: 0.5328
hf_model_card: huggingface.co/msradam/Granite-TTM-r2-Battery-Surge
rmse_m: 0.157
skill_vs_persistence: -35% vs persistence
hardware_badge: MI300X
spatial_note: regional · The Battery, NY, not point-of-query
compute: local
elapsed_s: 0.91",b0128,place,0
b0129_none,burr/4d2ed8d9-ce2f-4c77-bdea-5146d31eed2b,ttm_311_forecast,Experimental: 0 flood-related 311 complaints within 200 m over the last 512 days; a zero-shot TTM forecast with no rainfall input and no backtest projects about 0.0 per week for the next 96 days .,"Source: IBM Granite TimeSeries TTM r2 (Ekambaram et al. 2024, NeurIPS) zero-shot forecast on NYC 311 flood-complaint history (Sewer Backup, Catch Basin Clogged/Flooding, Street Flooding, Manhole Overflow) within 200 m of the address.
Context window: 512 days (73 weeks) ending 2026-09-26.
Total complaints in context window: 0.
History recent 30-day rate: 0.0 complaints/day (≈0.0 per week).
Forecast horizon: 96 days (13 weeks) ahead.
Forecast rate: 0.0 complaints/day (≈0.0 per week).
Forecast peak day: 0.0 complaints, day +69.
Acceleration cue: no — forecast in line with recent baseline.
INTERPRETATION: this is a per-address pattern forecast, not a city-wide trend. Zero-history addresses get a zero-baseline forecast (legitimate); the more relevant cite is when there's a multi-month complaint history that the model is extrapolating.",b0129,none,1
b0129_doc_swap,burr/4d2ed8d9-ce2f-4c77-bdea-5146d31eed2b,dep_moderate_current,Experimental: 0 flood-related 311 complaints within 200 m over the last 512 days; a zero-shot TTM forecast with no rainfall input and no backtest projects about 0.0 per week for the next 96 days .,"Source: NYC DEP Stormwater Flood Map — Moderate (2.13 in/hr, current SLR).
Address inside scenario footprint: yes.
Modeled depth class: Nuisance (>4 in to 1 ft).",b0129,doc_swap,0
b0129_number,burr/4d2ed8d9-ce2f-4c77-bdea-5146d31eed2b,ttm_311_forecast,Experimental: 0 flood-related 311 complaints within 200 m over the last 512 days; a zero-shot TTM forecast with no rainfall input and no backtest projects about 0.0 per week for the next 48 days .,"Source: IBM Granite TimeSeries TTM r2 (Ekambaram et al. 2024, NeurIPS) zero-shot forecast on NYC 311 flood-complaint history (Sewer Backup, Catch Basin Clogged/Flooding, Street Flooding, Manhole Overflow) within 200 m of the address.
Context window: 512 days (73 weeks) ending 2026-09-26.
Total complaints in context window: 0.
History recent 30-day rate: 0.0 complaints/day (≈0.0 per week).
Forecast horizon: 96 days (13 weeks) ahead.
Forecast rate: 0.0 complaints/day (≈0.0 per week).
Forecast peak day: 0.0 complaints, day +69.
Acceleration cue: no — forecast in line with recent baseline.
INTERPRETATION: this is a per-address pattern forecast, not a city-wide trend. Zero-history addresses get a zero-baseline forecast (legitimate); the more relevant cite is when there's a multi-month complaint history that the model is extrapolating.",b0129,number,0
b0129_direction,burr/4d2ed8d9-ce2f-4c77-bdea-5146d31eed2b,ttm_311_forecast,Experimental: 0 flood-related 311 complaints beyond 200 m over the last 512 days; a zero-shot TTM forecast with no rainfall input and no backtest projects about 0.0 per week for the next 96 days .,"Source: IBM Granite TimeSeries TTM r2 (Ekambaram et al. 2024, NeurIPS) zero-shot forecast on NYC 311 flood-complaint history (Sewer Backup, Catch Basin Clogged/Flooding, Street Flooding, Manhole Overflow) within 200 m of the address.
Context window: 512 days (73 weeks) ending 2026-09-26.
Total complaints in context window: 0.
History recent 30-day rate: 0.0 complaints/day (≈0.0 per week).
Forecast horizon: 96 days (13 weeks) ahead.
Forecast rate: 0.0 complaints/day (≈0.0 per week).
Forecast peak day: 0.0 complaints, day +69.
Acceleration cue: no — forecast in line with recent baseline.
INTERPRETATION: this is a per-address pattern forecast, not a city-wide trend. Zero-history addresses get a zero-baseline forecast (legitimate); the more relevant cite is when there's a multi-month complaint history that the model is extrapolating.",b0129,direction,0
b0130_none,burr/4d2ed8d9-ce2f-4c77-bdea-5146d31eed2b,floodnet_forecast,"Experimental: the nearest FloodNet sensor (BX - 1st St/Avenue A, 884.4 m away) recorded 5 flood events in the last 512 days; a zero-shot TTM forecast with no rainfall input expects 0.46 events in the next 28 days .","available: True
doc_id: floodnet_forecast_wholly_useful_shrew
sensor_id: wholly_useful_shrew
sensor_name: BX - 1st St/Avenue A
sensor_street: Avenue A
sensor_borough: Bronx
sensor_lat: 40.812851317301806
sensor_lon: -73.88104280830142
distance_from_query_m: 884.4
history_window_days: 512
history_total_events: 5
history_recent_28d_events: 1
forecast_horizon_days: 96
forecast_28d_expected_events: 0.46
forecast_total_horizon_events: 1.16
forecast_peak_day_offset: 23
forecast_peak_day_value: 0.051
model: granite-timeseries-ttm-r2
citation: FloodNet NYC ultrasonic depth sensors (api.floodnet.nyc) + IBM Granite TimeSeries TTM r2 (Ekambaram et al. 2024, NeurIPS) via granite-tsfm — daily flood-event recurrence forecast",b0130,none,1
b0130_doc_swap,burr/4d2ed8d9-ce2f-4c77-bdea-5146d31eed2b,ida_hwm,"Experimental: the nearest FloodNet sensor (BX - 1st St/Avenue A, 884.4 m away) recorded 5 flood events in the last 512 days; a zero-shot TTM forecast with no rainfall input expects 0.46 events in the next 28 days .","Source: USGS STN Hurricane Ida 2021 high-water marks (Event 312, NY State).
USGS HWMs within 800 m: 1.
Max water height above ground: 0.3 ft.
Max HWM elevation: 4.2 ft.
Nearest HWM site: Visitation Pl., between Van Brunt St. and Richards St., Red Hook, Brooklyn (130.0 m away).",b0130,doc_swap,0
b0130_number,burr/4d2ed8d9-ce2f-4c77-bdea-5146d31eed2b,floodnet_forecast,"Experimental: the nearest FloodNet sensor (BX - 1st St/Avenue A, 884.4 m away) recorded 5 flood events in the last 1536 days; a zero-shot TTM forecast with no rainfall input expects 0.46 events in the next 28 days .","available: True
doc_id: floodnet_forecast_wholly_useful_shrew
sensor_id: wholly_useful_shrew
sensor_name: BX - 1st St/Avenue A
sensor_street: Avenue A
sensor_borough: Bronx
sensor_lat: 40.812851317301806
sensor_lon: -73.88104280830142
distance_from_query_m: 884.4
history_window_days: 512
history_total_events: 5
history_recent_28d_events: 1
forecast_horizon_days: 96
forecast_28d_expected_events: 0.46
forecast_total_horizon_events: 1.16
forecast_peak_day_offset: 23
forecast_peak_day_value: 0.051
model: granite-timeseries-ttm-r2
citation: FloodNet NYC ultrasonic depth sensors (api.floodnet.nyc) + IBM Granite TimeSeries TTM r2 (Ekambaram et al. 2024, NeurIPS) via granite-tsfm — daily flood-event recurrence forecast",b0130,number,0
b0131_none,burr/9c4885d5-1f1a-4281-a078-9c010b6d0303,fema_nfhl,"This address sits in FEMA flood zone AE (a Special Flood Hazard Area), per NFHL FIRM panel 3604970211F, effective 2007 .","fld_zone: AE
zone_subty: None
sfha: True
firm_panel: 3604970211F
effective_year: 2007
narrative: This address sits in FEMA flood zone AE (a Special Flood Hazard Area), per NFHL FIRM panel 3604970211F, effective 2007.",b0131,none,1
b0131_doc_swap,burr/9c4885d5-1f1a-4281-a078-9c010b6d0303,dep_moderate_2050_nta,"This address sits in FEMA flood zone AE (a Special Flood Hazard Area), per NFHL FIRM panel 3604970211F, effective 2007 .","scenario: dep_moderate_2050
label: DEP Moderate Stormwater (2.13 in/hr, 2050 SLR)
fraction_any: 0.0392 (3.9 %, 4 %)
fraction_class.1: 0.02 (2.0 %, 2 %)
fraction_class.2: 0.0102 (1.0 %, 1 %)
fraction_class.3: 0.009 (0.9 %, 1 %)
polygon_area_m2: 5649571.1",b0131,doc_swap,0
b0131_number,burr/9c4885d5-1f1a-4281-a078-9c010b6d0303,fema_nfhl,"This address sits in FEMA flood zone AE (a Special Flood Hazard Area), per NFHL FIRM panel 3604970211F, effective 602 .","fld_zone: AE
zone_subty: None
sfha: True
firm_panel: 3604970211F
effective_year: 2007
narrative: This address sits in FEMA flood zone AE (a Special Flood Hazard Area), per NFHL FIRM panel 3604970211F, effective 2007.",b0131,number,0
b0132_none,burr/9c4885d5-1f1a-4281-a078-9c010b6d0303,dep_extreme_2080,"NYC DEP modeled flooding (3.66 in/hr, 2080 SLR): Deep Contiguous (>4 ft) .","Source: NYC DEP Stormwater Flood Map — Extreme (3.66 in/hr, 2080 SLR).
Address inside scenario footprint: yes.
Modeled depth class: Deep Contiguous (>4 ft).",b0132,none,1
b0132_doc_swap,burr/9c4885d5-1f1a-4281-a078-9c010b6d0303,noaa_tides,"NYC DEP modeled flooding (3.66 in/hr, 2080 SLR): Deep Contiguous (>4 ft) .","Source: NOAA CO-OPS Tides & Currents API (api.tidesandcurrents.noaa.gov), 6-min cadence.
Nearest tide gauge: Kings Point, NY (NOAA station 8516945, 11.1 km away).
Observation time (LST/LDT): 2026-09-26 15:06.
Current observed water level above MLLW: 5.9 ft.
Astronomical tide prediction at the same instant: 4.89 ft above MLLW.
Residual (observed minus predicted): 1.01 ft — elevated above prediction (positive residual is consistent with wind-driven setup or storm surge).
Note: this is real-time tidal context for nearby coastal water level. The address itself may be inland — the reading describes the bay/harbor level the gauge is in, not the address.",b0132,doc_swap,0
b0132_number,burr/9c4885d5-1f1a-4281-a078-9c010b6d0303,dep_extreme_2080,"NYC DEP modeled flooding (1.10 in/hr, 2080 SLR): Deep Contiguous (>4 ft) .","Source: NYC DEP Stormwater Flood Map — Extreme (3.66 in/hr, 2080 SLR).
Address inside scenario footprint: yes.
Modeled depth class: Deep Contiguous (>4 ft).",b0132,number,0
b0133_none,burr/9c4885d5-1f1a-4281-a078-9c010b6d0303,dep_moderate_2050,"NYC DEP modeled flooding (2.13 in/hr, 2050 SLR): Deep Contiguous (>4 ft) .","Source: NYC DEP Stormwater Flood Map — Moderate (2.13 in/hr, 2050 SLR).
Address inside scenario footprint: yes.
Modeled depth class: Deep Contiguous (>4 ft).",b0133,none,1
b0133_doc_swap,burr/9c4885d5-1f1a-4281-a078-9c010b6d0303,ttm_311_forecast,"NYC DEP modeled flooding (2.13 in/hr, 2050 SLR): Deep Contiguous (>4 ft) .","Source: IBM Granite TimeSeries TTM r2 (Ekambaram et al. 2024, NeurIPS) zero-shot forecast on NYC 311 flood-complaint history (Sewer Backup, Catch Basin Clogged/Flooding, Street Flooding, Manhole Overflow) within 200 m of the address.
Context window: 512 days (73 weeks) ending 2026-09-26.
Total complaints in context window: 2.
History recent 30-day rate: 0.0 complaints/day (≈0.03 per week).
Forecast horizon: 96 days (13 weeks) ahead.
Forecast rate: 0.001 complaints/day (≈0.01 per week).
Forecast peak day: 0.02 complaints, day +9.
Acceleration cue: no — forecast in line with recent baseline.
INTERPRETATION: this is a per-address pattern forecast, not a city-wide trend. Zero-history addresses get a zero-baseline forecast (legitimate); the more relevant cite is when there's a multi-month complaint history that the model is extrapolating.",b0133,doc_swap,0
b0133_number,burr/9c4885d5-1f1a-4281-a078-9c010b6d0303,dep_moderate_2050,"NYC DEP modeled flooding (2.13 in/hr, 1025 SLR): Deep Contiguous (>4 ft) .","Source: NYC DEP Stormwater Flood Map — Moderate (2.13 in/hr, 2050 SLR).
Address inside scenario footprint: yes.
Modeled depth class: Deep Contiguous (>4 ft).",b0133,number,0
b0134_none,burr/57178f5d-bde0-4499-8748-353e8ca4cd92,ida_hwm,"Nearest mark: Intersection of Carroll St. and Nevins St., Gowanus, Brooklyn (119 m away) .","Source: USGS STN Hurricane Ida 2021 high-water marks (Event 312, NY State).
USGS HWMs within 800 m: 10.
Max water height above ground: 2.32 ft.
Max HWM elevation: 30.6 ft.
Nearest HWM site: Intersection of Carroll St. and Nevins St., Gowanus, Brooklyn (119.0 m away).",b0134,none,1
b0134_doc_swap,burr/57178f5d-bde0-4499-8748-353e8ca4cd92,microtopo,"Nearest mark: Intersection of Carroll St. and Nevins St., Gowanus, Brooklyn (119 m away) .","Source: USGS 3DEP 30 m DEM (LiDAR-derived) via py3dep, with TWI and HAND derived using whitebox-workflows hydrology toolkit.
Point elevation at this address: 1.37 m above sea level.
Topographic position relative to surroundings: topographic LOW POINT — surface runoff in the 200 m neighbourhood routes toward this location.
Fraction of cells within 200 m radius that are LOWER in elevation than this address: 0.8%.
Fraction of cells within 750 m radius that are LOWER in elevation than this address: 23.8%.
Basin relief (max elevation in 750 m AOI minus address elevation): 13.27 m.
Height Above Nearest Drainage (HAND): 3.81 m. Interpretation: moderate (3-8 m) — typical urban-block elevation above drainage. HAND is the standard hydrology index for vertical distance from a cell to the nearest channel; used by USGS, USACE, and InfoWorks ICM.
Topographic Wetness Index (TWI): 14.79. Interpretation: very high — saturation-prone terrain. TWI = ln(specific catchment area / tan slope) is the TOPMODEL framework's saturation propensity metric.",b0134,doc_swap,0
b0134_number,burr/57178f5d-bde0-4499-8748-353e8ca4cd92,ida_hwm,"Nearest mark: Intersection of Carroll St. and Nevins St., Gowanus, Brooklyn (60 m away) .","Source: USGS STN Hurricane Ida 2021 high-water marks (Event 312, NY State).
USGS HWMs within 800 m: 10.
Max water height above ground: 2.32 ft.
Max HWM elevation: 30.6 ft.
Nearest HWM site: Intersection of Carroll St. and Nevins St., Gowanus, Brooklyn (119.0 m away).",b0134,number,0
b0134_place,burr/57178f5d-bde0-4499-8748-353e8ca4cd92,ida_hwm,"Nearest mark: Intersection of Carroll St. and Nevins St., Gowanus, Red Hook (119 m away) .","Source: USGS STN Hurricane Ida 2021 high-water marks (Event 312, NY State).
USGS HWMs within 800 m: 10.
Max water height above ground: 2.32 ft.
Max HWM elevation: 30.6 ft.
Nearest HWM site: Intersection of Carroll St. and Nevins St., Gowanus, Brooklyn (119.0 m away).",b0134,place,0
b0135_none,burr/57178f5d-bde0-4499-8748-353e8ca4cd92,microtopo,Local basin relief: 31.79 m .,"Source: USGS 3DEP 30 m DEM (LiDAR-derived) via py3dep, with TWI and HAND derived using whitebox-workflows hydrology toolkit.
Point elevation at this address: 0.0 m above sea level.
Topographic position relative to surroundings: topographic LOW POINT — surface runoff in the 200 m neighbourhood routes toward this location.
Fraction of cells within 200 m radius that are LOWER in elevation than this address: 5.0%.
Fraction of cells within 750 m radius that are LOWER in elevation than this address: 1.4%.
Basin relief (max elevation in 750 m AOI minus address elevation): 31.79 m.
Height Above Nearest Drainage (HAND): 0.0 m. Interpretation: very low (sub-meter) — the address sits at or near drainage level. HAND is the standard hydrology index for vertical distance from a cell to the nearest channel; used by USGS, USACE, and InfoWorks ICM.
Topographic Wetness Index (TWI): 15.11. Interpretation: very high — saturation-prone terrain. TWI = ln(specific catchment area / tan slope) is the TOPMODEL framework's saturation propensity metric.",b0135,none,1
b0135_doc_swap,burr/57178f5d-bde0-4499-8748-353e8ca4cd92,sandy,Local basin relief: 31.79 m .,"Source: NYC Sandy Inundation Zone (NYC OpenData 5xsi-dfpx, empirical extent of areas flooded by Hurricane Sandy in 2012).
FACT: The address is LOCATED WITHIN this empirical 2012 inundation extent.
INTERPRETATION: Hurricane Sandy did flood this address (or this immediate parcel) on October 29-30, 2012. This is a historical fact, not a model prediction.
Do not state the opposite. The address is inside the Sandy inundation zone.",b0135,doc_swap,0
b0135_number,burr/57178f5d-bde0-4499-8748-353e8ca4cd92,microtopo,Local basin relief: 9.54 m .,"Source: USGS 3DEP 30 m DEM (LiDAR-derived) via py3dep, with TWI and HAND derived using whitebox-workflows hydrology toolkit.
Point elevation at this address: 0.0 m above sea level.
Topographic position relative to surroundings: topographic LOW POINT — surface runoff in the 200 m neighbourhood routes toward this location.
Fraction of cells within 200 m radius that are LOWER in elevation than this address: 5.0%.
Fraction of cells within 750 m radius that are LOWER in elevation than this address: 1.4%.
Basin relief (max elevation in 750 m AOI minus address elevation): 31.79 m.
Height Above Nearest Drainage (HAND): 0.0 m. Interpretation: very low (sub-meter) — the address sits at or near drainage level. HAND is the standard hydrology index for vertical distance from a cell to the nearest channel; used by USGS, USACE, and InfoWorks ICM.
Topographic Wetness Index (TWI): 15.11. Interpretation: very high — saturation-prone terrain. TWI = ln(specific catchment area / tan slope) is the TOPMODEL framework's saturation propensity metric.",b0135,number,0
b0136_none,burr/6250164a-79d2-43a5-bd2d-fe02989db6f1,fema_nfhl,"This address sits in FEMA flood zone AE (a Special Flood Hazard Area), per NFHL FIRM panel 3604970192F, effective 2007 .","fld_zone: AE
zone_subty: None
sfha: True
firm_panel: 3604970192F
effective_year: 2007
narrative: This address sits in FEMA flood zone AE (a Special Flood Hazard Area), per NFHL FIRM panel 3604970192F, effective 2007.",b0136,none,1
b0136_doc_swap,burr/6250164a-79d2-43a5-bd2d-fe02989db6f1,microtopo,"This address sits in FEMA flood zone AE (a Special Flood Hazard Area), per NFHL FIRM panel 3604970192F, effective 2007 .","Source: USGS 3DEP 30 m DEM (LiDAR-derived) via py3dep, with TWI and HAND derived using whitebox-workflows hydrology toolkit.
Point elevation at this address: 5.19 m above sea level.
Topographic position relative to surroundings: MID-SLOPE — neither a clear low point nor high ground.
Fraction of cells within 200 m radius that are LOWER in elevation than this address: 38.2%.
Fraction of cells within 750 m radius that are LOWER in elevation than this address: 56.6%.
Basin relief (max elevation in 750 m AOI minus address elevation): 13.06 m.
Height Above Nearest Drainage (HAND): 6.42 m. Interpretation: moderate (3-8 m) — typical urban-block elevation above drainage. HAND is the standard hydrology index for vertical distance from a cell to the nearest channel; used by USGS, USACE, and InfoWorks ICM.
Topographic Wetness Index (TWI): 9.52. Interpretation: moderate. TWI = ln(specific catchment area / tan slope) is the TOPMODEL framework's saturation propensity metric.",b0136,doc_swap,0
b0136_number,burr/6250164a-79d2-43a5-bd2d-fe02989db6f1,fema_nfhl,"This address sits in FEMA flood zone AE (a Special Flood Hazard Area), per NFHL FIRM panel 1802485096F, effective 2007 .","fld_zone: AE
zone_subty: None
sfha: True
firm_panel: 3604970192F
effective_year: 2007
narrative: This address sits in FEMA flood zone AE (a Special Flood Hazard Area), per NFHL FIRM panel 3604970192F, effective 2007.",b0136,number,0
b0137_none,burr/6250164a-79d2-43a5-bd2d-fe02989db6f1,ida_hwm,"Nearest mark: Visitation Pl., between Van Brunt St. and Richards St., Red Hook, Brooklyn (130 m away) .","Source: USGS STN Hurricane Ida 2021 high-water marks (Event 312, NY State).
USGS HWMs within 800 m: 1.
Max water height above ground: 0.3 ft.
Max HWM elevation: 4.2 ft.
Nearest HWM site: Visitation Pl., between Van Brunt St. and Richards St., Red Hook, Brooklyn (130.0 m away).",b0137,none,1
b0137_doc_swap,burr/6250164a-79d2-43a5-bd2d-fe02989db6f1,nyc311,"Nearest mark: Visitation Pl., between Van Brunt St. and Richards St., Red Hook, Brooklyn (130 m away) .","Source: NYC 311 service requests (Socrata erm2-nwe9, 2010-present).
311 flood-related complaints within 200 m, last 5 years: 65.
Top descriptors and counts: Catch Basin Clogged/Flooding (Use Comments) (SC): 24; Sewer Backup (Use Comments) (SA): 22; Street Flooding (SJ): 18; Flooding on Street: 1.
Per-year counts: 2021: 6, 2022: 14, 2023: 27, 2024: 10, 2025: 8.",b0137,doc_swap,0
b0137_number,burr/6250164a-79d2-43a5-bd2d-fe02989db6f1,ida_hwm,"Nearest mark: Visitation Pl., between Van Brunt St. and Richards St., Red Hook, Brooklyn (260 m away) .","Source: USGS STN Hurricane Ida 2021 high-water marks (Event 312, NY State).
USGS HWMs within 800 m: 1.
Max water height above ground: 0.3 ft.
Max HWM elevation: 4.2 ft.
Nearest HWM site: Visitation Pl., between Van Brunt St. and Richards St., Red Hook, Brooklyn (130.0 m away).",b0137,number,0
b0137_place,burr/6250164a-79d2-43a5-bd2d-fe02989db6f1,ida_hwm,"Nearest mark: Visitation Pl., between Van Brunt St. and Richards St., Red Hook, Brighton Beach (130 m away) .","Source: USGS STN Hurricane Ida 2021 high-water marks (Event 312, NY State).
USGS HWMs within 800 m: 1.
Max water height above ground: 0.3 ft.
Max HWM elevation: 4.2 ft.
Nearest HWM site: Visitation Pl., between Van Brunt St. and Richards St., Red Hook, Brooklyn (130.0 m away).",b0137,place,0
b0138_none,burr/66bcc130-7e89-458b-a094-f2a225d6c0d3,fema_nfhl,"This address sits in FEMA flood zone X, per NFHL FIRM panel 3604970233F, effective 2007 .","fld_zone: X
zone_subty: AREA OF MINIMAL FLOOD HAZARD
sfha: False
firm_panel: 3604970233F
effective_year: 2007
narrative: This address sits in FEMA flood zone X, per NFHL FIRM panel 3604970233F, effective 2007.",b0138,none,1
b0138_doc_swap,burr/66bcc130-7e89-458b-a094-f2a225d6c0d3,ida_hwm,"This address sits in FEMA flood zone X, per NFHL FIRM panel 3604970233F, effective 2007 .","n_within_radius: 0
radius_m: 800
max_elev_ft: None
max_height_above_gnd_ft: None
nearest_dist_m: 3861.0
nearest_site: Near west shore of Ohrbach Lake at William H. Pouch Boy Scout Camp, Staten Island
nearest_elev_ft: 240.7
narrative: No Hurricane Ida (Sept 2021) high-water marks were surveyed within 800 m of this address. Nearest USGS-surveyed mark: Near west shore of Ohrbach Lake at William H. Pouch Boy Scout Camp, Staten Island (3861 m away).",b0138,doc_swap,0
b0138_number,burr/66bcc130-7e89-458b-a094-f2a225d6c0d3,fema_nfhl,"This address sits in FEMA flood zone X, per NFHL FIRM panel 3604970233F, effective 6021 .","fld_zone: X
zone_subty: AREA OF MINIMAL FLOOD HAZARD
sfha: False
firm_panel: 3604970233F
effective_year: 2007
narrative: This address sits in FEMA flood zone X, per NFHL FIRM panel 3604970233F, effective 2007.",b0138,number,0
b0139_none,burr/66bcc130-7e89-458b-a094-f2a225d6c0d3,ida_hwm,"Nearest USGS-surveyed mark: Intersection of 182nd St. and 90th Ave., Jamaica, Queens (2092 m away) .","n_within_radius: 0
radius_m: 800
max_elev_ft: None
max_height_above_gnd_ft: None
nearest_dist_m: 2092.0
nearest_site: Intersection of 182nd St. and 90th Ave., Jamaica, Queens
nearest_elev_ft: 48.2
narrative: No Hurricane Ida (Sept 2021) high-water marks were surveyed within 800 m of this address. Nearest USGS-surveyed mark: Intersection of 182nd St. and 90th Ave., Jamaica, Queens (2092 m away).",b0139,none,1
b0139_doc_swap,burr/66bcc130-7e89-458b-a094-f2a225d6c0d3,ttm_311_forecast,"Nearest USGS-surveyed mark: Intersection of 182nd St. and 90th Ave., Jamaica, Queens (2092 m away) .","Source: IBM Granite TimeSeries TTM r2 (Ekambaram et al. 2024, NeurIPS) zero-shot forecast on NYC 311 flood-complaint history (Sewer Backup, Catch Basin Clogged/Flooding, Street Flooding, Manhole Overflow) within 200 m of the address.
Context window: 512 days (73 weeks) ending 2026-09-26.
Total complaints in context window: 34.
History recent 30-day rate: 0.0 complaints/day (≈0.46 per week).
Forecast horizon: 96 days (13 weeks) ahead.
Forecast rate: 0.049 complaints/day (≈0.34 per week).
Forecast peak day: 0.17 complaints, day +16.
Acceleration cue: no — forecast in line with recent baseline.
INTERPRETATION: this is a per-address pattern forecast, not a city-wide trend. Zero-history addresses get a zero-baseline forecast (legitimate); the more relevant cite is when there's a multi-month complaint history that the model is extrapolating.",b0139,doc_swap,0
b0139_number,burr/66bcc130-7e89-458b-a094-f2a225d6c0d3,ida_hwm,"Nearest USGS-surveyed mark: Intersection of 182nd St. and 27th Ave., Jamaica, Queens (2092 m away) .","n_within_radius: 0
radius_m: 800
max_elev_ft: None
max_height_above_gnd_ft: None
nearest_dist_m: 2092.0
nearest_site: Intersection of 182nd St. and 90th Ave., Jamaica, Queens
nearest_elev_ft: 48.2
narrative: No Hurricane Ida (Sept 2021) high-water marks were surveyed within 800 m of this address. Nearest USGS-surveyed mark: Intersection of 182nd St. and 90th Ave., Jamaica, Queens (2092 m away).",b0139,number,0
b0139_place,burr/66bcc130-7e89-458b-a094-f2a225d6c0d3,ida_hwm,"Nearest USGS-surveyed mark: Intersection of 182nd St. and 90th Ave., Jamaica, Rockaway (2092 m away) .","n_within_radius: 0
radius_m: 800
max_elev_ft: None
max_height_above_gnd_ft: None
nearest_dist_m: 2092.0
nearest_site: Intersection of 182nd St. and 90th Ave., Jamaica, Queens
nearest_elev_ft: 48.2
narrative: No Hurricane Ida (Sept 2021) high-water marks were surveyed within 800 m of this address. Nearest USGS-surveyed mark: Intersection of 182nd St. and 90th Ave., Jamaica, Queens (2092 m away).",b0139,place,0
b0140_none,burr/66bcc130-7e89-458b-a094-f2a225d6c0d3,nws_obs,"Latest METAR at JFK Airport, NY (7.3 km away): 17.0°C (obs 2026-09-26T18:40) .","station_id: KJFK
station_name: JFK Airport, NY
distance_km: 7.3
obs_time: 2026-09-26T18:40:00+00:00
temp_c: 17.0
precip_last_hour_mm: None
precip_last_3h_mm: None
precip_last_6h_mm: None
narrative: Latest METAR at JFK Airport, NY (7.3 km away): 17.0°C (obs 2026-09-26T18:40).
error: None",b0140,none,1
b0140_doc_swap,burr/66bcc130-7e89-458b-a094-f2a225d6c0d3,microtopo_nta,"Latest METAR at JFK Airport, NY (7.3 km away): 17.0°C (obs 2026-09-26T18:40) .","n_cells: 2820
elev_min_m: -9.89
elev_median_m: 3.63
elev_p10_m: 1.67
elev_max_m: 12.86
hand_median_m: 4.88
twi_median: 7.94
frac_hand_lt1: 0.028 (2.8 %, 3 %)
frac_twi_gt10: 0.1628 (16.3 %, 16 %)",b0140,doc_swap,0
b0140_number,burr/66bcc130-7e89-458b-a094-f2a225d6c0d3,nws_obs,"Latest METAR at JFK Airport, NY (2.2 km away): 17.0°C (obs 2026-09-26T18:40) .","station_id: KJFK
station_name: JFK Airport, NY
distance_km: 7.3
obs_time: 2026-09-26T18:40:00+00:00
temp_c: 17.0
precip_last_hour_mm: None
precip_last_3h_mm: None
precip_last_6h_mm: None
narrative: Latest METAR at JFK Airport, NY (7.3 km away): 17.0°C (obs 2026-09-26T18:40).
error: None",b0140,number,0
b0141_none,burr/66bcc130-7e89-458b-a094-f2a225d6c0d3,ttm_311_forecast,Experimental: 10 flood-related 311 complaints within 200 m over the last 512 days; a zero-shot TTM forecast with no rainfall input and no backtest projects about 0.13 per week for the next 96 days .,"Source: IBM Granite TimeSeries TTM r2 (Ekambaram et al. 2024, NeurIPS) zero-shot forecast on NYC 311 flood-complaint history (Sewer Backup, Catch Basin Clogged/Flooding, Street Flooding, Manhole Overflow) within 200 m of the address.
Context window: 512 days (73 weeks) ending 2026-09-26.
Total complaints in context window: 10.
History recent 30-day rate: 0.0 complaints/day (≈0.14 per week).
Forecast horizon: 96 days (13 weeks) ahead.
Forecast rate: 0.019 complaints/day (≈0.13 per week).
Forecast peak day: 0.08 complaints, day +41.
Acceleration cue: no — forecast in line with recent baseline.
INTERPRETATION: this is a per-address pattern forecast, not a city-wide trend. Zero-history addresses get a zero-baseline forecast (legitimate); the more relevant cite is when there's a multi-month complaint history that the model is extrapolating.",b0141,none,1
b0141_doc_swap,burr/66bcc130-7e89-458b-a094-f2a225d6c0d3,nws_obs,Experimental: 10 flood-related 311 complaints within 200 m over the last 512 days; a zero-shot TTM forecast with no rainfall input and no backtest projects about 0.13 per week for the next 96 days .,"station_id: KEWR
station_name: Newark Liberty, NJ
distance_km: 14.8
obs_time: 2026-09-26T18:35:00+00:00
temp_c: 17.0
precip_last_hour_mm: None
precip_last_3h_mm: None
precip_last_6h_mm: None
narrative: Latest METAR at Newark Liberty, NJ (14.8 km away): 17.0°C (obs 2026-09-26T18:35).
error: None",b0141,doc_swap,0
b0141_number,burr/66bcc130-7e89-458b-a094-f2a225d6c0d3,ttm_311_forecast,Experimental: 10 flood-related 311 complaints within 400 m over the last 512 days; a zero-shot TTM forecast with no rainfall input and no backtest projects about 0.13 per week for the next 96 days .,"Source: IBM Granite TimeSeries TTM r2 (Ekambaram et al. 2024, NeurIPS) zero-shot forecast on NYC 311 flood-complaint history (Sewer Backup, Catch Basin Clogged/Flooding, Street Flooding, Manhole Overflow) within 200 m of the address.
Context window: 512 days (73 weeks) ending 2026-09-26.
Total complaints in context window: 10.
History recent 30-day rate: 0.0 complaints/day (≈0.14 per week).
Forecast horizon: 96 days (13 weeks) ahead.
Forecast rate: 0.019 complaints/day (≈0.13 per week).
Forecast peak day: 0.08 complaints, day +41.
Acceleration cue: no — forecast in line with recent baseline.
INTERPRETATION: this is a per-address pattern forecast, not a city-wide trend. Zero-history addresses get a zero-baseline forecast (legitimate); the more relevant cite is when there's a multi-month complaint history that the model is extrapolating.",b0141,number,0
b0141_direction,burr/66bcc130-7e89-458b-a094-f2a225d6c0d3,ttm_311_forecast,Experimental: 10 flood-related 311 complaints beyond 200 m over the last 512 days; a zero-shot TTM forecast with no rainfall input and no backtest projects about 0.13 per week for the next 96 days .,"Source: IBM Granite TimeSeries TTM r2 (Ekambaram et al. 2024, NeurIPS) zero-shot forecast on NYC 311 flood-complaint history (Sewer Backup, Catch Basin Clogged/Flooding, Street Flooding, Manhole Overflow) within 200 m of the address.
Context window: 512 days (73 weeks) ending 2026-09-26.
Total complaints in context window: 10.
History recent 30-day rate: 0.0 complaints/day (≈0.14 per week).
Forecast horizon: 96 days (13 weeks) ahead.
Forecast rate: 0.019 complaints/day (≈0.13 per week).
Forecast peak day: 0.08 complaints, day +41.
Acceleration cue: no — forecast in line with recent baseline.
INTERPRETATION: this is a per-address pattern forecast, not a city-wide trend. Zero-history addresses get a zero-baseline forecast (legitimate); the more relevant cite is when there's a multi-month complaint history that the model is extrapolating.",b0141,direction,0
b0142_none,burr/f9743887-ace2-4195-819c-58ac42e11ce7,npcc4_slr,"NPCC4 (2024) projects sea-level rise at the Battery of 0.38 m (15 in) by the 2050s and 0.79 m (31 in) by 2100 at the median, relative to 2000-2004; 90th percentile 0.74 m and 1.65 m .","Source: New York City Panel on Climate Change 4th Assessment (NPCC4 2024), Chapter 3 — Sea Level Rise, Table 3.2. Published by the New York Academy of Sciences. Reference gauge: NOAA Battery (8518750), baseline 2000–2004.
Sea-level rise projections for the Battery Tide Gauge (primary NYC harbor reference), inches above 2000–2004 baseline:
2050 — Low (10th pct): 8 in (0.2 m); Mid (50th): 15 in (0.38 m); High (90th): 29 in (0.74 m); Extreme (99th): 40 in (1.02 m).
2100 — Low (10th pct): 13 in (0.33 m); Mid (50th): 31 in (0.79 m); High (90th): 65 in (1.65 m); Extreme (99th): 96 in (2.44 m).
INTERPRETATION: these are harbor-wide projections, not site-specific inundation depths. Local exposure depends on elevation, distance to waterfront, and storm-surge coupling. Use the DEP stormwater and Sandy layers for site-specific flood-zone assignment.",b0142,none,1
b0142_doc_swap,burr/f9743887-ace2-4195-819c-58ac42e11ce7,nws_obs,"NPCC4 (2024) projects sea-level rise at the Battery of 0.38 m (15 in) by the 2050s and 0.79 m (31 in) by 2100 at the median, relative to 2000-2004; 90th percentile 0.74 m and 1.65 m .","station_id: KEWR
station_name: Newark Liberty, NJ
distance_km: 14.8
obs_time: 2026-09-26T18:35:00+00:00
temp_c: 17.0
precip_last_hour_mm: None
precip_last_3h_mm: None
precip_last_6h_mm: None
narrative: Latest METAR at Newark Liberty, NJ (14.8 km away): 17.0°C (obs 2026-09-26T18:35).
error: None",b0142,doc_swap,0
b0142_number,burr/f9743887-ace2-4195-819c-58ac42e11ce7,npcc4_slr,"NPCC4 (2024) projects sea-level rise at the Battery of 0.38 m (15 in) by the 2050s and 0.79 m (31 in) by 2100 at the median, relative to 2000-2004; 90th percentile 0.74 m and 2.47 m .","Source: New York City Panel on Climate Change 4th Assessment (NPCC4 2024), Chapter 3 — Sea Level Rise, Table 3.2. Published by the New York Academy of Sciences. Reference gauge: NOAA Battery (8518750), baseline 2000–2004.
Sea-level rise projections for the Battery Tide Gauge (primary NYC harbor reference), inches above 2000–2004 baseline:
2050 — Low (10th pct): 8 in (0.2 m); Mid (50th): 15 in (0.38 m); High (90th): 29 in (0.74 m); Extreme (99th): 40 in (1.02 m).
2100 — Low (10th pct): 13 in (0.33 m); Mid (50th): 31 in (0.79 m); High (90th): 65 in (1.65 m); Extreme (99th): 96 in (2.44 m).
INTERPRETATION: these are harbor-wide projections, not site-specific inundation depths. Local exposure depends on elevation, distance to waterfront, and storm-surge coupling. Use the DEP stormwater and Sandy layers for site-specific flood-zone assignment.",b0142,number,0
b0143_none,burr/6af693ca-0d86-4466-a610-7ec5ccbd9224,fema_nfhl,"This address sits in FEMA flood zone AE (a Special Flood Hazard Area), per NFHL FIRM panel effective 2007 .","fld_zone: AE
zone_subty: None
sfha: True
firm_panel: 3604970192F
effective_year: 2007
narrative: This address sits in FEMA flood zone AE (a Special Flood Hazard Area), per NFHL FIRM panel 3604970192F, effective 2007.",b0143,none,1
b0143_doc_swap,burr/6af693ca-0d86-4466-a610-7ec5ccbd9224,ida_hwm,"This address sits in FEMA flood zone AE (a Special Flood Hazard Area), per NFHL FIRM panel effective 2007 .","Source: USGS STN Hurricane Ida 2021 high-water marks (Event 312, NY State).
USGS HWMs within 800 m: 2.
Max water height above ground: 0.76 ft.
Max HWM elevation: 48.2 ft.
Nearest HWM site: Intersection of 182nd St. and 90th Ave., Jamaica, Queens (669.0 m away).",b0143,doc_swap,0
b0143_number,burr/6af693ca-0d86-4466-a610-7ec5ccbd9224,fema_nfhl,"This address sits in FEMA flood zone AE (a Special Flood Hazard Area), per NFHL FIRM panel effective 3010 .","fld_zone: AE
zone_subty: None
sfha: True
firm_panel: 3604970192F
effective_year: 2007
narrative: This address sits in FEMA flood zone AE (a Special Flood Hazard Area), per NFHL FIRM panel 3604970192F, effective 2007.",b0143,number,0
b0144_none,burr/6af693ca-0d86-4466-a610-7ec5ccbd9224,ida_hwm,USGS surveyed 1 Hurricane Ida high-water mark(s) within 800 m of this address; the highest observed water elevation was 4.2 ft (up to 0.3 ft above ground) .,"Source: USGS STN Hurricane Ida 2021 high-water marks (Event 312, NY State).
USGS HWMs within 800 m: 1.
Max water height above ground: 0.3 ft.
Max HWM elevation: 4.2 ft.
Nearest HWM site: Visitation Pl., between Van Brunt St. and Richards St., Red Hook, Brooklyn (130.0 m away).",b0144,none,1
b0144_doc_swap,burr/6af693ca-0d86-4466-a610-7ec5ccbd9224,floodnet_forecast,USGS surveyed 1 Hurricane Ida high-water mark(s) within 800 m of this address; the highest observed water elevation was 4.2 ft (up to 0.3 ft above ground) .,"available: True
doc_id: floodnet_forecast_yearly_frank_mullet
sensor_id: yearly_frank_mullet
sensor_name: Q - 183rd St/90th Ave
sensor_street: 90th Avenue
sensor_borough: Queens
sensor_lat: 40.7111282
sensor_lon: -73.7779036
distance_from_query_m: 21.5
history_window_days: 512
history_total_events: 6
history_recent_28d_events: 1
forecast_horizon_days: 96
forecast_28d_expected_events: 0.47
forecast_total_horizon_events: 1.3
forecast_peak_day_offset: 5
forecast_peak_day_value: 0.051
model: granite-timeseries-ttm-r2
citation: FloodNet NYC ultrasonic depth sensors (api.floodnet.nyc) + IBM Granite TimeSeries TTM r2 (Ekambaram et al. 2024, NeurIPS) via granite-tsfm — daily flood-event recurrence forecast",b0144,doc_swap,0
b0144_number,burr/6af693ca-0d86-4466-a610-7ec5ccbd9224,ida_hwm,USGS surveyed 1 Hurricane Ida high-water mark(s) within 1600 m of this address; the highest observed water elevation was 4.2 ft (up to 0.3 ft above ground) .,"Source: USGS STN Hurricane Ida 2021 high-water marks (Event 312, NY State).
USGS HWMs within 800 m: 1.
Max water height above ground: 0.3 ft.
Max HWM elevation: 4.2 ft.
Nearest HWM site: Visitation Pl., between Van Brunt St. and Richards St., Red Hook, Brooklyn (130.0 m away).",b0144,number,0
b0144_direction,burr/6af693ca-0d86-4466-a610-7ec5ccbd9224,ida_hwm,USGS surveyed 1 Hurricane Ida high-water mark(s) within 800 m of this address; the highest observed water elevation was 4.2 ft (up to 0.3 ft below ground) .,"Source: USGS STN Hurricane Ida 2021 high-water marks (Event 312, NY State).
USGS HWMs within 800 m: 1.
Max water height above ground: 0.3 ft.
Max HWM elevation: 4.2 ft.
Nearest HWM site: Visitation Pl., between Van Brunt St. and Richards St., Red Hook, Brooklyn (130.0 m away).",b0144,direction,0
b0145_none,burr/6af693ca-0d86-4466-a610-7ec5ccbd9224,prithvi_water,"Experimental: satellite-detected surface water about 14 hours after Hurricane Ida (Sentinel-2): 0 water polygons within 500 m of this address, nearest 4026.3 m away .","nearest_distance_m: 4026.3
n_polygons_within_500m: 0
scene_id: pre HLS.S30.T18TWK.2021237T153809.v2.0 | post HLS.S30.T18TWK.2021245T154911.v2.0
scene_date: pre 2021-08-25, post 2021-09-02
headline_value: 0 within 500 m
subhead_text: surface water after Ida, experimental
narrative: Experimental: satellite-detected surface water about 14 hours after Hurricane Ida (Sentinel-2, 2021-09-02): 0 water polygons within 500 m of this address, nearest 4026.3 m away. Most are marsh, shoreline and park water; street and basement flooding had drained by then and is not visible in this layer.
raster_kind: prithvi
illustrative: False",b0145,none,1
b0145_doc_swap,burr/6af693ca-0d86-4466-a610-7ec5ccbd9224,microtopo,"Experimental: satellite-detected surface water about 14 hours after Hurricane Ida (Sentinel-2): 0 water polygons within 500 m of this address, nearest 4026.3 m away .","Source: USGS 3DEP 30 m DEM (LiDAR-derived) via py3dep, with TWI and HAND derived using whitebox-workflows hydrology toolkit.
Point elevation at this address: 16.89 m above sea level.
Topographic position relative to surroundings: MID-SLOPE — neither a clear low point nor high ground.
Fraction of cells within 200 m radius that are LOWER in elevation than this address: 57.6%.
Fraction of cells within 750 m radius that are LOWER in elevation than this address: 75.6%.
Basin relief (max elevation in 750 m AOI minus address elevation): 10.51 m.
Height Above Nearest Drainage (HAND): 16.76 m. Interpretation: high (>8 m) — the address sits well above the local drainage network. HAND is the standard hydrology index for vertical distance from a cell to the nearest channel; used by USGS, USACE, and InfoWorks ICM.
Topographic Wetness Index (TWI): 7.1. Interpretation: moderate. TWI = ln(specific catchment area / tan slope) is the TOPMODEL framework's saturation propensity metric.",b0145,doc_swap,0
b0145_number,burr/6af693ca-0d86-4466-a610-7ec5ccbd9224,prithvi_water,"Experimental: satellite-detected surface water about 14 hours after Hurricane Ida (Sentinel-2): 0 water polygons within 150 m of this address, nearest 4026.3 m away .","nearest_distance_m: 4026.3
n_polygons_within_500m: 0
scene_id: pre HLS.S30.T18TWK.2021237T153809.v2.0 | post HLS.S30.T18TWK.2021245T154911.v2.0
scene_date: pre 2021-08-25, post 2021-09-02
headline_value: 0 within 500 m
subhead_text: surface water after Ida, experimental
narrative: Experimental: satellite-detected surface water about 14 hours after Hurricane Ida (Sentinel-2, 2021-09-02): 0 water polygons within 500 m of this address, nearest 4026.3 m away. Most are marsh, shoreline and park water; street and basement flooding had drained by then and is not visible in this layer.
raster_kind: prithvi
illustrative: False",b0145,number,0
b0145_direction,burr/6af693ca-0d86-4466-a610-7ec5ccbd9224,prithvi_water,"Experimental: satellite-detected surface water about 14 hours after Hurricane Ida (Sentinel-2): 0 water polygons beyond 500 m of this address, nearest 4026.3 m away .","nearest_distance_m: 4026.3
n_polygons_within_500m: 0
scene_id: pre HLS.S30.T18TWK.2021237T153809.v2.0 | post HLS.S30.T18TWK.2021245T154911.v2.0
scene_date: pre 2021-08-25, post 2021-09-02
headline_value: 0 within 500 m
subhead_text: surface water after Ida, experimental
narrative: Experimental: satellite-detected surface water about 14 hours after Hurricane Ida (Sentinel-2, 2021-09-02): 0 water polygons within 500 m of this address, nearest 4026.3 m away. Most are marsh, shoreline and park water; street and basement flooding had drained by then and is not visible in this layer.
raster_kind: prithvi
illustrative: False",b0145,direction,0
b0146_none,burr/6af693ca-0d86-4466-a610-7ec5ccbd9224,microtopo,Elevation 1.37 m; this point sits at the 0.8th percentile of elevation within a 200 m window (lower percentile = topographic low); HAND 3.81 m above nearest drainage; TWI 14.79 .,"Source: USGS 3DEP 30 m DEM (LiDAR-derived) via py3dep, with TWI and HAND derived using whitebox-workflows hydrology toolkit.
Point elevation at this address: 1.37 m above sea level.
Topographic position relative to surroundings: topographic LOW POINT — surface runoff in the 200 m neighbourhood routes toward this location.
Fraction of cells within 200 m radius that are LOWER in elevation than this address: 0.8%.
Fraction of cells within 750 m radius that are LOWER in elevation than this address: 23.8%.
Basin relief (max elevation in 750 m AOI minus address elevation): 13.27 m.
Height Above Nearest Drainage (HAND): 3.81 m. Interpretation: moderate (3-8 m) — typical urban-block elevation above drainage. HAND is the standard hydrology index for vertical distance from a cell to the nearest channel; used by USGS, USACE, and InfoWorks ICM.
Topographic Wetness Index (TWI): 14.79. Interpretation: very high — saturation-prone terrain. TWI = ln(specific catchment area / tan slope) is the TOPMODEL framework's saturation propensity metric.",b0146,none,1
b0146_doc_swap,burr/6af693ca-0d86-4466-a610-7ec5ccbd9224,dep_extreme_2080_nta,Elevation 1.37 m; this point sits at the 0.8th percentile of elevation within a 200 m window (lower percentile = topographic low); HAND 3.81 m above nearest drainage; TWI 14.79 .,"scenario: dep_extreme_2080
label: DEP Extreme Stormwater (3.66 in/hr, 2080 SLR)
fraction_any: 0.4425 (44.2 %, 44 %)
fraction_class.1: 0.0473 (4.7 %, 5 %)
fraction_class.2: 0.0116 (1.2 %, 1 %)
fraction_class.3: 0.3836 (38.4 %, 38 %)
polygon_area_m2: 4421167.4",b0146,doc_swap,0
b0146_number,burr/6af693ca-0d86-4466-a610-7ec5ccbd9224,microtopo,Elevation 4.11 m; this point sits at the 0.8th percentile of elevation within a 200 m window (lower percentile = topographic low); HAND 3.81 m above nearest drainage; TWI 14.79 .,"Source: USGS 3DEP 30 m DEM (LiDAR-derived) via py3dep, with TWI and HAND derived using whitebox-workflows hydrology toolkit.
Point elevation at this address: 1.37 m above sea level.
Topographic position relative to surroundings: topographic LOW POINT — surface runoff in the 200 m neighbourhood routes toward this location.
Fraction of cells within 200 m radius that are LOWER in elevation than this address: 0.8%.
Fraction of cells within 750 m radius that are LOWER in elevation than this address: 23.8%.
Basin relief (max elevation in 750 m AOI minus address elevation): 13.27 m.
Height Above Nearest Drainage (HAND): 3.81 m. Interpretation: moderate (3-8 m) — typical urban-block elevation above drainage. HAND is the standard hydrology index for vertical distance from a cell to the nearest channel; used by USGS, USACE, and InfoWorks ICM.
Topographic Wetness Index (TWI): 14.79. Interpretation: very high — saturation-prone terrain. TWI = ln(specific catchment area / tan slope) is the TOPMODEL framework's saturation propensity metric.",b0146,number,0
b0146_direction,burr/6af693ca-0d86-4466-a610-7ec5ccbd9224,microtopo,Elevation 1.37 m; this point sits at the 0.8th percentile of elevation within a 200 m window (higher percentile = topographic low); HAND 3.81 m above nearest drainage; TWI 14.79 .,"Source: USGS 3DEP 30 m DEM (LiDAR-derived) via py3dep, with TWI and HAND derived using whitebox-workflows hydrology toolkit.
Point elevation at this address: 1.37 m above sea level.
Topographic position relative to surroundings: topographic LOW POINT — surface runoff in the 200 m neighbourhood routes toward this location.
Fraction of cells within 200 m radius that are LOWER in elevation than this address: 0.8%.
Fraction of cells within 750 m radius that are LOWER in elevation than this address: 23.8%.
Basin relief (max elevation in 750 m AOI minus address elevation): 13.27 m.
Height Above Nearest Drainage (HAND): 3.81 m. Interpretation: moderate (3-8 m) — typical urban-block elevation above drainage. HAND is the standard hydrology index for vertical distance from a cell to the nearest channel; used by USGS, USACE, and InfoWorks ICM.
Topographic Wetness Index (TWI): 14.79. Interpretation: very high — saturation-prone terrain. TWI = ln(specific catchment area / tan slope) is the TOPMODEL framework's saturation propensity metric.",b0146,direction,0
b0147_none,burr/6af693ca-0d86-4466-a610-7ec5ccbd9224,ttm_311_forecast,Experimental: 6 flood-related 311 complaints within 200 m over the last 512 days; a zero-shot TTM forecast with no rainfall input and no backtest projects about 0.02 per week for the next 96 days .,"Source: IBM Granite TimeSeries TTM r2 (Ekambaram et al. 2024, NeurIPS) zero-shot forecast on NYC 311 flood-complaint history (Sewer Backup, Catch Basin Clogged/Flooding, Street Flooding, Manhole Overflow) within 200 m of the address.
Context window: 512 days (73 weeks) ending 2026-09-26.
Total complaints in context window: 6.
History recent 30-day rate: 0.0 complaints/day (≈0.08 per week).
Forecast horizon: 96 days (13 weeks) ahead.
Forecast rate: 0.002 complaints/day (≈0.02 per week).
Forecast peak day: 0.02 complaints, day +22.
Acceleration cue: no — forecast in line with recent baseline.
INTERPRETATION: this is a per-address pattern forecast, not a city-wide trend. Zero-history addresses get a zero-baseline forecast (legitimate); the more relevant cite is when there's a multi-month complaint history that the model is extrapolating.",b0147,none,1
b0147_doc_swap,burr/6af693ca-0d86-4466-a610-7ec5ccbd9224,nws_obs,Experimental: 6 flood-related 311 complaints within 200 m over the last 512 days; a zero-shot TTM forecast with no rainfall input and no backtest projects about 0.02 per week for the next 96 days .,"station_id: KJFK
station_name: JFK Airport, NY
distance_km: 7.3
obs_time: 2026-09-26T18:40:00+00:00
temp_c: 17.0
precip_last_hour_mm: None
precip_last_3h_mm: None
precip_last_6h_mm: None
narrative: Latest METAR at JFK Airport, NY (7.3 km away): 17.0°C (obs 2026-09-26T18:40).
error: None",b0147,doc_swap,0
b0147_number,burr/6af693ca-0d86-4466-a610-7ec5ccbd9224,ttm_311_forecast,Experimental: 6 flood-related 311 complaints within 100 m over the last 512 days; a zero-shot TTM forecast with no rainfall input and no backtest projects about 0.02 per week for the next 96 days .,"Source: IBM Granite TimeSeries TTM r2 (Ekambaram et al. 2024, NeurIPS) zero-shot forecast on NYC 311 flood-complaint history (Sewer Backup, Catch Basin Clogged/Flooding, Street Flooding, Manhole Overflow) within 200 m of the address.
Context window: 512 days (73 weeks) ending 2026-09-26.
Total complaints in context window: 6.
History recent 30-day rate: 0.0 complaints/day (≈0.08 per week).
Forecast horizon: 96 days (13 weeks) ahead.
Forecast rate: 0.002 complaints/day (≈0.02 per week).
Forecast peak day: 0.02 complaints, day +22.
Acceleration cue: no — forecast in line with recent baseline.
INTERPRETATION: this is a per-address pattern forecast, not a city-wide trend. Zero-history addresses get a zero-baseline forecast (legitimate); the more relevant cite is when there's a multi-month complaint history that the model is extrapolating.",b0147,number,0
b0147_direction,burr/6af693ca-0d86-4466-a610-7ec5ccbd9224,ttm_311_forecast,Experimental: 6 flood-related 311 complaints beyond 200 m over the last 512 days; a zero-shot TTM forecast with no rainfall input and no backtest projects about 0.02 per week for the next 96 days .,"Source: IBM Granite TimeSeries TTM r2 (Ekambaram et al. 2024, NeurIPS) zero-shot forecast on NYC 311 flood-complaint history (Sewer Backup, Catch Basin Clogged/Flooding, Street Flooding, Manhole Overflow) within 200 m of the address.
Context window: 512 days (73 weeks) ending 2026-09-26.
Total complaints in context window: 6.
History recent 30-day rate: 0.0 complaints/day (≈0.08 per week).
Forecast horizon: 96 days (13 weeks) ahead.
Forecast rate: 0.002 complaints/day (≈0.02 per week).
Forecast peak day: 0.02 complaints, day +22.
Acceleration cue: no — forecast in line with recent baseline.
INTERPRETATION: this is a per-address pattern forecast, not a city-wide trend. Zero-history addresses get a zero-baseline forecast (legitimate); the more relevant cite is when there's a multi-month complaint history that the model is extrapolating.",b0147,direction,0
b0148_none,burr/6af693ca-0d86-4466-a610-7ec5ccbd9224,npcc4_slr,"NPCC4 projects sea-level rise at the Battery of 0.38 m (15 in) by 2100 at the median, relative to 2000; 90th percentile 0.74 m and 1.65 m .","Source: New York City Panel on Climate Change 4th Assessment (NPCC4 2024), Chapter 3 — Sea Level Rise, Table 3.2. Published by the New York Academy of Sciences. Reference gauge: NOAA Battery (8518750), baseline 2000–2004.
Sea-level rise projections for the Battery Tide Gauge (primary NYC harbor reference), inches above 2000–2004 baseline:
2050 — Low (10th pct): 8 in (0.2 m); Mid (50th): 15 in (0.38 m); High (90th): 29 in (0.74 m); Extreme (99th): 40 in (1.02 m).
2100 — Low (10th pct): 13 in (0.33 m); Mid (50th): 31 in (0.79 m); High (90th): 65 in (1.65 m); Extreme (99th): 96 in (2.44 m).
INTERPRETATION: these are harbor-wide projections, not site-specific inundation depths. Local exposure depends on elevation, distance to waterfront, and storm-surge coupling. Use the DEP stormwater and Sandy layers for site-specific flood-zone assignment.",b0148,none,1
b0148_doc_swap,burr/6af693ca-0d86-4466-a610-7ec5ccbd9224,microtopo_nta,"NPCC4 projects sea-level rise at the Battery of 0.38 m (15 in) by 2100 at the median, relative to 2000; 90th percentile 0.74 m and 1.65 m .","n_cells: 3103
elev_min_m: 5.27
elev_median_m: 13.26
elev_p10_m: 8.93
elev_max_m: 22.28
hand_median_m: 9.24
twi_median: 8.29
frac_hand_lt1: 0.0197 (2.0 %, 2 %)
frac_twi_gt10: 0.1792 (17.9 %, 18 %)",b0148,doc_swap,0
b0148_number,burr/6af693ca-0d86-4466-a610-7ec5ccbd9224,npcc4_slr,"NPCC4 projects sea-level rise at the Battery of 0.38 m (15 in) by 2100 at the median, relative to 4000; 90th percentile 0.74 m and 1.65 m .","Source: New York City Panel on Climate Change 4th Assessment (NPCC4 2024), Chapter 3 — Sea Level Rise, Table 3.2. Published by the New York Academy of Sciences. Reference gauge: NOAA Battery (8518750), baseline 2000–2004.
Sea-level rise projections for the Battery Tide Gauge (primary NYC harbor reference), inches above 2000–2004 baseline:
2050 — Low (10th pct): 8 in (0.2 m); Mid (50th): 15 in (0.38 m); High (90th): 29 in (0.74 m); Extreme (99th): 40 in (1.02 m).
2100 — Low (10th pct): 13 in (0.33 m); Mid (50th): 31 in (0.79 m); High (90th): 65 in (1.65 m); Extreme (99th): 96 in (2.44 m).
INTERPRETATION: these are harbor-wide projections, not site-specific inundation depths. Local exposure depends on elevation, distance to waterfront, and storm-surge coupling. Use the DEP stormwater and Sandy layers for site-specific flood-zone assignment.",b0148,number,0
b0149_none,burr/f3d7d0bd-c750-418b-b522-f2bf9cbde94a,ida_hwm,USGS surveyed 2 Hurricane Ida high-water mark(s) within 800 m of this address; the highest observed water elevation was 48.2 ft (up to 0.76 ft above ground) .,"Source: USGS STN Hurricane Ida 2021 high-water marks (Event 312, NY State).
USGS HWMs within 800 m: 2.
Max water height above ground: 0.76 ft.
Max HWM elevation: 48.2 ft.
Nearest HWM site: Intersection of 182nd St. and 90th Ave., Jamaica, Queens (669.0 m away).",b0149,none,1
b0149_doc_swap,burr/f3d7d0bd-c750-418b-b522-f2bf9cbde94a,microtopo_nta,USGS surveyed 2 Hurricane Ida high-water mark(s) within 800 m of this address; the highest observed water elevation was 48.2 ft (up to 0.76 ft above ground) .,"n_cells: 3601
elev_min_m: 14.38
elev_median_m: 18.47
elev_p10_m: 16.45
elev_max_m: 28.54
hand_median_m: 2.7
twi_median: 8.83
frac_hand_lt1: 0.2497 (25.0 %, 25 %)
frac_twi_gt10: 0.2821 (28.2 %, 28 %)",b0149,doc_swap,0
b0149_number,burr/f3d7d0bd-c750-418b-b522-f2bf9cbde94a,ida_hwm,USGS surveyed 2 Hurricane Ida high-water mark(s) within 800 m of this address; the highest observed water elevation was 48.2 ft (up to 2.28 ft above ground) .,"Source: USGS STN Hurricane Ida 2021 high-water marks (Event 312, NY State).
USGS HWMs within 800 m: 2.
Max water height above ground: 0.76 ft.
Max HWM elevation: 48.2 ft.
Nearest HWM site: Intersection of 182nd St. and 90th Ave., Jamaica, Queens (669.0 m away).",b0149,number,0
b0149_direction,burr/f3d7d0bd-c750-418b-b522-f2bf9cbde94a,ida_hwm,USGS surveyed 2 Hurricane Ida high-water mark(s) within 800 m of this address; the highest observed water elevation was 48.2 ft (up to 0.76 ft below ground) .,"Source: USGS STN Hurricane Ida 2021 high-water marks (Event 312, NY State).
USGS HWMs within 800 m: 2.
Max water height above ground: 0.76 ft.
Max HWM elevation: 48.2 ft.
Nearest HWM site: Intersection of 182nd St. and 90th Ave., Jamaica, Queens (669.0 m away).",b0149,direction,0
b0150_none,burr/71d14691-83a0-45f5-86de-793f129113d4,prithvi_water,"Experimental: satellite-detected surface water about 14 hours after Hurricane Ida (Sentinel-2): 0 water polygons within 500 m of this address, nearest 11174.7 m away .","nearest_distance_m: 11174.7
n_polygons_within_500m: 0
scene_id: pre HLS.S30.T18TWK.2021237T153809.v2.0 | post HLS.S30.T18TWK.2021245T154911.v2.0
scene_date: pre 2021-08-25, post 2021-09-02
headline_value: 0 within 500 m
subhead_text: surface water after Ida, experimental
narrative: Experimental: satellite-detected surface water about 14 hours after Hurricane Ida (Sentinel-2, 2021-09-02): 0 water polygons within 500 m of this address, nearest 11174.7 m away. Most are marsh, shoreline and park water; street and basement flooding had drained by then and is not visible in this layer.
raster_kind: prithvi
illustrative: False",b0150,none,1
b0150_doc_swap,burr/71d14691-83a0-45f5-86de-793f129113d4,sandy_nta,"Experimental: satellite-detected surface water about 14 hours after Hurricane Ida (Sentinel-2): 0 water polygons within 500 m of this address, nearest 11174.7 m away .","overlap_area_m2: 687843.1
polygon_area_m2: 1786222.2
fraction: 0.3851 (38.5 %, 39 %)
inside: True",b0150,doc_swap,0
b0150_number,burr/71d14691-83a0-45f5-86de-793f129113d4,prithvi_water,"Experimental: satellite-detected surface water about 14 hours after Hurricane Ida (Sentinel-2): 0 water polygons within 500 m of this address, nearest 5587.4 m away .","nearest_distance_m: 11174.7
n_polygons_within_500m: 0
scene_id: pre HLS.S30.T18TWK.2021237T153809.v2.0 | post HLS.S30.T18TWK.2021245T154911.v2.0
scene_date: pre 2021-08-25, post 2021-09-02
headline_value: 0 within 500 m
subhead_text: surface water after Ida, experimental
narrative: Experimental: satellite-detected surface water about 14 hours after Hurricane Ida (Sentinel-2, 2021-09-02): 0 water polygons within 500 m of this address, nearest 11174.7 m away. Most are marsh, shoreline and park water; street and basement flooding had drained by then and is not visible in this layer.
raster_kind: prithvi
illustrative: False",b0150,number,0
b0150_direction,burr/71d14691-83a0-45f5-86de-793f129113d4,prithvi_water,"Experimental: satellite-detected surface water about 14 hours after Hurricane Ida (Sentinel-2): 0 water polygons beyond 500 m of this address, nearest 11174.7 m away .","nearest_distance_m: 11174.7
n_polygons_within_500m: 0
scene_id: pre HLS.S30.T18TWK.2021237T153809.v2.0 | post HLS.S30.T18TWK.2021245T154911.v2.0
scene_date: pre 2021-08-25, post 2021-09-02
headline_value: 0 within 500 m
subhead_text: surface water after Ida, experimental
narrative: Experimental: satellite-detected surface water about 14 hours after Hurricane Ida (Sentinel-2, 2021-09-02): 0 water polygons within 500 m of this address, nearest 11174.7 m away. Most are marsh, shoreline and park water; street and basement flooding had drained by then and is not visible in this layer.
raster_kind: prithvi
illustrative: False",b0150,direction,0
b0151_none,burr/71d14691-83a0-45f5-86de-793f129113d4,nws_obs,"Latest METAR at JFK Airport, NY (7.8 km away): 17.0°C .","station_id: KJFK
station_name: JFK Airport, NY
distance_km: 7.8
obs_time: 2026-09-26T18:50:00+00:00
temp_c: 17.0
precip_last_hour_mm: None
precip_last_3h_mm: None
precip_last_6h_mm: None
narrative: Latest METAR at JFK Airport, NY (7.8 km away): 17.0°C (obs 2026-09-26T18:50).
error: None",b0151,none,1
b0151_doc_swap,burr/71d14691-83a0-45f5-86de-793f129113d4,microtopo,"Latest METAR at JFK Airport, NY (7.8 km away): 17.0°C .","Source: USGS 3DEP 30 m DEM (LiDAR-derived) via py3dep, with TWI and HAND derived using whitebox-workflows hydrology toolkit.
Point elevation at this address: 1.37 m above sea level.
Topographic position relative to surroundings: topographic LOW POINT — surface runoff in the 200 m neighbourhood routes toward this location.
Fraction of cells within 200 m radius that are LOWER in elevation than this address: 0.8%.
Fraction of cells within 750 m radius that are LOWER in elevation than this address: 23.8%.
Basin relief (max elevation in 750 m AOI minus address elevation): 13.27 m.
Height Above Nearest Drainage (HAND): 3.81 m. Interpretation: moderate (3-8 m) — typical urban-block elevation above drainage. HAND is the standard hydrology index for vertical distance from a cell to the nearest channel; used by USGS, USACE, and InfoWorks ICM.
Topographic Wetness Index (TWI): 14.79. Interpretation: very high — saturation-prone terrain. TWI = ln(specific catchment area / tan slope) is the TOPMODEL framework's saturation propensity metric.",b0151,doc_swap,0
b0151_number,burr/71d14691-83a0-45f5-86de-793f129113d4,nws_obs,"Latest METAR at JFK Airport, NY (7.8 km away): 51.0°C .","station_id: KJFK
station_name: JFK Airport, NY
distance_km: 7.8
obs_time: 2026-09-26T18:50:00+00:00
temp_c: 17.0
precip_last_hour_mm: None
precip_last_3h_mm: None
precip_last_6h_mm: None
narrative: Latest METAR at JFK Airport, NY (7.8 km away): 17.0°C (obs 2026-09-26T18:50).
error: None",b0151,number,0
b0152_none,burr/71d14691-83a0-45f5-86de-793f129113d4,noaa_tides,"Latest reading at Kings Point, NY: 5.9 ft above MLLW (+1.01 ft vs predicted tide) .","Source: NOAA CO-OPS Tides & Currents API (api.tidesandcurrents.noaa.gov), 6-min cadence.
Nearest tide gauge: Kings Point, NY (NOAA station 8516945, 11.1 km away).
Observation time (LST/LDT): 2026-09-26 15:06.
Current observed water level above MLLW: 5.9 ft.
Astronomical tide prediction at the same instant: 4.89 ft above MLLW.
Residual (observed minus predicted): 1.01 ft — elevated above prediction (positive residual is consistent with wind-driven setup or storm surge).
Note: this is real-time tidal context for nearby coastal water level. The address itself may be inland — the reading describes the bay/harbor level the gauge is in, not the address.",b0152,none,1
b0152_doc_swap,burr/71d14691-83a0-45f5-86de-793f129113d4,nyc311_nta,"Latest reading at Kings Point, NY: 5.9 ft above MLLW (+1.01 ft vs predicted tide) .","n: 522
radius_m: None
years: 3
by_year.2023: 208
by_year.2024: 137
by_year.2025: 115
by_year.2026: 62
by_descriptor.Sewer Backup (Use Comments) (SA): 196
by_descriptor.Catch Basin Clogged/Flooding (Use Comments) (SC): 156
by_descriptor.Street Flooding (SJ): 89
by_descriptor.Manhole Overflow (Use Comments) (SA1): 56
by_descriptor.Flooding on Street: 25
most_recent.0.date: 2026-05-03
most_recent.0.descriptor: Manhole Overflow (Use Comments) (SA1)
most_recent.0.address: None
most_recent.1.date: 2026-05-03
most_recent.1.descriptor: Manhole Overflow (Use Comments) (SA1)
most_recent.1.address: None
most_recent.2.date: 2026-05-02
most_recent.2.descriptor: Manhole Overflow (Use Comments) (SA1)
most_recent.2.address: None
most_recent.3.date: 2026-05-01
most_recent.3.descriptor: Catch Basin Clogged/Flooding (Use Comments) (SC)
most_recent.3.address: None
most_recent.4.date: 2026-05-01
most_recent.4.descriptor: Manhole Overflow (Use Comments) (SA1)
most_recent.4.address: None",b0152,doc_swap,0
b0152_number,burr/71d14691-83a0-45f5-86de-793f129113d4,noaa_tides,"Latest reading at Kings Point, NY: 3.0 ft above MLLW (+1.01 ft vs predicted tide) .","Source: NOAA CO-OPS Tides & Currents API (api.tidesandcurrents.noaa.gov), 6-min cadence.
Nearest tide gauge: Kings Point, NY (NOAA station 8516945, 11.1 km away).
Observation time (LST/LDT): 2026-09-26 15:06.
Current observed water level above MLLW: 5.9 ft.
Astronomical tide prediction at the same instant: 4.89 ft above MLLW.
Residual (observed minus predicted): 1.01 ft — elevated above prediction (positive residual is consistent with wind-driven setup or storm surge).
Note: this is real-time tidal context for nearby coastal water level. The address itself may be inland — the reading describes the bay/harbor level the gauge is in, not the address.",b0152,number,0
b0152_direction,burr/71d14691-83a0-45f5-86de-793f129113d4,noaa_tides,"Latest reading at Kings Point, NY: 5.9 ft below MLLW (+1.01 ft vs predicted tide) .","Source: NOAA CO-OPS Tides & Currents API (api.tidesandcurrents.noaa.gov), 6-min cadence.
Nearest tide gauge: Kings Point, NY (NOAA station 8516945, 11.1 km away).
Observation time (LST/LDT): 2026-09-26 15:06.
Current observed water level above MLLW: 5.9 ft.
Astronomical tide prediction at the same instant: 4.89 ft above MLLW.
Residual (observed minus predicted): 1.01 ft — elevated above prediction (positive residual is consistent with wind-driven setup or storm surge).
Note: this is real-time tidal context for nearby coastal water level. The address itself may be inland — the reading describes the bay/harbor level the gauge is in, not the address.",b0152,direction,0
b0153_none,burr/71d14691-83a0-45f5-86de-793f129113d4,ttm_311_forecast,Experimental: 34 flood-related 311 complaints within 200 m over the last 512 days; a zero-shot TTM forecast with no rainfall input and no backtest projects about 0.34 per week for the next 96 days .,"Source: IBM Granite TimeSeries TTM r2 (Ekambaram et al. 2024, NeurIPS) zero-shot forecast on NYC 311 flood-complaint history (Sewer Backup, Catch Basin Clogged/Flooding, Street Flooding, Manhole Overflow) within 200 m of the address.
Context window: 512 days (73 weeks) ending 2026-09-26.
Total complaints in context window: 34.
History recent 30-day rate: 0.0 complaints/day (≈0.46 per week).
Forecast horizon: 96 days (13 weeks) ahead.
Forecast rate: 0.049 complaints/day (≈0.34 per week).
Forecast peak day: 0.17 complaints, day +16.
Acceleration cue: no — forecast in line with recent baseline.
INTERPRETATION: this is a per-address pattern forecast, not a city-wide trend. Zero-history addresses get a zero-baseline forecast (legitimate); the more relevant cite is when there's a multi-month complaint history that the model is extrapolating.",b0153,none,1
b0153_doc_swap,burr/71d14691-83a0-45f5-86de-793f129113d4,microtopo_nta,Experimental: 34 flood-related 311 complaints within 200 m over the last 512 days; a zero-shot TTM forecast with no rainfall input and no backtest projects about 0.34 per week for the next 96 days .,"n_cells: 3103
elev_min_m: 5.27
elev_median_m: 13.26
elev_p10_m: 8.93
elev_max_m: 22.28
hand_median_m: 9.24
twi_median: 8.29
frac_hand_lt1: 0.0197 (2.0 %, 2 %)
frac_twi_gt10: 0.1792 (17.9 %, 18 %)",b0153,doc_swap,0
b0153_number,burr/71d14691-83a0-45f5-86de-793f129113d4,ttm_311_forecast,Experimental: 102 flood-related 311 complaints within 200 m over the last 512 days; a zero-shot TTM forecast with no rainfall input and no backtest projects about 0.34 per week for the next 96 days .,"Source: IBM Granite TimeSeries TTM r2 (Ekambaram et al. 2024, NeurIPS) zero-shot forecast on NYC 311 flood-complaint history (Sewer Backup, Catch Basin Clogged/Flooding, Street Flooding, Manhole Overflow) within 200 m of the address.
Context window: 512 days (73 weeks) ending 2026-09-26.
Total complaints in context window: 34.
History recent 30-day rate: 0.0 complaints/day (≈0.46 per week).
Forecast horizon: 96 days (13 weeks) ahead.
Forecast rate: 0.049 complaints/day (≈0.34 per week).
Forecast peak day: 0.17 complaints, day +16.
Acceleration cue: no — forecast in line with recent baseline.
INTERPRETATION: this is a per-address pattern forecast, not a city-wide trend. Zero-history addresses get a zero-baseline forecast (legitimate); the more relevant cite is when there's a multi-month complaint history that the model is extrapolating.",b0153,number,0
b0153_direction,burr/71d14691-83a0-45f5-86de-793f129113d4,ttm_311_forecast,Experimental: 34 flood-related 311 complaints beyond 200 m over the last 512 days; a zero-shot TTM forecast with no rainfall input and no backtest projects about 0.34 per week for the next 96 days .,"Source: IBM Granite TimeSeries TTM r2 (Ekambaram et al. 2024, NeurIPS) zero-shot forecast on NYC 311 flood-complaint history (Sewer Backup, Catch Basin Clogged/Flooding, Street Flooding, Manhole Overflow) within 200 m of the address.
Context window: 512 days (73 weeks) ending 2026-09-26.
Total complaints in context window: 34.
History recent 30-day rate: 0.0 complaints/day (≈0.46 per week).
Forecast horizon: 96 days (13 weeks) ahead.
Forecast rate: 0.049 complaints/day (≈0.34 per week).
Forecast peak day: 0.17 complaints, day +16.
Acceleration cue: no — forecast in line with recent baseline.
INTERPRETATION: this is a per-address pattern forecast, not a city-wide trend. Zero-history addresses get a zero-baseline forecast (legitimate); the more relevant cite is when there's a multi-month complaint history that the model is extrapolating.",b0153,direction,0
b0154_none,burr/71d14691-83a0-45f5-86de-793f129113d4,floodnet_forecast,"Experimental: the nearest FloodNet sensor (Q - 183rd St/90th Ave, 21.5 m away) recorded 6 flood events in the last 512 days; a zero-shot TTM forecast with no rainfall input expects 0.47 events in the next 28 days .","available: True
doc_id: floodnet_forecast_yearly_frank_mullet
sensor_id: yearly_frank_mullet
sensor_name: Q - 183rd St/90th Ave
sensor_street: 90th Avenue
sensor_borough: Queens
sensor_lat: 40.7111282
sensor_lon: -73.7779036
distance_from_query_m: 21.5
history_window_days: 512
history_total_events: 6
history_recent_28d_events: 1
forecast_horizon_days: 96
forecast_28d_expected_events: 0.47
forecast_total_horizon_events: 1.3
forecast_peak_day_offset: 5
forecast_peak_day_value: 0.051
model: granite-timeseries-ttm-r2
citation: FloodNet NYC ultrasonic depth sensors (api.floodnet.nyc) + IBM Granite TimeSeries TTM r2 (Ekambaram et al. 2024, NeurIPS) via granite-tsfm — daily flood-event recurrence forecast",b0154,none,1
b0154_doc_swap,burr/71d14691-83a0-45f5-86de-793f129113d4,microtopo,"Experimental: the nearest FloodNet sensor (Q - 183rd St/90th Ave, 21.5 m away) recorded 6 flood events in the last 512 days; a zero-shot TTM forecast with no rainfall input expects 0.47 events in the next 28 days .","Source: USGS 3DEP 30 m DEM (LiDAR-derived) via py3dep, with TWI and HAND derived using whitebox-workflows hydrology toolkit.
Point elevation at this address: 1.37 m above sea level.
Topographic position relative to surroundings: topographic LOW POINT — surface runoff in the 200 m neighbourhood routes toward this location.
Fraction of cells within 200 m radius that are LOWER in elevation than this address: 0.8%.
Fraction of cells within 750 m radius that are LOWER in elevation than this address: 23.8%.
Basin relief (max elevation in 750 m AOI minus address elevation): 13.27 m.
Height Above Nearest Drainage (HAND): 3.81 m. Interpretation: moderate (3-8 m) — typical urban-block elevation above drainage. HAND is the standard hydrology index for vertical distance from a cell to the nearest channel; used by USGS, USACE, and InfoWorks ICM.
Topographic Wetness Index (TWI): 14.79. Interpretation: very high — saturation-prone terrain. TWI = ln(specific catchment area / tan slope) is the TOPMODEL framework's saturation propensity metric.",b0154,doc_swap,0
b0154_number,burr/71d14691-83a0-45f5-86de-793f129113d4,floodnet_forecast,"Experimental: the nearest FloodNet sensor (Q - 183rd St/90th Ave, 21.5 m away) recorded 6 flood events in the last 1024 days; a zero-shot TTM forecast with no rainfall input expects 0.47 events in the next 28 days .","available: True
doc_id: floodnet_forecast_yearly_frank_mullet
sensor_id: yearly_frank_mullet
sensor_name: Q - 183rd St/90th Ave
sensor_street: 90th Avenue
sensor_borough: Queens
sensor_lat: 40.7111282
sensor_lon: -73.7779036
distance_from_query_m: 21.5
history_window_days: 512
history_total_events: 6
history_recent_28d_events: 1
forecast_horizon_days: 96
forecast_28d_expected_events: 0.47
forecast_total_horizon_events: 1.3
forecast_peak_day_offset: 5
forecast_peak_day_value: 0.051
model: granite-timeseries-ttm-r2
citation: FloodNet NYC ultrasonic depth sensors (api.floodnet.nyc) + IBM Granite TimeSeries TTM r2 (Ekambaram et al. 2024, NeurIPS) via granite-tsfm — daily flood-event recurrence forecast",b0154,number,0
b0155_none,burr/851c091d-83e2-4b26-875a-2d519764d9d9,fema_nfhl,"This address sits in FEMA flood zone AE (a Special Flood Hazard Area), per NFHL FIRM panel 3604970329F, effective 2007 .","fld_zone: AE
zone_subty: None
sfha: True
firm_panel: 3604970329F
effective_year: 2007
narrative: This address sits in FEMA flood zone AE (a Special Flood Hazard Area), per NFHL FIRM panel 3604970329F, effective 2007.",b0155,none,1
b0155_doc_swap,burr/851c091d-83e2-4b26-875a-2d519764d9d9,dep_moderate_current_nta,"This address sits in FEMA flood zone AE (a Special Flood Hazard Area), per NFHL FIRM panel 3604970329F, effective 2007 .","scenario: dep_moderate_current
label: DEP Moderate Stormwater (2.13 in/hr, current SLR)
fraction_any: 0.0112 (1.1 %, 1 %)
fraction_class.1: 0.0093 (0.9 %, 1 %)
fraction_class.2: 0.0019 (0.2 %, 0 %)
fraction_class.3: 0.0
polygon_area_m2: 1786222.2",b0155,doc_swap,0
b0155_number,burr/851c091d-83e2-4b26-875a-2d519764d9d9,fema_nfhl,"This address sits in FEMA flood zone AE (a Special Flood Hazard Area), per NFHL FIRM panel 3604970329F, effective 1004 .","fld_zone: AE
zone_subty: None
sfha: True
firm_panel: 3604970329F
effective_year: 2007
narrative: This address sits in FEMA flood zone AE (a Special Flood Hazard Area), per NFHL FIRM panel 3604970329F, effective 2007.",b0155,number,0
b0156_none,burr/851c091d-83e2-4b26-875a-2d519764d9d9,ida_hwm,"Pouch Boy Scout Camp, Staten Island (3861 m away) .","n_within_radius: 0
radius_m: 800
max_elev_ft: None
max_height_above_gnd_ft: None
nearest_dist_m: 3861.0
nearest_site: Near west shore of Ohrbach Lake at William H. Pouch Boy Scout Camp, Staten Island
nearest_elev_ft: 240.7
narrative: No Hurricane Ida (Sept 2021) high-water marks were surveyed within 800 m of this address. Nearest USGS-surveyed mark: Near west shore of Ohrbach Lake at William H. Pouch Boy Scout Camp, Staten Island (3861 m away).",b0156,none,1
b0156_doc_swap,burr/851c091d-83e2-4b26-875a-2d519764d9d9,ttm_311_forecast,"Pouch Boy Scout Camp, Staten Island (3861 m away) .","Source: IBM Granite TimeSeries TTM r2 (Ekambaram et al. 2024, NeurIPS) zero-shot forecast on NYC 311 flood-complaint history (Sewer Backup, Catch Basin Clogged/Flooding, Street Flooding, Manhole Overflow) within 200 m of the address.
Context window: 512 days (73 weeks) ending 2026-09-26.
Total complaints in context window: 9.
History recent 30-day rate: 0.0 complaints/day (≈0.12 per week).
Forecast horizon: 96 days (13 weeks) ahead.
Forecast rate: 0.015 complaints/day (≈0.11 per week).
Forecast peak day: 0.04 complaints, day +9.
Acceleration cue: no — forecast in line with recent baseline.
INTERPRETATION: this is a per-address pattern forecast, not a city-wide trend. Zero-history addresses get a zero-baseline forecast (legitimate); the more relevant cite is when there's a multi-month complaint history that the model is extrapolating.",b0156,doc_swap,0
b0156_number,burr/851c091d-83e2-4b26-875a-2d519764d9d9,ida_hwm,"Pouch Boy Scout Camp, Staten Island (5792 m away) .","n_within_radius: 0
radius_m: 800
max_elev_ft: None
max_height_above_gnd_ft: None
nearest_dist_m: 3861.0
nearest_site: Near west shore of Ohrbach Lake at William H. Pouch Boy Scout Camp, Staten Island
nearest_elev_ft: 240.7
narrative: No Hurricane Ida (Sept 2021) high-water marks were surveyed within 800 m of this address. Nearest USGS-surveyed mark: Near west shore of Ohrbach Lake at William H. Pouch Boy Scout Camp, Staten Island (3861 m away).",b0156,number,0
b0156_place,burr/851c091d-83e2-4b26-875a-2d519764d9d9,ida_hwm,"Pouch Boy Scout Camp, Rockaway (3861 m away) .","n_within_radius: 0
radius_m: 800
max_elev_ft: None
max_height_above_gnd_ft: None
nearest_dist_m: 3861.0
nearest_site: Near west shore of Ohrbach Lake at William H. Pouch Boy Scout Camp, Staten Island
nearest_elev_ft: 240.7
narrative: No Hurricane Ida (Sept 2021) high-water marks were surveyed within 800 m of this address. Nearest USGS-surveyed mark: Near west shore of Ohrbach Lake at William H. Pouch Boy Scout Camp, Staten Island (3861 m away).",b0156,place,0
b0157_none,burr/851c091d-83e2-4b26-875a-2d519764d9d9,nws_obs,"Latest METAR at Newark Liberty, NJ (14.8 km away): 17.0°C (obs 2026-09-26T18:35) .","station_id: KEWR
station_name: Newark Liberty, NJ
distance_km: 14.8
obs_time: 2026-09-26T18:35:00+00:00
temp_c: 17.0
precip_last_hour_mm: None
precip_last_3h_mm: None
precip_last_6h_mm: None
narrative: Latest METAR at Newark Liberty, NJ (14.8 km away): 17.0°C (obs 2026-09-26T18:35).
error: None",b0157,none,1
b0157_doc_swap,burr/851c091d-83e2-4b26-875a-2d519764d9d9,dep_moderate_2050_nta,"Latest METAR at Newark Liberty, NJ (14.8 km away): 17.0°C (obs 2026-09-26T18:35) .","scenario: dep_moderate_2050
label: DEP Moderate Stormwater (2.13 in/hr, 2050 SLR)
fraction_any: 0.0392 (3.9 %, 4 %)
fraction_class.1: 0.02 (2.0 %, 2 %)
fraction_class.2: 0.0102 (1.0 %, 1 %)
fraction_class.3: 0.009 (0.9 %, 1 %)
polygon_area_m2: 5649571.1",b0157,doc_swap,0
b0157_number,burr/851c091d-83e2-4b26-875a-2d519764d9d9,nws_obs,"Latest METAR at Newark Liberty, NJ (14.8 km away): 17.0°C (obs 3039-09-26T18:35) .","station_id: KEWR
station_name: Newark Liberty, NJ
distance_km: 14.8
obs_time: 2026-09-26T18:35:00+00:00
temp_c: 17.0
precip_last_hour_mm: None
precip_last_3h_mm: None
precip_last_6h_mm: None
narrative: Latest METAR at Newark Liberty, NJ (14.8 km away): 17.0°C (obs 2026-09-26T18:35).
error: None",b0157,number,0
b0158_none,burr/f9743887-ace2-4195-819c-58ac42e11ce7,noaa_tides,"Latest reading at Sandy Hook, NJ: 3.07 ft above MLLW (+2.8 ft vs predicted tide), observed 2026-09-26 14:54 .","Source: NOAA CO-OPS Tides & Currents API (api.tidesandcurrents.noaa.gov), 6-min cadence.
Nearest tide gauge: Sandy Hook, NJ (NOAA station 8531680, 19.2 km away).
Observation time (LST/LDT): 2026-09-26 14:54.
Current observed water level above MLLW: 3.07 ft.
Astronomical tide prediction at the same instant: 0.27 ft above MLLW.
Residual (observed minus predicted): 2.8 ft — elevated above prediction (positive residual is consistent with wind-driven setup or storm surge).
Note: this is real-time tidal context for nearby coastal water level. The address itself may be inland — the reading describes the bay/harbor level the gauge is in, not the address.",b0158,none,1
b0158_doc_swap,burr/f9743887-ace2-4195-819c-58ac42e11ce7,dep_extreme_2080_nta,"Latest reading at Sandy Hook, NJ: 3.07 ft above MLLW (+2.8 ft vs predicted tide), observed 2026-09-26 14:54 .","scenario: dep_extreme_2080
label: DEP Extreme Stormwater (3.66 in/hr, 2080 SLR)
fraction_any: 0.4425 (44.2 %, 44 %)
fraction_class.1: 0.0473 (4.7 %, 5 %)
fraction_class.2: 0.0116 (1.2 %, 1 %)
fraction_class.3: 0.3836 (38.4 %, 38 %)
polygon_area_m2: 4421167.4",b0158,doc_swap,0
b0158_number,burr/f9743887-ace2-4195-819c-58ac42e11ce7,noaa_tides,"Latest reading at Sandy Hook, NJ: 4.60 ft above MLLW (+2.8 ft vs predicted tide), observed 2026-09-26 14:54 .","Source: NOAA CO-OPS Tides & Currents API (api.tidesandcurrents.noaa.gov), 6-min cadence.
Nearest tide gauge: Sandy Hook, NJ (NOAA station 8531680, 19.2 km away).
Observation time (LST/LDT): 2026-09-26 14:54.
Current observed water level above MLLW: 3.07 ft.
Astronomical tide prediction at the same instant: 0.27 ft above MLLW.
Residual (observed minus predicted): 2.8 ft — elevated above prediction (positive residual is consistent with wind-driven setup or storm surge).
Note: this is real-time tidal context for nearby coastal water level. The address itself may be inland — the reading describes the bay/harbor level the gauge is in, not the address.",b0158,number,0
b0158_direction,burr/f9743887-ace2-4195-819c-58ac42e11ce7,noaa_tides,"Latest reading at Sandy Hook, NJ: 3.07 ft below MLLW (+2.8 ft vs predicted tide), observed 2026-09-26 14:54 .","Source: NOAA CO-OPS Tides & Currents API (api.tidesandcurrents.noaa.gov), 6-min cadence.
Nearest tide gauge: Sandy Hook, NJ (NOAA station 8531680, 19.2 km away).
Observation time (LST/LDT): 2026-09-26 14:54.
Current observed water level above MLLW: 3.07 ft.
Astronomical tide prediction at the same instant: 0.27 ft above MLLW.
Residual (observed minus predicted): 2.8 ft — elevated above prediction (positive residual is consistent with wind-driven setup or storm surge).
Note: this is real-time tidal context for nearby coastal water level. The address itself may be inland — the reading describes the bay/harbor level the gauge is in, not the address.",b0158,direction,0
b0159_none,burr/851c091d-83e2-4b26-875a-2d519764d9d9,ttm_311_forecast,Experimental: 5 flood-related 311 complaints within 200 m over the last 512 days; a zero-shot TTM forecast with no rainfall input and no backtest projects about 0.03 per week for the next 96 days .,"Source: IBM Granite TimeSeries TTM r2 (Ekambaram et al. 2024, NeurIPS) zero-shot forecast on NYC 311 flood-complaint history (Sewer Backup, Catch Basin Clogged/Flooding, Street Flooding, Manhole Overflow) within 200 m of the address.
Context window: 512 days (73 weeks) ending 2026-09-26.
Total complaints in context window: 5.
History recent 30-day rate: 0.0 complaints/day (≈0.07 per week).
Forecast horizon: 96 days (13 weeks) ahead.
Forecast rate: 0.004 complaints/day (≈0.03 per week).
Forecast peak day: 0.03 complaints, day +18.
Acceleration cue: no — forecast in line with recent baseline.
INTERPRETATION: this is a per-address pattern forecast, not a city-wide trend. Zero-history addresses get a zero-baseline forecast (legitimate); the more relevant cite is when there's a multi-month complaint history that the model is extrapolating.",b0159,none,1
b0159_doc_swap,burr/851c091d-83e2-4b26-875a-2d519764d9d9,floodnet,Experimental: 5 flood-related 311 complaints within 200 m over the last 512 days; a zero-shot TTM forecast with no rainfall input and no backtest projects about 0.03 per week for the next 96 days .,"Source: FloodNet NYC ultrasonic depth sensor network (api.floodnet.nyc).
Sensors within 600 m: 4.
Sensors with labeled flood events in last 3 years: 2.
Total flood events at those sensors: 4.
Peak event: 51 mm depth at sensor openly_driven_tarpon starting 2025-10-30.",b0159,doc_swap,0
b0159_number,burr/851c091d-83e2-4b26-875a-2d519764d9d9,ttm_311_forecast,Experimental: 5 flood-related 311 complaints within 300 m over the last 512 days; a zero-shot TTM forecast with no rainfall input and no backtest projects about 0.03 per week for the next 96 days .,"Source: IBM Granite TimeSeries TTM r2 (Ekambaram et al. 2024, NeurIPS) zero-shot forecast on NYC 311 flood-complaint history (Sewer Backup, Catch Basin Clogged/Flooding, Street Flooding, Manhole Overflow) within 200 m of the address.
Context window: 512 days (73 weeks) ending 2026-09-26.
Total complaints in context window: 5.
History recent 30-day rate: 0.0 complaints/day (≈0.07 per week).
Forecast horizon: 96 days (13 weeks) ahead.
Forecast rate: 0.004 complaints/day (≈0.03 per week).
Forecast peak day: 0.03 complaints, day +18.
Acceleration cue: no — forecast in line with recent baseline.
INTERPRETATION: this is a per-address pattern forecast, not a city-wide trend. Zero-history addresses get a zero-baseline forecast (legitimate); the more relevant cite is when there's a multi-month complaint history that the model is extrapolating.",b0159,number,0
b0159_direction,burr/851c091d-83e2-4b26-875a-2d519764d9d9,ttm_311_forecast,Experimental: 5 flood-related 311 complaints beyond 200 m over the last 512 days; a zero-shot TTM forecast with no rainfall input and no backtest projects about 0.03 per week for the next 96 days .,"Source: IBM Granite TimeSeries TTM r2 (Ekambaram et al. 2024, NeurIPS) zero-shot forecast on NYC 311 flood-complaint history (Sewer Backup, Catch Basin Clogged/Flooding, Street Flooding, Manhole Overflow) within 200 m of the address.
Context window: 512 days (73 weeks) ending 2026-09-26.
Total complaints in context window: 5.
History recent 30-day rate: 0.0 complaints/day (≈0.07 per week).
Forecast horizon: 96 days (13 weeks) ahead.
Forecast rate: 0.004 complaints/day (≈0.03 per week).
Forecast peak day: 0.03 complaints, day +18.
Acceleration cue: no — forecast in line with recent baseline.
INTERPRETATION: this is a per-address pattern forecast, not a city-wide trend. Zero-history addresses get a zero-baseline forecast (legitimate); the more relevant cite is when there's a multi-month complaint history that the model is extrapolating.",b0159,direction,0
b0160_none,burr/851c091d-83e2-4b26-875a-2d519764d9d9,floodnet_forecast,"Experimental: the nearest FloodNet sensor (SI - Quincy Ave/Iona St, 142.7 m away) recorded 18 flood events in the last 512 days; a zero-shot TTM forecast with no rainfall input expects 0.12 events in the next 28 days .","available: True
doc_id: floodnet_forecast_poorly_sunny_earwig
sensor_id: poorly_sunny_earwig
sensor_name: SI - Quincy Ave/Iona St
sensor_street: Quincy Avenue, Comanche Avenue
sensor_borough: Staten Island
sensor_lat: 40.5764024
sensor_lon: -74.0842748
distance_from_query_m: 142.7
history_window_days: 512
history_total_events: 18
history_recent_28d_events: 0
forecast_horizon_days: 96
forecast_28d_expected_events: 0.12
forecast_total_horizon_events: 1.23
forecast_peak_day_offset: 84
forecast_peak_day_value: 0.044
model: granite-timeseries-ttm-r2
citation: FloodNet NYC ultrasonic depth sensors (api.floodnet.nyc) + IBM Granite TimeSeries TTM r2 (Ekambaram et al. 2024, NeurIPS) via granite-tsfm — daily flood-event recurrence forecast",b0160,none,1
b0160_doc_swap,burr/851c091d-83e2-4b26-875a-2d519764d9d9,ida_hwm,"Experimental: the nearest FloodNet sensor (SI - Quincy Ave/Iona St, 142.7 m away) recorded 18 flood events in the last 512 days; a zero-shot TTM forecast with no rainfall input expects 0.12 events in the next 28 days .","n_within_radius: 0
radius_m: 800
max_elev_ft: None
max_height_above_gnd_ft: None
nearest_dist_m: 1417.0
nearest_site: Intersection of Carroll St. and Nevins St., Gowanus, Brooklyn
nearest_elev_ft: 10.7
narrative: No Hurricane Ida (Sept 2021) high-water marks were surveyed within 800 m of this address. Nearest USGS-surveyed mark: Intersection of Carroll St. and Nevins St., Gowanus, Brooklyn (1417 m away).",b0160,doc_swap,0
b0160_number,burr/851c091d-83e2-4b26-875a-2d519764d9d9,floodnet_forecast,"Experimental: the nearest FloodNet sensor (SI - Quincy Ave/Iona St, 214.0 m away) recorded 18 flood events in the last 512 days; a zero-shot TTM forecast with no rainfall input expects 0.12 events in the next 28 days .","available: True
doc_id: floodnet_forecast_poorly_sunny_earwig
sensor_id: poorly_sunny_earwig
sensor_name: SI - Quincy Ave/Iona St
sensor_street: Quincy Avenue, Comanche Avenue
sensor_borough: Staten Island
sensor_lat: 40.5764024
sensor_lon: -74.0842748
distance_from_query_m: 142.7
history_window_days: 512
history_total_events: 18
history_recent_28d_events: 0
forecast_horizon_days: 96
forecast_28d_expected_events: 0.12
forecast_total_horizon_events: 1.23
forecast_peak_day_offset: 84
forecast_peak_day_value: 0.044
model: granite-timeseries-ttm-r2
citation: FloodNet NYC ultrasonic depth sensors (api.floodnet.nyc) + IBM Granite TimeSeries TTM r2 (Ekambaram et al. 2024, NeurIPS) via granite-tsfm — daily flood-event recurrence forecast",b0160,number,0
b0161_none,burr/9c4885d5-1f1a-4281-a078-9c010b6d0303,ida_hwm,USGS surveyed 10 Hurricane Ida high-water mark(s) within 800 m of this address; the highest observed water elevation was 30.6 ft (up to 2.32 ft above ground) .,"Source: USGS STN Hurricane Ida 2021 high-water marks (Event 312, NY State).
USGS HWMs within 800 m: 10.
Max water height above ground: 2.32 ft.
Max HWM elevation: 30.6 ft.
Nearest HWM site: Intersection of Carroll St. and Nevins St., Gowanus, Brooklyn (119.0 m away).",b0161,none,1
b0161_doc_swap,burr/9c4885d5-1f1a-4281-a078-9c010b6d0303,floodnet,USGS surveyed 10 Hurricane Ida high-water mark(s) within 800 m of this address; the highest observed water elevation was 30.6 ft (up to 2.32 ft above ground) .,"Source: FloodNet NYC ultrasonic depth sensor network (api.floodnet.nyc).
Sensors within 600 m: 5.
Sensors with labeled flood events in last 3 years: 3.
Total flood events at those sensors: 5.
Peak event: 17 mm depth at sensor nationally-simple-peacock starting 2026-03-12.",b0161,doc_swap,0
b0161_number,burr/9c4885d5-1f1a-4281-a078-9c010b6d0303,ida_hwm,USGS surveyed 10 Hurricane Ida high-water mark(s) within 800 m of this address; the highest observed water elevation was 30.6 ft (up to 3.48 ft above ground) .,"Source: USGS STN Hurricane Ida 2021 high-water marks (Event 312, NY State).
USGS HWMs within 800 m: 10.
Max water height above ground: 2.32 ft.
Max HWM elevation: 30.6 ft.
Nearest HWM site: Intersection of Carroll St. and Nevins St., Gowanus, Brooklyn (119.0 m away).",b0161,number,0
b0161_direction,burr/9c4885d5-1f1a-4281-a078-9c010b6d0303,ida_hwm,USGS surveyed 10 Hurricane Ida high-water mark(s) within 800 m of this address; the highest observed water elevation was 30.6 ft (up to 2.32 ft below ground) .,"Source: USGS STN Hurricane Ida 2021 high-water marks (Event 312, NY State).
USGS HWMs within 800 m: 10.
Max water height above ground: 2.32 ft.
Max HWM elevation: 30.6 ft.
Nearest HWM site: Intersection of Carroll St. and Nevins St., Gowanus, Brooklyn (119.0 m away).",b0161,direction,0
b0162_none,burr/9c4885d5-1f1a-4281-a078-9c010b6d0303,prithvi_water,"Experimental: satellite-detected surface water about 14 hours after Hurricane Ida (Sentinel-2, 2021-09-02): 0 water polygons within 500 m of this address, nearest 5027.6 m away .","nearest_distance_m: 5027.6
n_polygons_within_500m: 0
scene_id: pre HLS.S30.T18TWK.2021237T153809.v2.0 | post HLS.S30.T18TWK.2021245T154911.v2.0
scene_date: pre 2021-08-25, post 2021-09-02
headline_value: 0 within 500 m
subhead_text: surface water after Ida, experimental
narrative: Experimental: satellite-detected surface water about 14 hours after Hurricane Ida (Sentinel-2, 2021-09-02): 0 water polygons within 500 m of this address, nearest 5027.6 m away. Most are marsh, shoreline and park water; street and basement flooding had drained by then and is not visible in this layer.
raster_kind: prithvi
illustrative: False",b0162,none,1
b0162_doc_swap,burr/9c4885d5-1f1a-4281-a078-9c010b6d0303,dep_extreme_2080_nta,"Experimental: satellite-detected surface water about 14 hours after Hurricane Ida (Sentinel-2, 2021-09-02): 0 water polygons within 500 m of this address, nearest 5027.6 m away .","scenario: dep_extreme_2080
label: DEP Extreme Stormwater (3.66 in/hr, 2080 SLR)
fraction_any: 0.4425 (44.2 %, 44 %)
fraction_class.1: 0.0473 (4.7 %, 5 %)
fraction_class.2: 0.0116 (1.2 %, 1 %)
fraction_class.3: 0.3836 (38.4 %, 38 %)
polygon_area_m2: 4421167.4",b0162,doc_swap,0
b0162_number,burr/9c4885d5-1f1a-4281-a078-9c010b6d0303,prithvi_water,"Experimental: satellite-detected surface water about 14 hours after Hurricane Ida (Sentinel-2, 6063-09-02): 0 water polygons within 500 m of this address, nearest 5027.6 m away .","nearest_distance_m: 5027.6
n_polygons_within_500m: 0
scene_id: pre HLS.S30.T18TWK.2021237T153809.v2.0 | post HLS.S30.T18TWK.2021245T154911.v2.0
scene_date: pre 2021-08-25, post 2021-09-02
headline_value: 0 within 500 m
subhead_text: surface water after Ida, experimental
narrative: Experimental: satellite-detected surface water about 14 hours after Hurricane Ida (Sentinel-2, 2021-09-02): 0 water polygons within 500 m of this address, nearest 5027.6 m away. Most are marsh, shoreline and park water; street and basement flooding had drained by then and is not visible in this layer.
raster_kind: prithvi
illustrative: False",b0162,number,0
b0162_direction,burr/9c4885d5-1f1a-4281-a078-9c010b6d0303,prithvi_water,"Experimental: satellite-detected surface water about 14 hours after Hurricane Ida (Sentinel-2, 2021-09-02): 0 water polygons beyond 500 m of this address, nearest 5027.6 m away .","nearest_distance_m: 5027.6
n_polygons_within_500m: 0
scene_id: pre HLS.S30.T18TWK.2021237T153809.v2.0 | post HLS.S30.T18TWK.2021245T154911.v2.0
scene_date: pre 2021-08-25, post 2021-09-02
headline_value: 0 within 500 m
subhead_text: surface water after Ida, experimental
narrative: Experimental: satellite-detected surface water about 14 hours after Hurricane Ida (Sentinel-2, 2021-09-02): 0 water polygons within 500 m of this address, nearest 5027.6 m away. Most are marsh, shoreline and park water; street and basement flooding had drained by then and is not visible in this layer.
raster_kind: prithvi
illustrative: False",b0162,direction,0
b0163_none,burr/9c4885d5-1f1a-4281-a078-9c010b6d0303,microtopo,Elevation 0.0 m; this point sits at the 5.0th percentile of elevation within a 200 m window (lower percentile = topographic low); HAND 0.0 m above nearest drainage; TWI 15.11 .,"Source: USGS 3DEP 30 m DEM (LiDAR-derived) via py3dep, with TWI and HAND derived using whitebox-workflows hydrology toolkit.
Point elevation at this address: 0.0 m above sea level.
Topographic position relative to surroundings: topographic LOW POINT — surface runoff in the 200 m neighbourhood routes toward this location.
Fraction of cells within 200 m radius that are LOWER in elevation than this address: 5.0%.
Fraction of cells within 750 m radius that are LOWER in elevation than this address: 1.4%.
Basin relief (max elevation in 750 m AOI minus address elevation): 31.79 m.
Height Above Nearest Drainage (HAND): 0.0 m. Interpretation: very low (sub-meter) — the address sits at or near drainage level. HAND is the standard hydrology index for vertical distance from a cell to the nearest channel; used by USGS, USACE, and InfoWorks ICM.
Topographic Wetness Index (TWI): 15.11. Interpretation: very high — saturation-prone terrain. TWI = ln(specific catchment area / tan slope) is the TOPMODEL framework's saturation propensity metric.",b0163,none,1
b0163_doc_swap,burr/9c4885d5-1f1a-4281-a078-9c010b6d0303,dep_moderate_current,Elevation 0.0 m; this point sits at the 5.0th percentile of elevation within a 200 m window (lower percentile = topographic low); HAND 0.0 m above nearest drainage; TWI 15.11 .,"Source: NYC DEP Stormwater Flood Map — Moderate (2.13 in/hr, current SLR).
Address inside scenario footprint: yes.
Modeled depth class: Nuisance (>4 in to 1 ft).",b0163,doc_swap,0
b0163_number,burr/9c4885d5-1f1a-4281-a078-9c010b6d0303,microtopo,Elevation 0.0 m; this point sits at the 1.5th percentile of elevation within a 200 m window (lower percentile = topographic low); HAND 0.0 m above nearest drainage; TWI 15.11 .,"Source: USGS 3DEP 30 m DEM (LiDAR-derived) via py3dep, with TWI and HAND derived using whitebox-workflows hydrology toolkit.
Point elevation at this address: 0.0 m above sea level.
Topographic position relative to surroundings: topographic LOW POINT — surface runoff in the 200 m neighbourhood routes toward this location.
Fraction of cells within 200 m radius that are LOWER in elevation than this address: 5.0%.
Fraction of cells within 750 m radius that are LOWER in elevation than this address: 1.4%.
Basin relief (max elevation in 750 m AOI minus address elevation): 31.79 m.
Height Above Nearest Drainage (HAND): 0.0 m. Interpretation: very low (sub-meter) — the address sits at or near drainage level. HAND is the standard hydrology index for vertical distance from a cell to the nearest channel; used by USGS, USACE, and InfoWorks ICM.
Topographic Wetness Index (TWI): 15.11. Interpretation: very high — saturation-prone terrain. TWI = ln(specific catchment area / tan slope) is the TOPMODEL framework's saturation propensity metric.",b0163,number,0
b0163_direction,burr/9c4885d5-1f1a-4281-a078-9c010b6d0303,microtopo,Elevation 0.0 m; this point sits at the 5.0th percentile of elevation within a 200 m window (higher percentile = topographic low); HAND 0.0 m above nearest drainage; TWI 15.11 .,"Source: USGS 3DEP 30 m DEM (LiDAR-derived) via py3dep, with TWI and HAND derived using whitebox-workflows hydrology toolkit.
Point elevation at this address: 0.0 m above sea level.
Topographic position relative to surroundings: topographic LOW POINT — surface runoff in the 200 m neighbourhood routes toward this location.
Fraction of cells within 200 m radius that are LOWER in elevation than this address: 5.0%.
Fraction of cells within 750 m radius that are LOWER in elevation than this address: 1.4%.
Basin relief (max elevation in 750 m AOI minus address elevation): 31.79 m.
Height Above Nearest Drainage (HAND): 0.0 m. Interpretation: very low (sub-meter) — the address sits at or near drainage level. HAND is the standard hydrology index for vertical distance from a cell to the nearest channel; used by USGS, USACE, and InfoWorks ICM.
Topographic Wetness Index (TWI): 15.11. Interpretation: very high — saturation-prone terrain. TWI = ln(specific catchment area / tan slope) is the TOPMODEL framework's saturation propensity metric.",b0163,direction,0
b0164_none,burr/9c4885d5-1f1a-4281-a078-9c010b6d0303,nws_obs,"Latest METAR at Central Park, NY (11.4 km away): 16.1°C (obs 2026-09-26T18:51) .","station_id: KNYC
station_name: Central Park, NY
distance_km: 11.4
obs_time: 2026-09-26T18:51:00+00:00
temp_c: 16.1
precip_last_hour_mm: None
precip_last_3h_mm: None
precip_last_6h_mm: None
narrative: Latest METAR at Central Park, NY (11.4 km away): 16.1°C (obs 2026-09-26T18:51).
error: None",b0164,none,1
b0164_doc_swap,burr/9c4885d5-1f1a-4281-a078-9c010b6d0303,ida_hwm,"Latest METAR at Central Park, NY (11.4 km away): 16.1°C (obs 2026-09-26T18:51) .","Source: USGS STN Hurricane Ida 2021 high-water marks (Event 312, NY State).
USGS HWMs within 800 m: 10.
Max water height above ground: 2.32 ft.
Max HWM elevation: 30.6 ft.
Nearest HWM site: Intersection of Carroll St. and Nevins St., Gowanus, Brooklyn (119.0 m away).",b0164,doc_swap,0
b0164_number,burr/9c4885d5-1f1a-4281-a078-9c010b6d0303,nws_obs,"Latest METAR at Central Park, NY (5.7 km away): 16.1°C (obs 2026-09-26T18:51) .","station_id: KNYC
station_name: Central Park, NY
distance_km: 11.4
obs_time: 2026-09-26T18:51:00+00:00
temp_c: 16.1
precip_last_hour_mm: None
precip_last_3h_mm: None
precip_last_6h_mm: None
narrative: Latest METAR at Central Park, NY (11.4 km away): 16.1°C (obs 2026-09-26T18:51).
error: None",b0164,number,0
b0164_place,burr/9c4885d5-1f1a-4281-a078-9c010b6d0303,nws_obs,"Latest METAR at Gowanus, NY (11.4 km away): 16.1°C (obs 2026-09-26T18:51) .","station_id: KNYC
station_name: Central Park, NY
distance_km: 11.4
obs_time: 2026-09-26T18:51:00+00:00
temp_c: 16.1
precip_last_hour_mm: None
precip_last_3h_mm: None
precip_last_6h_mm: None
narrative: Latest METAR at Central Park, NY (11.4 km away): 16.1°C (obs 2026-09-26T18:51).
error: None",b0164,place,0
b0165_none,burr/9c4885d5-1f1a-4281-a078-9c010b6d0303,ttm_311_forecast,Experimental: 14 flood-related 311 complaints within 200 m over the last 512 days; a zero-shot TTM forecast with no rainfall input and no backtest projects about 0.06 per week for the next 96 days .,"Source: IBM Granite TimeSeries TTM r2 (Ekambaram et al. 2024, NeurIPS) zero-shot forecast on NYC 311 flood-complaint history (Sewer Backup, Catch Basin Clogged/Flooding, Street Flooding, Manhole Overflow) within 200 m of the address.
Context window: 512 days (73 weeks) ending 2026-09-26.
Total complaints in context window: 14.
History recent 30-day rate: 0.0 complaints/day (≈0.19 per week).
Forecast horizon: 96 days (13 weeks) ahead.
Forecast rate: 0.009 complaints/day (≈0.06 per week).
Forecast peak day: 0.06 complaints, day +14.
Acceleration cue: no — forecast in line with recent baseline.
INTERPRETATION: this is a per-address pattern forecast, not a city-wide trend. Zero-history addresses get a zero-baseline forecast (legitimate); the more relevant cite is when there's a multi-month complaint history that the model is extrapolating.",b0165,none,1
b0165_doc_swap,burr/9c4885d5-1f1a-4281-a078-9c010b6d0303,dep_moderate_2050_nta,Experimental: 14 flood-related 311 complaints within 200 m over the last 512 days; a zero-shot TTM forecast with no rainfall input and no backtest projects about 0.06 per week for the next 96 days .,"scenario: dep_moderate_2050
label: DEP Moderate Stormwater (2.13 in/hr, 2050 SLR)
fraction_any: 0.0242 (2.4 %, 2 %)
fraction_class.1: 0.0079 (0.8 %, 1 %)
fraction_class.2: 0.0035 (0.4 %, 0 %)
fraction_class.3: 0.0128 (1.3 %, 1 %)
polygon_area_m2: 1072229.6",b0165,doc_swap,0
b0165_number,burr/9c4885d5-1f1a-4281-a078-9c010b6d0303,ttm_311_forecast,Experimental: 14 flood-related 311 complaints within 200 m over the last 512 days; a zero-shot TTM forecast with no rainfall input and no backtest projects about 0.09 per week for the next 96 days .,"Source: IBM Granite TimeSeries TTM r2 (Ekambaram et al. 2024, NeurIPS) zero-shot forecast on NYC 311 flood-complaint history (Sewer Backup, Catch Basin Clogged/Flooding, Street Flooding, Manhole Overflow) within 200 m of the address.
Context window: 512 days (73 weeks) ending 2026-09-26.
Total complaints in context window: 14.
History recent 30-day rate: 0.0 complaints/day (≈0.19 per week).
Forecast horizon: 96 days (13 weeks) ahead.
Forecast rate: 0.009 complaints/day (≈0.06 per week).
Forecast peak day: 0.06 complaints, day +14.
Acceleration cue: no — forecast in line with recent baseline.
INTERPRETATION: this is a per-address pattern forecast, not a city-wide trend. Zero-history addresses get a zero-baseline forecast (legitimate); the more relevant cite is when there's a multi-month complaint history that the model is extrapolating.",b0165,number,0
b0165_direction,burr/9c4885d5-1f1a-4281-a078-9c010b6d0303,ttm_311_forecast,Experimental: 14 flood-related 311 complaints beyond 200 m over the last 512 days; a zero-shot TTM forecast with no rainfall input and no backtest projects about 0.06 per week for the next 96 days .,"Source: IBM Granite TimeSeries TTM r2 (Ekambaram et al. 2024, NeurIPS) zero-shot forecast on NYC 311 flood-complaint history (Sewer Backup, Catch Basin Clogged/Flooding, Street Flooding, Manhole Overflow) within 200 m of the address.
Context window: 512 days (73 weeks) ending 2026-09-26.
Total complaints in context window: 14.
History recent 30-day rate: 0.0 complaints/day (≈0.19 per week).
Forecast horizon: 96 days (13 weeks) ahead.
Forecast rate: 0.009 complaints/day (≈0.06 per week).
Forecast peak day: 0.06 complaints, day +14.
Acceleration cue: no — forecast in line with recent baseline.
INTERPRETATION: this is a per-address pattern forecast, not a city-wide trend. Zero-history addresses get a zero-baseline forecast (legitimate); the more relevant cite is when there's a multi-month complaint history that the model is extrapolating.",b0165,direction,0
b0166_none,burr/b6a29795-b3c7-4c1a-bcc0-ff02f00232a8,fema_nfhl,"This address sits in FEMA flood zone X, per NFHL FIRM panel 3604970352F, effective 2007 .","fld_zone: X
zone_subty: AREA OF MINIMAL FLOOD HAZARD
sfha: False
firm_panel: 3604970352F
effective_year: 2007
narrative: This address sits in FEMA flood zone X, per NFHL FIRM panel 3604970352F, effective 2007.",b0166,none,1
b0166_doc_swap,burr/b6a29795-b3c7-4c1a-bcc0-ff02f00232a8,nws_obs,"This address sits in FEMA flood zone X, per NFHL FIRM panel 3604970352F, effective 2007 .","station_id: KJFK
station_name: JFK Airport, NY
distance_km: 15.6
obs_time: 2026-09-26T18:50:00+00:00
temp_c: 17.0
precip_last_hour_mm: None
precip_last_3h_mm: None
precip_last_6h_mm: None
narrative: Latest METAR at JFK Airport, NY (15.6 km away): 17.0°C (obs 2026-09-26T18:50).
error: None",b0166,doc_swap,0
b0166_number,burr/b6a29795-b3c7-4c1a-bcc0-ff02f00232a8,fema_nfhl,"This address sits in FEMA flood zone X, per NFHL FIRM panel 3604970352F, effective 4014 .","fld_zone: X
zone_subty: AREA OF MINIMAL FLOOD HAZARD
sfha: False
firm_panel: 3604970352F
effective_year: 2007
narrative: This address sits in FEMA flood zone X, per NFHL FIRM panel 3604970352F, effective 2007.",b0166,number,0
b0167_none,burr/e419ba94-3ea4-4d5b-a91e-8e984aaa73bc,prithvi_water,"Experimental: satellite-detected surface water about 14 hours after Hurricane Ida (Sentinel-2, 2021-09-02): 0 water polygons within 500 m of this address .","nearest_distance_m: 5870.5
n_polygons_within_500m: 0
scene_id: pre HLS.S30.T18TWK.2021237T153809.v2.0 | post HLS.S30.T18TWK.2021245T154911.v2.0
scene_date: pre 2021-08-25, post 2021-09-02
headline_value: 0 within 500 m
subhead_text: surface water after Ida, experimental
narrative: Experimental: satellite-detected surface water about 14 hours after Hurricane Ida (Sentinel-2, 2021-09-02): 0 water polygons within 500 m of this address, nearest 5870.5 m away. Most are marsh, shoreline and park water; street and basement flooding had drained by then and is not visible in this layer.
raster_kind: prithvi
illustrative: False",b0167,none,1
b0167_doc_swap,burr/e419ba94-3ea4-4d5b-a91e-8e984aaa73bc,nws_obs,"Experimental: satellite-detected surface water about 14 hours after Hurricane Ida (Sentinel-2, 2021-09-02): 0 water polygons within 500 m of this address .","station_id: KJFK
station_name: JFK Airport, NY
distance_km: 7.3
obs_time: 2026-09-26T18:40:00+00:00
temp_c: 17.0
precip_last_hour_mm: None
precip_last_3h_mm: None
precip_last_6h_mm: None
narrative: Latest METAR at JFK Airport, NY (7.3 km away): 17.0°C (obs 2026-09-26T18:40).
error: None",b0167,doc_swap,0
b0167_number,burr/e419ba94-3ea4-4d5b-a91e-8e984aaa73bc,prithvi_water,"Experimental: satellite-detected surface water about 14 hours after Hurricane Ida (Sentinel-2, 2021-09-02): 0 water polygons within 1000 m of this address .","nearest_distance_m: 5870.5
n_polygons_within_500m: 0
scene_id: pre HLS.S30.T18TWK.2021237T153809.v2.0 | post HLS.S30.T18TWK.2021245T154911.v2.0
scene_date: pre 2021-08-25, post 2021-09-02
headline_value: 0 within 500 m
subhead_text: surface water after Ida, experimental
narrative: Experimental: satellite-detected surface water about 14 hours after Hurricane Ida (Sentinel-2, 2021-09-02): 0 water polygons within 500 m of this address, nearest 5870.5 m away. Most are marsh, shoreline and park water; street and basement flooding had drained by then and is not visible in this layer.
raster_kind: prithvi
illustrative: False",b0167,number,0
b0167_direction,burr/e419ba94-3ea4-4d5b-a91e-8e984aaa73bc,prithvi_water,"Experimental: satellite-detected surface water about 14 hours after Hurricane Ida (Sentinel-2, 2021-09-02): 0 water polygons beyond 500 m of this address .","nearest_distance_m: 5870.5
n_polygons_within_500m: 0
scene_id: pre HLS.S30.T18TWK.2021237T153809.v2.0 | post HLS.S30.T18TWK.2021245T154911.v2.0
scene_date: pre 2021-08-25, post 2021-09-02
headline_value: 0 within 500 m
subhead_text: surface water after Ida, experimental
narrative: Experimental: satellite-detected surface water about 14 hours after Hurricane Ida (Sentinel-2, 2021-09-02): 0 water polygons within 500 m of this address, nearest 5870.5 m away. Most are marsh, shoreline and park water; street and basement flooding had drained by then and is not visible in this layer.
raster_kind: prithvi
illustrative: False",b0167,direction,0
b0168_none,burr/a33bde83-09e1-482a-8da7-ba415a593c2a,microtopo,Elevation 6.56 m; this point sits at the 48.8th percentile of elevation within a 200 m window .,"Source: USGS 3DEP 30 m DEM (LiDAR-derived) via py3dep, with TWI and HAND derived using whitebox-workflows hydrology toolkit.
Point elevation at this address: 6.56 m above sea level.
Topographic position relative to surroundings: MID-SLOPE — neither a clear low point nor high ground.
Fraction of cells within 200 m radius that are LOWER in elevation than this address: 48.8%.
Fraction of cells within 750 m radius that are LOWER in elevation than this address: 81.9%.
Basin relief (max elevation in 750 m AOI minus address elevation): 1.48 m.
Height Above Nearest Drainage (HAND): 3.52 m. Interpretation: moderate (3-8 m) — typical urban-block elevation above drainage. HAND is the standard hydrology index for vertical distance from a cell to the nearest channel; used by USGS, USACE, and InfoWorks ICM.
Topographic Wetness Index (TWI): 10.28. Interpretation: high — the cell tends to accumulate water. TWI = ln(specific catchment area / tan slope) is the TOPMODEL framework's saturation propensity metric.",b0168,none,1
b0168_doc_swap,burr/a33bde83-09e1-482a-8da7-ba415a593c2a,dep_extreme_2080,Elevation 6.56 m; this point sits at the 48.8th percentile of elevation within a 200 m window .,"Source: NYC DEP Stormwater Flood Map — Extreme (3.66 in/hr, 2080 SLR).
Address inside scenario footprint: yes.
Modeled depth class: Deep Contiguous (>4 ft).",b0168,doc_swap,0
b0168_number,burr/a33bde83-09e1-482a-8da7-ba415a593c2a,microtopo,Elevation 6.56 m; this point sits at the 48.8th percentile of elevation within a 60 m window .,"Source: USGS 3DEP 30 m DEM (LiDAR-derived) via py3dep, with TWI and HAND derived using whitebox-workflows hydrology toolkit.
Point elevation at this address: 6.56 m above sea level.
Topographic position relative to surroundings: MID-SLOPE — neither a clear low point nor high ground.
Fraction of cells within 200 m radius that are LOWER in elevation than this address: 48.8%.
Fraction of cells within 750 m radius that are LOWER in elevation than this address: 81.9%.
Basin relief (max elevation in 750 m AOI minus address elevation): 1.48 m.
Height Above Nearest Drainage (HAND): 3.52 m. Interpretation: moderate (3-8 m) — typical urban-block elevation above drainage. HAND is the standard hydrology index for vertical distance from a cell to the nearest channel; used by USGS, USACE, and InfoWorks ICM.
Topographic Wetness Index (TWI): 10.28. Interpretation: high — the cell tends to accumulate water. TWI = ln(specific catchment area / tan slope) is the TOPMODEL framework's saturation propensity metric.",b0168,number,0
b0168_direction,burr/a33bde83-09e1-482a-8da7-ba415a593c2a,microtopo,Elevation 6.56 m; this point sits at the 48.8th percentile of elevation beyond a 200 m window .,"Source: USGS 3DEP 30 m DEM (LiDAR-derived) via py3dep, with TWI and HAND derived using whitebox-workflows hydrology toolkit.
Point elevation at this address: 6.56 m above sea level.
Topographic position relative to surroundings: MID-SLOPE — neither a clear low point nor high ground.
Fraction of cells within 200 m radius that are LOWER in elevation than this address: 48.8%.
Fraction of cells within 750 m radius that are LOWER in elevation than this address: 81.9%.
Basin relief (max elevation in 750 m AOI minus address elevation): 1.48 m.
Height Above Nearest Drainage (HAND): 3.52 m. Interpretation: moderate (3-8 m) — typical urban-block elevation above drainage. HAND is the standard hydrology index for vertical distance from a cell to the nearest channel; used by USGS, USACE, and InfoWorks ICM.
Topographic Wetness Index (TWI): 10.28. Interpretation: high — the cell tends to accumulate water. TWI = ln(specific catchment area / tan slope) is the TOPMODEL framework's saturation propensity metric.",b0168,direction,0
b0169_none,burr/a33bde83-09e1-482a-8da7-ba415a593c2a,nws_obs,"Latest METAR at JFK Airport, NY (15.6 km away): 17.0°C (obs 2026-09-26T18:50) .","station_id: KJFK
station_name: JFK Airport, NY
distance_km: 15.6
obs_time: 2026-09-26T18:50:00+00:00
temp_c: 17.0
precip_last_hour_mm: None
precip_last_3h_mm: None
precip_last_6h_mm: None
narrative: Latest METAR at JFK Airport, NY (15.6 km away): 17.0°C (obs 2026-09-26T18:50).
error: None",b0169,none,1
b0169_doc_swap,burr/a33bde83-09e1-482a-8da7-ba415a593c2a,floodnet,"Latest METAR at JFK Airport, NY (15.6 km away): 17.0°C (obs 2026-09-26T18:50) .","Source: FloodNet NYC ultrasonic depth sensor network (api.floodnet.nyc).
Sensors within 600 m: 4.
Sensors with labeled flood events in last 3 years: 2.
Total flood events at those sensors: 4.
Peak event: 51 mm depth at sensor openly_driven_tarpon starting 2025-10-30.",b0169,doc_swap,0
b0169_number,burr/a33bde83-09e1-482a-8da7-ba415a593c2a,nws_obs,"Latest METAR at JFK Airport, NY (15.6 km away): 17.0°C (obs 3039-09-26T18:50) .","station_id: KJFK
station_name: JFK Airport, NY
distance_km: 15.6
obs_time: 2026-09-26T18:50:00+00:00
temp_c: 17.0
precip_last_hour_mm: None
precip_last_3h_mm: None
precip_last_6h_mm: None
narrative: Latest METAR at JFK Airport, NY (15.6 km away): 17.0°C (obs 2026-09-26T18:50).
error: None",b0169,number,0
b0170_none,burr/b6a29795-b3c7-4c1a-bcc0-ff02f00232a8,ttm_311_forecast,Experimental: 9 flood-related 311 complaints within 200 m over the last 512 days; a zero-shot TTM forecast with no rainfall input and no backtest projects about 0.11 per week for the next 96 days .,"Source: IBM Granite TimeSeries TTM r2 (Ekambaram et al. 2024, NeurIPS) zero-shot forecast on NYC 311 flood-complaint history (Sewer Backup, Catch Basin Clogged/Flooding, Street Flooding, Manhole Overflow) within 200 m of the address.
Context window: 512 days (73 weeks) ending 2026-09-26.
Total complaints in context window: 9.
History recent 30-day rate: 0.0 complaints/day (≈0.12 per week).
Forecast horizon: 96 days (13 weeks) ahead.
Forecast rate: 0.015 complaints/day (≈0.11 per week).
Forecast peak day: 0.04 complaints, day +9.
Acceleration cue: no — forecast in line with recent baseline.
INTERPRETATION: this is a per-address pattern forecast, not a city-wide trend. Zero-history addresses get a zero-baseline forecast (legitimate); the more relevant cite is when there's a multi-month complaint history that the model is extrapolating.",b0170,none,1
b0170_doc_swap,burr/b6a29795-b3c7-4c1a-bcc0-ff02f00232a8,dep_moderate_2050_nta,Experimental: 9 flood-related 311 complaints within 200 m over the last 512 days; a zero-shot TTM forecast with no rainfall input and no backtest projects about 0.11 per week for the next 96 days .,"scenario: dep_moderate_2050
label: DEP Moderate Stormwater (2.13 in/hr, 2050 SLR)
fraction_any: 0.0776 (7.8 %, 8 %)
fraction_class.1: 0.0313 (3.1 %, 3 %)
fraction_class.2: 0.0035 (0.4 %, 0 %)
fraction_class.3: 0.0428 (4.3 %, 4 %)
polygon_area_m2: 4421167.4",b0170,doc_swap,0
b0170_number,burr/b6a29795-b3c7-4c1a-bcc0-ff02f00232a8,ttm_311_forecast,Experimental: 9 flood-related 311 complaints within 200 m over the last 512 days; a zero-shot TTM forecast with no rainfall input and no backtest projects about 0.11 per week for the next 48 days .,"Source: IBM Granite TimeSeries TTM r2 (Ekambaram et al. 2024, NeurIPS) zero-shot forecast on NYC 311 flood-complaint history (Sewer Backup, Catch Basin Clogged/Flooding, Street Flooding, Manhole Overflow) within 200 m of the address.
Context window: 512 days (73 weeks) ending 2026-09-26.
Total complaints in context window: 9.
History recent 30-day rate: 0.0 complaints/day (≈0.12 per week).
Forecast horizon: 96 days (13 weeks) ahead.
Forecast rate: 0.015 complaints/day (≈0.11 per week).
Forecast peak day: 0.04 complaints, day +9.
Acceleration cue: no — forecast in line with recent baseline.
INTERPRETATION: this is a per-address pattern forecast, not a city-wide trend. Zero-history addresses get a zero-baseline forecast (legitimate); the more relevant cite is when there's a multi-month complaint history that the model is extrapolating.",b0170,number,0
b0170_direction,burr/b6a29795-b3c7-4c1a-bcc0-ff02f00232a8,ttm_311_forecast,Experimental: 9 flood-related 311 complaints beyond 200 m over the last 512 days; a zero-shot TTM forecast with no rainfall input and no backtest projects about 0.11 per week for the next 96 days .,"Source: IBM Granite TimeSeries TTM r2 (Ekambaram et al. 2024, NeurIPS) zero-shot forecast on NYC 311 flood-complaint history (Sewer Backup, Catch Basin Clogged/Flooding, Street Flooding, Manhole Overflow) within 200 m of the address.
Context window: 512 days (73 weeks) ending 2026-09-26.
Total complaints in context window: 9.
History recent 30-day rate: 0.0 complaints/day (≈0.12 per week).
Forecast horizon: 96 days (13 weeks) ahead.
Forecast rate: 0.015 complaints/day (≈0.11 per week).
Forecast peak day: 0.04 complaints, day +9.
Acceleration cue: no — forecast in line with recent baseline.
INTERPRETATION: this is a per-address pattern forecast, not a city-wide trend. Zero-history addresses get a zero-baseline forecast (legitimate); the more relevant cite is when there's a multi-month complaint history that the model is extrapolating.",b0170,direction,0
b0171_none,burr/a33bde83-09e1-482a-8da7-ba415a593c2a,npcc4_slr,"NPCC4 (2024) projects sea-level rise at the Battery of 0.38 m (15 in) by 2100 at the median, relative to 2000-2004; 90th percentile 0.74 m and 1.65 m .","Source: New York City Panel on Climate Change 4th Assessment (NPCC4 2024), Chapter 3 — Sea Level Rise, Table 3.2. Published by the New York Academy of Sciences. Reference gauge: NOAA Battery (8518750), baseline 2000–2004.
Sea-level rise projections for the Battery Tide Gauge (primary NYC harbor reference), inches above 2000–2004 baseline:
2050 — Low (10th pct): 8 in (0.2 m); Mid (50th): 15 in (0.38 m); High (90th): 29 in (0.74 m); Extreme (99th): 40 in (1.02 m).
2100 — Low (10th pct): 13 in (0.33 m); Mid (50th): 31 in (0.79 m); High (90th): 65 in (1.65 m); Extreme (99th): 96 in (2.44 m).
INTERPRETATION: these are harbor-wide projections, not site-specific inundation depths. Local exposure depends on elevation, distance to waterfront, and storm-surge coupling. Use the DEP stormwater and Sandy layers for site-specific flood-zone assignment.",b0171,none,1
b0171_doc_swap,burr/a33bde83-09e1-482a-8da7-ba415a593c2a,sandy,"NPCC4 (2024) projects sea-level rise at the Battery of 0.38 m (15 in) by 2100 at the median, relative to 2000-2004; 90th percentile 0.74 m and 1.65 m .","Source: NYC Sandy Inundation Zone (NYC OpenData 5xsi-dfpx, empirical extent of areas flooded by Hurricane Sandy in 2012).
FACT: The address is LOCATED WITHIN this empirical 2012 inundation extent.
INTERPRETATION: Hurricane Sandy did flood this address (or this immediate parcel) on October 29-30, 2012. This is a historical fact, not a model prediction.
Do not state the opposite. The address is inside the Sandy inundation zone.",b0171,doc_swap,0
b0171_number,burr/a33bde83-09e1-482a-8da7-ba415a593c2a,npcc4_slr,"NPCC4 (2024) projects sea-level rise at the Battery of 0.38 m (15 in) by 4200 at the median, relative to 2000-2004; 90th percentile 0.74 m and 1.65 m .","Source: New York City Panel on Climate Change 4th Assessment (NPCC4 2024), Chapter 3 — Sea Level Rise, Table 3.2. Published by the New York Academy of Sciences. Reference gauge: NOAA Battery (8518750), baseline 2000–2004.
Sea-level rise projections for the Battery Tide Gauge (primary NYC harbor reference), inches above 2000–2004 baseline:
2050 — Low (10th pct): 8 in (0.2 m); Mid (50th): 15 in (0.38 m); High (90th): 29 in (0.74 m); Extreme (99th): 40 in (1.02 m).
2100 — Low (10th pct): 13 in (0.33 m); Mid (50th): 31 in (0.79 m); High (90th): 65 in (1.65 m); Extreme (99th): 96 in (2.44 m).
INTERPRETATION: these are harbor-wide projections, not site-specific inundation depths. Local exposure depends on elevation, distance to waterfront, and storm-surge coupling. Use the DEP stormwater and Sandy layers for site-specific flood-zone assignment.",b0171,number,0
b0172_none,burr/b6a29795-b3c7-4c1a-bcc0-ff02f00232a8,ida_hwm,"O, Midwood, Brooklyn (1351 m away) .","n_within_radius: 0
radius_m: 800
max_elev_ft: None
max_height_above_gnd_ft: None
nearest_dist_m: 1351.0
nearest_site: Coney Island Ave., between Ave. P and Ave. O, Midwood, Brooklyn
nearest_elev_ft: 29.1
narrative: No Hurricane Ida (Sept 2021) high-water marks were surveyed within 800 m of this address. Nearest USGS-surveyed mark: Coney Island Ave., between Ave. P and Ave. O, Midwood, Brooklyn (1351 m away).",b0172,none,1
b0172_doc_swap,burr/b6a29795-b3c7-4c1a-bcc0-ff02f00232a8,dep_moderate_2050_nta,"O, Midwood, Brooklyn (1351 m away) .","scenario: dep_moderate_2050
label: DEP Moderate Stormwater (2.13 in/hr, 2050 SLR)
fraction_any: 0.0776 (7.8 %, 8 %)
fraction_class.1: 0.0313 (3.1 %, 3 %)
fraction_class.2: 0.0035 (0.4 %, 0 %)
fraction_class.3: 0.0428 (4.3 %, 4 %)
polygon_area_m2: 4421167.4",b0172,doc_swap,0
b0172_number,burr/b6a29795-b3c7-4c1a-bcc0-ff02f00232a8,ida_hwm,"O, Midwood, Brooklyn (405 m away) .","n_within_radius: 0
radius_m: 800
max_elev_ft: None
max_height_above_gnd_ft: None
nearest_dist_m: 1351.0
nearest_site: Coney Island Ave., between Ave. P and Ave. O, Midwood, Brooklyn
nearest_elev_ft: 29.1
narrative: No Hurricane Ida (Sept 2021) high-water marks were surveyed within 800 m of this address. Nearest USGS-surveyed mark: Coney Island Ave., between Ave. P and Ave. O, Midwood, Brooklyn (1351 m away).",b0172,number,0
b0172_place,burr/b6a29795-b3c7-4c1a-bcc0-ff02f00232a8,ida_hwm,"O, Midwood, Gowanus (1351 m away) .","n_within_radius: 0
radius_m: 800
max_elev_ft: None
max_height_above_gnd_ft: None
nearest_dist_m: 1351.0
nearest_site: Coney Island Ave., between Ave. P and Ave. O, Midwood, Brooklyn
nearest_elev_ft: 29.1
narrative: No Hurricane Ida (Sept 2021) high-water marks were surveyed within 800 m of this address. Nearest USGS-surveyed mark: Coney Island Ave., between Ave. P and Ave. O, Midwood, Brooklyn (1351 m away).",b0172,place,0
b0173_none,burr/c421577a-c137-4fbf-98cb-4fbb9ba43279,ida_hwm,"Nearest USGS-surveyed mark: South of Bedford Ave., between north 12th St. and Lorimer Ave., in McCarren Park, Brooklyn (2361 m away) .","n_within_radius: 0
radius_m: 800
max_elev_ft: None
max_height_above_gnd_ft: None
nearest_dist_m: 2361.0
nearest_site: South of Bedford Ave., between north 12th St. and Lorimer Ave., in McCarren Park, Brooklyn
nearest_elev_ft: 12.0
narrative: No Hurricane Ida (Sept 2021) high-water marks were surveyed within 800 m of this address. Nearest USGS-surveyed mark: South of Bedford Ave., between north 12th St. and Lorimer Ave., in McCarren Park, Brooklyn (2361 m away).",b0173,none,1
b0173_doc_swap,burr/c421577a-c137-4fbf-98cb-4fbb9ba43279,dep_moderate_current_nta,"Nearest USGS-surveyed mark: South of Bedford Ave., between north 12th St. and Lorimer Ave., in McCarren Park, Brooklyn (2361 m away) .","scenario: dep_moderate_current
label: DEP Moderate Stormwater (2.13 in/hr, current SLR)
fraction_any: 0.0271 (2.7 %, 3 %)
fraction_class.1: 0.0225 (2.2 %, 2 %)
fraction_class.2: 0.0046 (0.5 %, 0 %)
fraction_class.3: 0.0
polygon_area_m2: 1958843.2",b0173,doc_swap,0
b0173_number,burr/c421577a-c137-4fbf-98cb-4fbb9ba43279,ida_hwm,"Nearest USGS-surveyed mark: South of Bedford Ave., between north 12th St. and Lorimer Ave., in McCarren Park, Brooklyn (708 m away) .","n_within_radius: 0
radius_m: 800
max_elev_ft: None
max_height_above_gnd_ft: None
nearest_dist_m: 2361.0
nearest_site: South of Bedford Ave., between north 12th St. and Lorimer Ave., in McCarren Park, Brooklyn
nearest_elev_ft: 12.0
narrative: No Hurricane Ida (Sept 2021) high-water marks were surveyed within 800 m of this address. Nearest USGS-surveyed mark: South of Bedford Ave., between north 12th St. and Lorimer Ave., in McCarren Park, Brooklyn (2361 m away).",b0173,number,0
b0173_place,burr/c421577a-c137-4fbf-98cb-4fbb9ba43279,ida_hwm,"Nearest USGS-surveyed mark: South of Bedford Ave., between north 12th St. and Lorimer Ave., in McCarren Park, Long Island City (2361 m away) .","n_within_radius: 0
radius_m: 800
max_elev_ft: None
max_height_above_gnd_ft: None
nearest_dist_m: 2361.0
nearest_site: South of Bedford Ave., between north 12th St. and Lorimer Ave., in McCarren Park, Brooklyn
nearest_elev_ft: 12.0
narrative: No Hurricane Ida (Sept 2021) high-water marks were surveyed within 800 m of this address. Nearest USGS-surveyed mark: South of Bedford Ave., between north 12th St. and Lorimer Ave., in McCarren Park, Brooklyn (2361 m away).",b0173,place,0
b0174_none,burr/c421577a-c137-4fbf-98cb-4fbb9ba43279,floodnet,Peak depth recorded by these sensors: 96 mm .,"Source: FloodNet NYC ultrasonic depth sensor network (api.floodnet.nyc).
Sensors within 600 m: 2.
Sensors with labeled flood events in last 3 years: 2.
Total flood events at those sensors: 6.
Peak event: 96 mm depth at sensor nationally-simple-peacock starting 2026-07-18.",b0174,none,1
b0174_doc_swap,burr/c421577a-c137-4fbf-98cb-4fbb9ba43279,nyc311_nta,Peak depth recorded by these sensors: 96 mm .,"n: 800
radius_m: None
years: 3
by_year.2023: 211
by_year.2024: 309
by_year.2025: 197
by_year.2026: 83
by_descriptor.Sewer Backup (Use Comments) (SA): 327
by_descriptor.Catch Basin Clogged/Flooding (Use Comments) (SC): 222
by_descriptor.Street Flooding (SJ): 197
by_descriptor.Manhole Overflow (Use Comments) (SA1): 43
by_descriptor.Flooding on Street: 11
most_recent.0.date: 2026-05-04
most_recent.0.descriptor: Street Flooding (SJ)
most_recent.0.address: 643 B   67 STREET
most_recent.1.date: 2026-05-03
most_recent.1.descriptor: Sewer Backup (Use Comments) (SA)
most_recent.1.address: 236 BEACH   87 STREET
most_recent.2.date: 2026-05-02
most_recent.2.descriptor: Sewer Backup (Use Comments) (SA)
most_recent.2.address: 69-41 HESSLER AVENUE
most_recent.3.date: 2026-05-02
most_recent.3.descriptor: Street Flooding (SJ)
most_recent.3.address: 161 BEACH   62 STREET
most_recent.4.date: 2026-05-01
most_recent.4.descriptor: Manhole Overflow (Use Comments) (SA1)
most_recent.4.address: 236 BEACH   87 STREET",b0174,doc_swap,0
b0174_number,burr/c421577a-c137-4fbf-98cb-4fbb9ba43279,floodnet,Peak depth recorded by these sensors: 48 mm .,"Source: FloodNet NYC ultrasonic depth sensor network (api.floodnet.nyc).
Sensors within 600 m: 2.
Sensors with labeled flood events in last 3 years: 2.
Total flood events at those sensors: 6.
Peak event: 96 mm depth at sensor nationally-simple-peacock starting 2026-07-18.",b0174,number,0
b0175_none,burr/c421577a-c137-4fbf-98cb-4fbb9ba43279,ttm_311_forecast,Experimental: 3 flood-related 311 complaints within 200 m over the last 512 days; a zero-shot TTM forecast with no rainfall input and no backtest projects about 0.04 per week for the next 96 days .,"Source: IBM Granite TimeSeries TTM r2 (Ekambaram et al. 2024, NeurIPS) zero-shot forecast on NYC 311 flood-complaint history (Sewer Backup, Catch Basin Clogged/Flooding, Street Flooding, Manhole Overflow) within 200 m of the address.
Context window: 512 days (73 weeks) ending 2026-09-26.
Total complaints in context window: 3.
History recent 30-day rate: 0.0 complaints/day (≈0.04 per week).
Forecast horizon: 96 days (13 weeks) ahead.
Forecast rate: 0.005 complaints/day (≈0.04 per week).
Forecast peak day: 0.02 complaints, day +19.
Acceleration cue: no — forecast in line with recent baseline.
INTERPRETATION: this is a per-address pattern forecast, not a city-wide trend. Zero-history addresses get a zero-baseline forecast (legitimate); the more relevant cite is when there's a multi-month complaint history that the model is extrapolating.",b0175,none,1
b0175_doc_swap,burr/c421577a-c137-4fbf-98cb-4fbb9ba43279,nyc311_nta,Experimental: 3 flood-related 311 complaints within 200 m over the last 512 days; a zero-shot TTM forecast with no rainfall input and no backtest projects about 0.04 per week for the next 96 days .,"n: 800
radius_m: None
years: 3
by_year.2023: 211
by_year.2024: 309
by_year.2025: 197
by_year.2026: 83
by_descriptor.Sewer Backup (Use Comments) (SA): 327
by_descriptor.Catch Basin Clogged/Flooding (Use Comments) (SC): 222
by_descriptor.Street Flooding (SJ): 197
by_descriptor.Manhole Overflow (Use Comments) (SA1): 43
by_descriptor.Flooding on Street: 11
most_recent.0.date: 2026-05-04
most_recent.0.descriptor: Street Flooding (SJ)
most_recent.0.address: 643 B   67 STREET
most_recent.1.date: 2026-05-03
most_recent.1.descriptor: Sewer Backup (Use Comments) (SA)
most_recent.1.address: 236 BEACH   87 STREET
most_recent.2.date: 2026-05-02
most_recent.2.descriptor: Sewer Backup (Use Comments) (SA)
most_recent.2.address: 69-41 HESSLER AVENUE
most_recent.3.date: 2026-05-02
most_recent.3.descriptor: Street Flooding (SJ)
most_recent.3.address: 161 BEACH   62 STREET
most_recent.4.date: 2026-05-01
most_recent.4.descriptor: Manhole Overflow (Use Comments) (SA1)
most_recent.4.address: 236 BEACH   87 STREET",b0175,doc_swap,0
b0175_number,burr/c421577a-c137-4fbf-98cb-4fbb9ba43279,ttm_311_forecast,Experimental: 3 flood-related 311 complaints within 200 m over the last 256 days; a zero-shot TTM forecast with no rainfall input and no backtest projects about 0.04 per week for the next 96 days .,"Source: IBM Granite TimeSeries TTM r2 (Ekambaram et al. 2024, NeurIPS) zero-shot forecast on NYC 311 flood-complaint history (Sewer Backup, Catch Basin Clogged/Flooding, Street Flooding, Manhole Overflow) within 200 m of the address.
Context window: 512 days (73 weeks) ending 2026-09-26.
Total complaints in context window: 3.
History recent 30-day rate: 0.0 complaints/day (≈0.04 per week).
Forecast horizon: 96 days (13 weeks) ahead.
Forecast rate: 0.005 complaints/day (≈0.04 per week).
Forecast peak day: 0.02 complaints, day +19.
Acceleration cue: no — forecast in line with recent baseline.
INTERPRETATION: this is a per-address pattern forecast, not a city-wide trend. Zero-history addresses get a zero-baseline forecast (legitimate); the more relevant cite is when there's a multi-month complaint history that the model is extrapolating.",b0175,number,0
b0175_direction,burr/c421577a-c137-4fbf-98cb-4fbb9ba43279,ttm_311_forecast,Experimental: 3 flood-related 311 complaints beyond 200 m over the last 512 days; a zero-shot TTM forecast with no rainfall input and no backtest projects about 0.04 per week for the next 96 days .,"Source: IBM Granite TimeSeries TTM r2 (Ekambaram et al. 2024, NeurIPS) zero-shot forecast on NYC 311 flood-complaint history (Sewer Backup, Catch Basin Clogged/Flooding, Street Flooding, Manhole Overflow) within 200 m of the address.
Context window: 512 days (73 weeks) ending 2026-09-26.
Total complaints in context window: 3.
History recent 30-day rate: 0.0 complaints/day (≈0.04 per week).
Forecast horizon: 96 days (13 weeks) ahead.
Forecast rate: 0.005 complaints/day (≈0.04 per week).
Forecast peak day: 0.02 complaints, day +19.
Acceleration cue: no — forecast in line with recent baseline.
INTERPRETATION: this is a per-address pattern forecast, not a city-wide trend. Zero-history addresses get a zero-baseline forecast (legitimate); the more relevant cite is when there's a multi-month complaint history that the model is extrapolating.",b0175,direction,0
b0176_none,burr/c75122db-41a5-49e9-a3ff-da060c326c26,ida_hwm,"Nearest USGS-surveyed mark: Intersection of Carroll St. and Nevins St., Gowanus, Brooklyn (1422 m away) .","n_within_radius: 0
radius_m: 800
max_elev_ft: None
max_height_above_gnd_ft: None
nearest_dist_m: 1422.0
nearest_site: Intersection of Carroll St. and Nevins St., Gowanus, Brooklyn
nearest_elev_ft: 10.7
narrative: No Hurricane Ida (Sept 2021) high-water marks were surveyed within 800 m of this address. Nearest USGS-surveyed mark: Intersection of Carroll St. and Nevins St., Gowanus, Brooklyn (1422 m away).",b0176,none,1
b0176_doc_swap,burr/c75122db-41a5-49e9-a3ff-da060c326c26,nws_obs,"Nearest USGS-surveyed mark: Intersection of Carroll St. and Nevins St., Gowanus, Brooklyn (1422 m away) .","station_id: KJFK
station_name: JFK Airport, NY
distance_km: 7.8
obs_time: 2026-09-26T18:50:00+00:00
temp_c: 17.0
precip_last_hour_mm: None
precip_last_3h_mm: None
precip_last_6h_mm: None
narrative: Latest METAR at JFK Airport, NY (7.8 km away): 17.0°C (obs 2026-09-26T18:50).
error: None",b0176,doc_swap,0
b0176_number,burr/c75122db-41a5-49e9-a3ff-da060c326c26,ida_hwm,"Nearest USGS-surveyed mark: Intersection of Carroll St. and Nevins St., Gowanus, Brooklyn (2844 m away) .","n_within_radius: 0
radius_m: 800
max_elev_ft: None
max_height_above_gnd_ft: None
nearest_dist_m: 1422.0
nearest_site: Intersection of Carroll St. and Nevins St., Gowanus, Brooklyn
nearest_elev_ft: 10.7
narrative: No Hurricane Ida (Sept 2021) high-water marks were surveyed within 800 m of this address. Nearest USGS-surveyed mark: Intersection of Carroll St. and Nevins St., Gowanus, Brooklyn (1422 m away).",b0176,number,0
b0176_place,burr/c75122db-41a5-49e9-a3ff-da060c326c26,ida_hwm,"Nearest USGS-surveyed mark: Intersection of Carroll St. and Nevins St., Gowanus, Red Hook (1422 m away) .","n_within_radius: 0
radius_m: 800
max_elev_ft: None
max_height_above_gnd_ft: None
nearest_dist_m: 1422.0
nearest_site: Intersection of Carroll St. and Nevins St., Gowanus, Brooklyn
nearest_elev_ft: 10.7
narrative: No Hurricane Ida (Sept 2021) high-water marks were surveyed within 800 m of this address. Nearest USGS-surveyed mark: Intersection of Carroll St. and Nevins St., Gowanus, Brooklyn (1422 m away).",b0176,place,0
b0177_none,burr/c75122db-41a5-49e9-a3ff-da060c326c26,prithvi_water,Prithvi-EO satellite-derived Hurricane Ida (Sept 2021) inundation: this address is outside the empirical post-event water polygon (nearest mask 5872.1 m away) .,"Source: Prithvi-EO 2.0 (300M params, NASA/IBM, Apache-2.0). Sen1Floods11 fine-tune for water/flood semantic segmentation, run via TerraTorch on a real Hurricane Ida pre/post HLS Sentinel-2 pair: pre HLS.S30.T18TWK.2021237T153809.v2.0 | post HLS.S30.T18TWK.2021245T154911.v2.0 (dates: pre 2021-08-25, post 2021-09-02).
INTERPRETATION: the polygons are pixels classified as water in the post-event scene (2021-09-02, ~12 h after Ida peak rainfall) but NOT in the pre-event reference (2021-08-25). They are candidate Ida-attributable surface inundation.
Address sits inside an Ida-attributable inundation polygon: no.
Distance to nearest Ida-attributable polygon: 5872.1 m.
Distinct Ida-attributable polygons within 500 m: 0.
Honest scope: subway entrances and basement apartments — the dominant Ida damage mode in NYC — are not visible to optical satellites. By the Sep 2 16:02 UTC pass much pluvial street water had drained. The signal primarily captures marsh/parkland ponding, riverside spillover, and low-lying inundation that survived ~12 hours.",b0177,none,1
b0177_doc_swap,burr/c75122db-41a5-49e9-a3ff-da060c326c26,floodnet,Prithvi-EO satellite-derived Hurricane Ida (Sept 2021) inundation: this address is outside the empirical post-event water polygon (nearest mask 5872.1 m away) .,"n_sensors: 0
n_flood_events_3y: 0
n_sensors_with_events: 0
peak_event: None
narrative: No FloodNet sensors deployed within 600 m of this address.
radius_m: 600",b0177,doc_swap,0
b0177_number,burr/c75122db-41a5-49e9-a3ff-da060c326c26,prithvi_water,Prithvi-EO satellite-derived Hurricane Ida (Sept 1010) inundation: this address is outside the empirical post-event water polygon (nearest mask 5872.1 m away) .,"Source: Prithvi-EO 2.0 (300M params, NASA/IBM, Apache-2.0). Sen1Floods11 fine-tune for water/flood semantic segmentation, run via TerraTorch on a real Hurricane Ida pre/post HLS Sentinel-2 pair: pre HLS.S30.T18TWK.2021237T153809.v2.0 | post HLS.S30.T18TWK.2021245T154911.v2.0 (dates: pre 2021-08-25, post 2021-09-02).
INTERPRETATION: the polygons are pixels classified as water in the post-event scene (2021-09-02, ~12 h after Ida peak rainfall) but NOT in the pre-event reference (2021-08-25). They are candidate Ida-attributable surface inundation.
Address sits inside an Ida-attributable inundation polygon: no.
Distance to nearest Ida-attributable polygon: 5872.1 m.
Distinct Ida-attributable polygons within 500 m: 0.
Honest scope: subway entrances and basement apartments — the dominant Ida damage mode in NYC — are not visible to optical satellites. By the Sep 2 16:02 UTC pass much pluvial street water had drained. The signal primarily captures marsh/parkland ponding, riverside spillover, and low-lying inundation that survived ~12 hours.",b0177,number,0
b0177_direction,burr/c75122db-41a5-49e9-a3ff-da060c326c26,prithvi_water,Prithvi-EO satellite-derived Hurricane Ida (Sept 2021) inundation: this address is inside the empirical post-event water polygon (nearest mask 5872.1 m away) .,"Source: Prithvi-EO 2.0 (300M params, NASA/IBM, Apache-2.0). Sen1Floods11 fine-tune for water/flood semantic segmentation, run via TerraTorch on a real Hurricane Ida pre/post HLS Sentinel-2 pair: pre HLS.S30.T18TWK.2021237T153809.v2.0 | post HLS.S30.T18TWK.2021245T154911.v2.0 (dates: pre 2021-08-25, post 2021-09-02).
INTERPRETATION: the polygons are pixels classified as water in the post-event scene (2021-09-02, ~12 h after Ida peak rainfall) but NOT in the pre-event reference (2021-08-25). They are candidate Ida-attributable surface inundation.
Address sits inside an Ida-attributable inundation polygon: no.
Distance to nearest Ida-attributable polygon: 5872.1 m.
Distinct Ida-attributable polygons within 500 m: 0.
Honest scope: subway entrances and basement apartments — the dominant Ida damage mode in NYC — are not visible to optical satellites. By the Sep 2 16:02 UTC pass much pluvial street water had drained. The signal primarily captures marsh/parkland ponding, riverside spillover, and low-lying inundation that survived ~12 hours.",b0177,direction,0
b0178_none,burr/c75122db-41a5-49e9-a3ff-da060c326c26,noaa_tides,"Latest reading at The Battery, NY: 3.12 ft above MLLW (+2.52 ft vs predicted tide), observed 2026-09-26 14:18 .","Source: NOAA CO-OPS Tides & Currents API (api.tidesandcurrents.noaa.gov), 6-min cadence.
Nearest tide gauge: The Battery, NY (NOAA station 8518750, 2.1 km away).
Observation time (LST/LDT): 2026-09-26 14:18.
Current observed water level above MLLW: 3.12 ft.
Astronomical tide prediction at the same instant: 0.6 ft above MLLW.
Residual (observed minus predicted): 2.52 ft — elevated above prediction (positive residual is consistent with wind-driven setup or storm surge).
Note: this is real-time tidal context for nearby coastal water level. The address itself may be inland — the reading describes the bay/harbor level the gauge is in, not the address.",b0178,none,1
b0178_doc_swap,burr/c75122db-41a5-49e9-a3ff-da060c326c26,dep_moderate_current_nta,"Latest reading at The Battery, NY: 3.12 ft above MLLW (+2.52 ft vs predicted tide), observed 2026-09-26 14:18 .","scenario: dep_moderate_current
label: DEP Moderate Stormwater (2.13 in/hr, current SLR)
fraction_any: 0.0432 (4.3 %, 4 %)
fraction_class.1: 0.0192 (1.9 %, 2 %)
fraction_class.2: 0.024 (2.4 %, 2 %)
fraction_class.3: 0.0
polygon_area_m2: 2273263.1",b0178,doc_swap,0
b0178_number,burr/c75122db-41a5-49e9-a3ff-da060c326c26,noaa_tides,"Latest reading at The Battery, NY: 3.12 ft above MLLW (+2.52 ft vs predicted tide), observed 2026-09-26 21:18 .","Source: NOAA CO-OPS Tides & Currents API (api.tidesandcurrents.noaa.gov), 6-min cadence.
Nearest tide gauge: The Battery, NY (NOAA station 8518750, 2.1 km away).
Observation time (LST/LDT): 2026-09-26 14:18.
Current observed water level above MLLW: 3.12 ft.
Astronomical tide prediction at the same instant: 0.6 ft above MLLW.
Residual (observed minus predicted): 2.52 ft — elevated above prediction (positive residual is consistent with wind-driven setup or storm surge).
Note: this is real-time tidal context for nearby coastal water level. The address itself may be inland — the reading describes the bay/harbor level the gauge is in, not the address.",b0178,number,0
b0178_direction,burr/c75122db-41a5-49e9-a3ff-da060c326c26,noaa_tides,"Latest reading at The Battery, NY: 3.12 ft below MLLW (+2.52 ft vs predicted tide), observed 2026-09-26 14:18 .","Source: NOAA CO-OPS Tides & Currents API (api.tidesandcurrents.noaa.gov), 6-min cadence.
Nearest tide gauge: The Battery, NY (NOAA station 8518750, 2.1 km away).
Observation time (LST/LDT): 2026-09-26 14:18.
Current observed water level above MLLW: 3.12 ft.
Astronomical tide prediction at the same instant: 0.6 ft above MLLW.
Residual (observed minus predicted): 2.52 ft — elevated above prediction (positive residual is consistent with wind-driven setup or storm surge).
Note: this is real-time tidal context for nearby coastal water level. The address itself may be inland — the reading describes the bay/harbor level the gauge is in, not the address.",b0178,direction,0
b0178_place,burr/c75122db-41a5-49e9-a3ff-da060c326c26,noaa_tides,"Latest reading at Lower East Side, NY: 3.12 ft above MLLW (+2.52 ft vs predicted tide), observed 2026-09-26 14:18 .","Source: NOAA CO-OPS Tides & Currents API (api.tidesandcurrents.noaa.gov), 6-min cadence.
Nearest tide gauge: The Battery, NY (NOAA station 8518750, 2.1 km away).
Observation time (LST/LDT): 2026-09-26 14:18.
Current observed water level above MLLW: 3.12 ft.
Astronomical tide prediction at the same instant: 0.6 ft above MLLW.
Residual (observed minus predicted): 2.52 ft — elevated above prediction (positive residual is consistent with wind-driven setup or storm surge).
Note: this is real-time tidal context for nearby coastal water level. The address itself may be inland — the reading describes the bay/harbor level the gauge is in, not the address.",b0178,place,0
b0179_none,burr/c75122db-41a5-49e9-a3ff-da060c326c26,ttm_forecast,"Granite TTM r2 zero-shot forecast of Battery storm-surge residual, 9.6-hour horizon at 6-minute cadence .","Source: Granite TimeSeries TTM r2 (Ekambaram et al. 2024, NeurIPS) — ibm-granite/granite-timeseries-ttm-r2 via granite-tsfm. Zero-shot forecast of the surge residual (observed minus astronomical tide) at the Battery, NY (NOAA station 8518750). 6-min cadence, ~51 h context, ~9.6 h horizon..
Gauge: The Battery, NY (NOAA 8518750, 2.1 km from address — closest of Battery / Kings Point / Sandy Hook).
Context window: 512 samples (~51.2 h of 6-min residual).
Forecast horizon: 96 samples (~9.6 h ahead).
Recent residual: 2.72 ft (residual = observed water level minus astronomical prediction).
Recent peak |residual| in context: 3.67 ft.
Forecast peak residual: 2.73 ft, expected 30 minutes from now (at 2026-09-26T18:54Z UTC).
INTERPRETATION: positive residual is a wind-driven setup or storm-surge component on top of the tide; the model predicts the non-tidal part NOAA's astronomical predictor does not cover.",b0179,none,1
b0179_doc_swap,burr/c75122db-41a5-49e9-a3ff-da060c326c26,rag_nycha,"Granite TTM r2 zero-shot forecast of Battery storm-surge residual, 9.6-hour horizon at 6-minute cadence .","Source: NYCHA, Flood Resilience: Lessons Learned, page 74.
Retrieved passage (verbatim): Flood Resilience at NYCHA: Memorializing Lessons Learned Through the Hurricane Sandy Disaster Recovery Program 74 Appendix Recovery and Resilience Scope Overview ASTORIA BARUCH BEACH 41ST STREET CAMPOS PLAZA II CAREY GARDENS CARLTON MANOR CONEY ISLAND (SITE 8) CONEY ISLAND HOUSES CONEY ISLAND IB CONEY ISLAND 4&5 EAST RIVER GOWANUS GRAVESEND HABER HAMMEL ISAACS LA GUARDIA LAVANBURG HOMES LINCOLN HOUSES LOWER EAST SIDE REHAB 5 METRO NORTH NEW LANE OCEAN BAY APARTMENTS (BAYSIDE) OCEAN BAY APARTMENTS (OCEANSIDE) O'DWYER RANGEL REDFERN RED HOOK EAST RED HOOK WEST RIIS RIIS II SMITH SURFSIDE TWO BRIDGES WALD Total SiTE IMPROVEMENT Electrical Feeders Replacement ● ● ● ● ● ● ● ● ● ● ● ● ● ● ● ● ● ● ● ● ● Only Slope Stabilization Scope ● ● ● ● ● ● ● ● ● ● ● ● ● 35 Upgraded Site Lighting ● ● ● ● ● ● ● ● ● ● ● ● ● ● ● ● ● ● ● ● ● ● ● ● ● ● ● ● ● ● 30 Upgraded Playground Areas ● ● ● ● ● ● ● ● ● ● ● ● ● ● ● ● ● ● ● ● ● ● ● ● ● 25 Green Infrastructure Implementation ● ● ● ● ● ● ● ● ● 9 FACILITIES Roof Replacement ● ● ● ● ● ● ● ● ● ● ● ● ● ● ● ● ● ● ● ● ● ● ● ● ● ● ● ● 28 Façade Repair ● ● ● ● ● ● ● ● ● 11 Lobby Upgrade ● ● ● ● ● ● ● ● ● ● ● ● ● ● ● 15 Community Center Upgrade ● ● ● ● ● ● ● 7 Community Center Addition ● ● 2 Child Care Center Upgrade/Addition ● ● ● 3 Boiler Room Addition ● ● ● ● ● ● ● ● ● ● ● ● ● ● ● ● ● ● 18 MEP Building Annexes ● ● ● ● ● ● ● ● ● ● ● ● ● ● ● ● ● ● ● ● ● ● ● 23 FLOOD PROOFING Development Flood Wall ● ● 2 Wet flood proofing ● ● ● ● ● 5 Dry flood proofing ● ● ● ● ● ● ● ● ● ● ● ● ● ● ● ● ● ● ● ● ● ● ● ● ● ● ● ● ● ● ● 32 Passive barriers ● ● ● ● ● ● ● ● ● ● ● 11 Manually deployed barriers ● ● ● ● ● ● ● ● ● ● ● ● ● ● ● ● ● ● ● ● ● ● 22 ELECTRICAL SYSTEMS Upgraded Switchgears ● ● ● ● ● ● ● ● ● ● ● ● ● ● ● ● ● ● ● ● ● ● ● ● ● ● ● ● ● ● ● ● ● ● 34 Relocating all Panels above Project Flood Elevation ● ● ● ● ● ● ● ● ● ● ● ● ● ● ● ● ● ● ● ● ● ● ● ● ● ● ● 27 Centralized Ba",b0179,doc_swap,0
b0179_number,burr/c75122db-41a5-49e9-a3ff-da060c326c26,ttm_forecast,"Granite TTM r2 zero-shot forecast of Battery storm-surge residual, 4.8-hour horizon at 6-minute cadence .","Source: Granite TimeSeries TTM r2 (Ekambaram et al. 2024, NeurIPS) — ibm-granite/granite-timeseries-ttm-r2 via granite-tsfm. Zero-shot forecast of the surge residual (observed minus astronomical tide) at the Battery, NY (NOAA station 8518750). 6-min cadence, ~51 h context, ~9.6 h horizon..
Gauge: The Battery, NY (NOAA 8518750, 2.1 km from address — closest of Battery / Kings Point / Sandy Hook).
Context window: 512 samples (~51.2 h of 6-min residual).
Forecast horizon: 96 samples (~9.6 h ahead).
Recent residual: 2.72 ft (residual = observed water level minus astronomical prediction).
Recent peak |residual| in context: 3.67 ft.
Forecast peak residual: 2.73 ft, expected 30 minutes from now (at 2026-09-26T18:54Z UTC).
INTERPRETATION: positive residual is a wind-driven setup or storm-surge component on top of the tide; the model predicts the non-tidal part NOAA's astronomical predictor does not cover.",b0179,number,0
b0180_none,burr/c75122db-41a5-49e9-a3ff-da060c326c26,npcc4_slr,"NYC Panel on Climate Change (2024) sea-level rise projections — Battery, NY . Out of scope. This briefing does not assess title, structural condition, or compliance with specific zoning rules.","Source: New York City Panel on Climate Change 4th Assessment (NPCC4 2024), Chapter 3 — Sea Level Rise, Table 3.2. Published by the New York Academy of Sciences. Reference gauge: NOAA Battery (8518750), baseline 2000–2004.
Sea-level rise projections for the Battery Tide Gauge (primary NYC harbor reference), inches above 2000–2004 baseline:
2050 — Low (10th pct): 8 in (0.2 m); Mid (50th): 15 in (0.38 m); High (90th): 29 in (0.74 m); Extreme (99th): 40 in (1.02 m).
2100 — Low (10th pct): 13 in (0.33 m); Mid (50th): 31 in (0.79 m); High (90th): 65 in (1.65 m); Extreme (99th): 96 in (2.44 m).
INTERPRETATION: these are harbor-wide projections, not site-specific inundation depths. Local exposure depends on elevation, distance to waterfront, and storm-surge coupling. Use the DEP stormwater and Sandy layers for site-specific flood-zone assignment.",b0180,none,1
b0180_doc_swap,burr/c75122db-41a5-49e9-a3ff-da060c326c26,ida_hwm,"NYC Panel on Climate Change (2024) sea-level rise projections — Battery, NY . Out of scope. This briefing does not assess title, structural condition, or compliance with specific zoning rules.","Source: USGS STN Hurricane Ida 2021 high-water marks (Event 312, NY State).
USGS HWMs within 800 m: 10.
Max water height above ground: 2.32 ft.
Max HWM elevation: 30.6 ft.
Nearest HWM site: Intersection of Carroll St. and Nevins St., Gowanus, Brooklyn (119.0 m away).",b0180,doc_swap,0
b0180_number,burr/c75122db-41a5-49e9-a3ff-da060c326c26,npcc4_slr,"NYC Panel on Climate Change (607) sea-level rise projections — Battery, NY . Out of scope. This briefing does not assess title, structural condition, or compliance with specific zoning rules.","Source: New York City Panel on Climate Change 4th Assessment (NPCC4 2024), Chapter 3 — Sea Level Rise, Table 3.2. Published by the New York Academy of Sciences. Reference gauge: NOAA Battery (8518750), baseline 2000–2004.
Sea-level rise projections for the Battery Tide Gauge (primary NYC harbor reference), inches above 2000–2004 baseline:
2050 — Low (10th pct): 8 in (0.2 m); Mid (50th): 15 in (0.38 m); High (90th): 29 in (0.74 m); Extreme (99th): 40 in (1.02 m).
2100 — Low (10th pct): 13 in (0.33 m); Mid (50th): 31 in (0.79 m); High (90th): 65 in (1.65 m); Extreme (99th): 96 in (2.44 m).
INTERPRETATION: these are harbor-wide projections, not site-specific inundation depths. Local exposure depends on elevation, distance to waterfront, and storm-surge coupling. Use the DEP stormwater and Sandy layers for site-specific flood-zone assignment.",b0180,number,0
b0181_none,burr/f3d7d0bd-c750-418b-b522-f2bf9cbde94a,fema_nfhl,"This address sits in FEMA flood zone X, per NFHL FIRM panel 3604970234F, effective 2007 .","fld_zone: X
zone_subty: AREA OF MINIMAL FLOOD HAZARD
sfha: False
firm_panel: 3604970234F
effective_year: 2007
narrative: This address sits in FEMA flood zone X, per NFHL FIRM panel 3604970234F, effective 2007.",b0181,none,1
b0181_doc_swap,burr/f3d7d0bd-c750-418b-b522-f2bf9cbde94a,microtopo,"This address sits in FEMA flood zone X, per NFHL FIRM panel 3604970234F, effective 2007 .","Source: USGS 3DEP 30 m DEM (LiDAR-derived) via py3dep, with TWI and HAND derived using whitebox-workflows hydrology toolkit.
Point elevation at this address: 16.89 m above sea level.
Topographic position relative to surroundings: MID-SLOPE — neither a clear low point nor high ground.
Fraction of cells within 200 m radius that are LOWER in elevation than this address: 57.6%.
Fraction of cells within 750 m radius that are LOWER in elevation than this address: 75.6%.
Basin relief (max elevation in 750 m AOI minus address elevation): 10.51 m.
Height Above Nearest Drainage (HAND): 16.76 m. Interpretation: high (>8 m) — the address sits well above the local drainage network. HAND is the standard hydrology index for vertical distance from a cell to the nearest channel; used by USGS, USACE, and InfoWorks ICM.
Topographic Wetness Index (TWI): 7.1. Interpretation: moderate. TWI = ln(specific catchment area / tan slope) is the TOPMODEL framework's saturation propensity metric.",b0181,doc_swap,0
b0181_number,burr/f3d7d0bd-c750-418b-b522-f2bf9cbde94a,fema_nfhl,"This address sits in FEMA flood zone X, per NFHL FIRM panel 3604970234F, effective 3010 .","fld_zone: X
zone_subty: AREA OF MINIMAL FLOOD HAZARD
sfha: False
firm_panel: 3604970234F
effective_year: 2007
narrative: This address sits in FEMA flood zone X, per NFHL FIRM panel 3604970234F, effective 2007.",b0181,number,0
b0182_none,burr/ca2021e9-a662-430c-a36f-7c5703ccfcf2,ida_hwm,"Nearest mark: Intersection of 182nd St. and 90th Ave., Jamaica, Queens (174 m away) .","Source: USGS STN Hurricane Ida 2021 high-water marks (Event 312, NY State).
USGS HWMs within 800 m: 2.
Max water height above ground: 0.76 ft.
Max HWM elevation: 48.2 ft.
Nearest HWM site: Intersection of 182nd St. and 90th Ave., Jamaica, Queens (174.0 m away).",b0182,none,1
b0182_doc_swap,burr/ca2021e9-a662-430c-a36f-7c5703ccfcf2,microtopo,"Nearest mark: Intersection of 182nd St. and 90th Ave., Jamaica, Queens (174 m away) .","Source: USGS 3DEP 30 m DEM (LiDAR-derived) via py3dep, with TWI and HAND derived using whitebox-workflows hydrology toolkit.
Point elevation at this address: 5.19 m above sea level.
Topographic position relative to surroundings: MID-SLOPE — neither a clear low point nor high ground.
Fraction of cells within 200 m radius that are LOWER in elevation than this address: 38.2%.
Fraction of cells within 750 m radius that are LOWER in elevation than this address: 56.6%.
Basin relief (max elevation in 750 m AOI minus address elevation): 13.06 m.
Height Above Nearest Drainage (HAND): 6.42 m. Interpretation: moderate (3-8 m) — typical urban-block elevation above drainage. HAND is the standard hydrology index for vertical distance from a cell to the nearest channel; used by USGS, USACE, and InfoWorks ICM.
Topographic Wetness Index (TWI): 9.52. Interpretation: moderate. TWI = ln(specific catchment area / tan slope) is the TOPMODEL framework's saturation propensity metric.",b0182,doc_swap,0
b0182_number,burr/ca2021e9-a662-430c-a36f-7c5703ccfcf2,ida_hwm,"Nearest mark: Intersection of 546nd St. and 90th Ave., Jamaica, Queens (174 m away) .","Source: USGS STN Hurricane Ida 2021 high-water marks (Event 312, NY State).
USGS HWMs within 800 m: 2.
Max water height above ground: 0.76 ft.
Max HWM elevation: 48.2 ft.
Nearest HWM site: Intersection of 182nd St. and 90th Ave., Jamaica, Queens (174.0 m away).",b0182,number,0
b0182_place,burr/ca2021e9-a662-430c-a36f-7c5703ccfcf2,ida_hwm,"Nearest mark: Intersection of 182nd St. and 90th Ave., Jamaica, Rockaway (174 m away) .","Source: USGS STN Hurricane Ida 2021 high-water marks (Event 312, NY State).
USGS HWMs within 800 m: 2.
Max water height above ground: 0.76 ft.
Max HWM elevation: 48.2 ft.
Nearest HWM site: Intersection of 182nd St. and 90th Ave., Jamaica, Queens (174.0 m away).",b0182,place,0
b0183_none,burr/ca2021e9-a662-430c-a36f-7c5703ccfcf2,microtopo,Local basin relief: 35.02 m .,"Source: USGS 3DEP 30 m DEM (LiDAR-derived) via py3dep, with TWI and HAND derived using whitebox-workflows hydrology toolkit.
Point elevation at this address: 14.87 m above sea level.
Topographic position relative to surroundings: MID-SLOPE — neither a clear low point nor high ground.
Fraction of cells within 200 m radius that are LOWER in elevation than this address: 29.1%.
Fraction of cells within 750 m radius that are LOWER in elevation than this address: 28.5%.
Basin relief (max elevation in 750 m AOI minus address elevation): 35.02 m.
Height Above Nearest Drainage (HAND): 0.0 m. Interpretation: very low (sub-meter) — the address sits at or near drainage level. HAND is the standard hydrology index for vertical distance from a cell to the nearest channel; used by USGS, USACE, and InfoWorks ICM.
Topographic Wetness Index (TWI): 11.78. Interpretation: high — the cell tends to accumulate water. TWI = ln(specific catchment area / tan slope) is the TOPMODEL framework's saturation propensity metric.",b0183,none,1
b0183_doc_swap,burr/ca2021e9-a662-430c-a36f-7c5703ccfcf2,fema_nfhl,Local basin relief: 35.02 m .,"fld_zone: X
zone_subty: AREA OF MINIMAL FLOOD HAZARD
sfha: False
firm_panel: 3604970379F
effective_year: 2007
narrative: This address sits in FEMA flood zone X, per NFHL FIRM panel 3604970379F, effective 2007.",b0183,doc_swap,0
b0183_number,burr/ca2021e9-a662-430c-a36f-7c5703ccfcf2,microtopo,Local basin relief: 70.04 m .,"Source: USGS 3DEP 30 m DEM (LiDAR-derived) via py3dep, with TWI and HAND derived using whitebox-workflows hydrology toolkit.
Point elevation at this address: 14.87 m above sea level.
Topographic position relative to surroundings: MID-SLOPE — neither a clear low point nor high ground.
Fraction of cells within 200 m radius that are LOWER in elevation than this address: 29.1%.
Fraction of cells within 750 m radius that are LOWER in elevation than this address: 28.5%.
Basin relief (max elevation in 750 m AOI minus address elevation): 35.02 m.
Height Above Nearest Drainage (HAND): 0.0 m. Interpretation: very low (sub-meter) — the address sits at or near drainage level. HAND is the standard hydrology index for vertical distance from a cell to the nearest channel; used by USGS, USACE, and InfoWorks ICM.
Topographic Wetness Index (TWI): 11.78. Interpretation: high — the cell tends to accumulate water. TWI = ln(specific catchment area / tan slope) is the TOPMODEL framework's saturation propensity metric.",b0183,number,0
b0184_none,burr/e419ba94-3ea4-4d5b-a91e-8e984aaa73bc,microtopo,Elevation 16.89 m; this point sits at the 57.6th percentile of elevation within a 200 m window .,"Source: USGS 3DEP 30 m DEM (LiDAR-derived) via py3dep, with TWI and HAND derived using whitebox-workflows hydrology toolkit.
Point elevation at this address: 16.89 m above sea level.
Topographic position relative to surroundings: MID-SLOPE — neither a clear low point nor high ground.
Fraction of cells within 200 m radius that are LOWER in elevation than this address: 57.6%.
Fraction of cells within 750 m radius that are LOWER in elevation than this address: 75.6%.
Basin relief (max elevation in 750 m AOI minus address elevation): 10.51 m.
Height Above Nearest Drainage (HAND): 16.76 m. Interpretation: high (>8 m) — the address sits well above the local drainage network. HAND is the standard hydrology index for vertical distance from a cell to the nearest channel; used by USGS, USACE, and InfoWorks ICM.
Topographic Wetness Index (TWI): 7.1. Interpretation: moderate. TWI = ln(specific catchment area / tan slope) is the TOPMODEL framework's saturation propensity metric.",b0184,none,1
b0184_doc_swap,burr/e419ba94-3ea4-4d5b-a91e-8e984aaa73bc,ida_hwm,Elevation 16.89 m; this point sits at the 57.6th percentile of elevation within a 200 m window .,"n_within_radius: 0
radius_m: 800
max_elev_ft: None
max_height_above_gnd_ft: None
nearest_dist_m: 1422.0
nearest_site: Intersection of Carroll St. and Nevins St., Gowanus, Brooklyn
nearest_elev_ft: 10.7
narrative: No Hurricane Ida (Sept 2021) high-water marks were surveyed within 800 m of this address. Nearest USGS-surveyed mark: Intersection of Carroll St. and Nevins St., Gowanus, Brooklyn (1422 m away).",b0184,doc_swap,0
b0184_number,burr/e419ba94-3ea4-4d5b-a91e-8e984aaa73bc,microtopo,Elevation 8.45 m; this point sits at the 57.6th percentile of elevation within a 200 m window .,"Source: USGS 3DEP 30 m DEM (LiDAR-derived) via py3dep, with TWI and HAND derived using whitebox-workflows hydrology toolkit.
Point elevation at this address: 16.89 m above sea level.
Topographic position relative to surroundings: MID-SLOPE — neither a clear low point nor high ground.
Fraction of cells within 200 m radius that are LOWER in elevation than this address: 57.6%.
Fraction of cells within 750 m radius that are LOWER in elevation than this address: 75.6%.
Basin relief (max elevation in 750 m AOI minus address elevation): 10.51 m.
Height Above Nearest Drainage (HAND): 16.76 m. Interpretation: high (>8 m) — the address sits well above the local drainage network. HAND is the standard hydrology index for vertical distance from a cell to the nearest channel; used by USGS, USACE, and InfoWorks ICM.
Topographic Wetness Index (TWI): 7.1. Interpretation: moderate. TWI = ln(specific catchment area / tan slope) is the TOPMODEL framework's saturation propensity metric.",b0184,number,0
b0184_direction,burr/e419ba94-3ea4-4d5b-a91e-8e984aaa73bc,microtopo,Elevation 16.89 m; this point sits at the 57.6th percentile of elevation beyond a 200 m window .,"Source: USGS 3DEP 30 m DEM (LiDAR-derived) via py3dep, with TWI and HAND derived using whitebox-workflows hydrology toolkit.
Point elevation at this address: 16.89 m above sea level.
Topographic position relative to surroundings: MID-SLOPE — neither a clear low point nor high ground.
Fraction of cells within 200 m radius that are LOWER in elevation than this address: 57.6%.
Fraction of cells within 750 m radius that are LOWER in elevation than this address: 75.6%.
Basin relief (max elevation in 750 m AOI minus address elevation): 10.51 m.
Height Above Nearest Drainage (HAND): 16.76 m. Interpretation: high (>8 m) — the address sits well above the local drainage network. HAND is the standard hydrology index for vertical distance from a cell to the nearest channel; used by USGS, USACE, and InfoWorks ICM.
Topographic Wetness Index (TWI): 7.1. Interpretation: moderate. TWI = ln(specific catchment area / tan slope) is the TOPMODEL framework's saturation propensity metric.",b0184,direction,0
b0185_none,burr/e419ba94-3ea4-4d5b-a91e-8e984aaa73bc,ttm_311_forecast,Experimental: 2 flood-related 311 complaints within 200 m over the last 512 days .,"Source: IBM Granite TimeSeries TTM r2 (Ekambaram et al. 2024, NeurIPS) zero-shot forecast on NYC 311 flood-complaint history (Sewer Backup, Catch Basin Clogged/Flooding, Street Flooding, Manhole Overflow) within 200 m of the address.
Context window: 512 days (73 weeks) ending 2026-09-26.
Total complaints in context window: 2.
History recent 30-day rate: 0.0 complaints/day (≈0.03 per week).
Forecast horizon: 96 days (13 weeks) ahead.
Forecast rate: 0.001 complaints/day (≈0.01 per week).
Forecast peak day: 0.02 complaints, day +9.
Acceleration cue: no — forecast in line with recent baseline.
INTERPRETATION: this is a per-address pattern forecast, not a city-wide trend. Zero-history addresses get a zero-baseline forecast (legitimate); the more relevant cite is when there's a multi-month complaint history that the model is extrapolating.",b0185,none,1
b0185_doc_swap,burr/e419ba94-3ea4-4d5b-a91e-8e984aaa73bc,ida_hwm,Experimental: 2 flood-related 311 complaints within 200 m over the last 512 days .,"Source: USGS STN Hurricane Ida 2021 high-water marks (Event 312, NY State).
USGS HWMs within 800 m: 10.
Max water height above ground: 2.32 ft.
Max HWM elevation: 30.6 ft.
Nearest HWM site: Intersection of Carroll St. and Nevins St., Gowanus, Brooklyn (119.0 m away).",b0185,doc_swap,0
b0185_number,burr/e419ba94-3ea4-4d5b-a91e-8e984aaa73bc,ttm_311_forecast,Experimental: 2 flood-related 311 complaints within 200 m over the last 256 days .,"Source: IBM Granite TimeSeries TTM r2 (Ekambaram et al. 2024, NeurIPS) zero-shot forecast on NYC 311 flood-complaint history (Sewer Backup, Catch Basin Clogged/Flooding, Street Flooding, Manhole Overflow) within 200 m of the address.
Context window: 512 days (73 weeks) ending 2026-09-26.
Total complaints in context window: 2.
History recent 30-day rate: 0.0 complaints/day (≈0.03 per week).
Forecast horizon: 96 days (13 weeks) ahead.
Forecast rate: 0.001 complaints/day (≈0.01 per week).
Forecast peak day: 0.02 complaints, day +9.
Acceleration cue: no — forecast in line with recent baseline.
INTERPRETATION: this is a per-address pattern forecast, not a city-wide trend. Zero-history addresses get a zero-baseline forecast (legitimate); the more relevant cite is when there's a multi-month complaint history that the model is extrapolating.",b0185,number,0
b0185_direction,burr/e419ba94-3ea4-4d5b-a91e-8e984aaa73bc,ttm_311_forecast,Experimental: 2 flood-related 311 complaints beyond 200 m over the last 512 days .,"Source: IBM Granite TimeSeries TTM r2 (Ekambaram et al. 2024, NeurIPS) zero-shot forecast on NYC 311 flood-complaint history (Sewer Backup, Catch Basin Clogged/Flooding, Street Flooding, Manhole Overflow) within 200 m of the address.
Context window: 512 days (73 weeks) ending 2026-09-26.
Total complaints in context window: 2.
History recent 30-day rate: 0.0 complaints/day (≈0.03 per week).
Forecast horizon: 96 days (13 weeks) ahead.
Forecast rate: 0.001 complaints/day (≈0.01 per week).
Forecast peak day: 0.02 complaints, day +9.
Acceleration cue: no — forecast in line with recent baseline.
INTERPRETATION: this is a per-address pattern forecast, not a city-wide trend. Zero-history addresses get a zero-baseline forecast (legitimate); the more relevant cite is when there's a multi-month complaint history that the model is extrapolating.",b0185,direction,0
b0186_none,burr/f3d7d0bd-c750-418b-b522-f2bf9cbde94a,dep_extreme_2080,"NYC DEP modeled flooding (3.66 in/hr, 2080 SLR): Deep & Contiguous (1-4 ft) .","Source: NYC DEP Stormwater Flood Map — Extreme (3.66 in/hr, 2080 SLR).
Address inside scenario footprint: yes.
Modeled depth class: Deep & Contiguous (1-4 ft).",b0186,none,1
b0186_doc_swap,burr/f3d7d0bd-c750-418b-b522-f2bf9cbde94a,microtopo_nta,"NYC DEP modeled flooding (3.66 in/hr, 2080 SLR): Deep & Contiguous (1-4 ft) .","n_cells: 6991
elev_min_m: -1.62
elev_median_m: 1.55
elev_p10_m: 0.23
elev_max_m: 6.5
hand_median_m: 1.3
twi_median: 9.36
frac_hand_lt1: 0.3894 (38.9 %, 39 %)
frac_twi_gt10: 0.365 (36.5 %, 36 %)",b0186,doc_swap,0
b0186_number,burr/f3d7d0bd-c750-418b-b522-f2bf9cbde94a,dep_extreme_2080,"NYC DEP modeled flooding (3.66 in/hr, 3120 SLR): Deep & Contiguous (1-4 ft) .","Source: NYC DEP Stormwater Flood Map — Extreme (3.66 in/hr, 2080 SLR).
Address inside scenario footprint: yes.
Modeled depth class: Deep & Contiguous (1-4 ft).",b0186,number,0
b0187_none,burr/f3d7d0bd-c750-418b-b522-f2bf9cbde94a,dep_moderate_2050,"NYC DEP modeled flooding (2.13 in/hr, 2050 SLR): Nuisance (>4 in to 1 ft) .","Source: NYC DEP Stormwater Flood Map — Moderate (2.13 in/hr, 2050 SLR).
Address inside scenario footprint: yes.
Modeled depth class: Nuisance (>4 in to 1 ft).",b0187,none,1
b0187_doc_swap,burr/f3d7d0bd-c750-418b-b522-f2bf9cbde94a,ttm_forecast,"NYC DEP modeled flooding (2.13 in/hr, 2050 SLR): Nuisance (>4 in to 1 ft) .","Source: Granite TimeSeries TTM r2 (Ekambaram et al. 2024, NeurIPS) — ibm-granite/granite-timeseries-ttm-r2 via granite-tsfm. Zero-shot forecast of the surge residual (observed minus astronomical tide) at the Battery, NY (NOAA station 8518750). 6-min cadence, ~51 h context, ~9.6 h horizon..
Gauge: The Battery, NY (NOAA 8518750, 2.5 km from address — closest of Battery / Kings Point / Sandy Hook).
Context window: 512 samples (~51.2 h of 6-min residual).
Forecast horizon: 96 samples (~9.6 h ahead).
Recent residual: 0.17 ft (residual = observed water level minus astronomical prediction).
Recent peak |residual| in context: 0.47 ft.
Forecast peak residual: 0.18 ft, expected 6 minutes from now (at 2026-05-06T06:23Z UTC).
INTERPRETATION: positive residual is a wind-driven setup or storm-surge component on top of the tide; the model predicts the non-tidal part NOAA's astronomical predictor does not cover.",b0187,doc_swap,0
b0187_number,burr/f3d7d0bd-c750-418b-b522-f2bf9cbde94a,dep_moderate_2050,"NYC DEP modeled flooding (0.64 in/hr, 2050 SLR): Nuisance (>4 in to 1 ft) .","Source: NYC DEP Stormwater Flood Map — Moderate (2.13 in/hr, 2050 SLR).
Address inside scenario footprint: yes.
Modeled depth class: Nuisance (>4 in to 1 ft).",b0187,number,0
b0188_none,burr/f3d7d0bd-c750-418b-b522-f2bf9cbde94a,dep_moderate_current,"NYC DEP modeled flooding (2.13 in/hr, current SLR): Nuisance (>4 in to 1 ft) .","Source: NYC DEP Stormwater Flood Map — Moderate (2.13 in/hr, current SLR).
Address inside scenario footprint: yes.
Modeled depth class: Nuisance (>4 in to 1 ft).",b0188,none,1
b0188_doc_swap,burr/f3d7d0bd-c750-418b-b522-f2bf9cbde94a,sandy_nta,"NYC DEP modeled flooding (2.13 in/hr, current SLR): Nuisance (>4 in to 1 ft) .","overlap_area_m2: 687843.1
polygon_area_m2: 1786222.2
fraction: 0.3851 (38.5 %, 39 %)
inside: True",b0188,doc_swap,0
b0188_number,burr/f3d7d0bd-c750-418b-b522-f2bf9cbde94a,dep_moderate_current,"NYC DEP modeled flooding (4.26 in/hr, current SLR): Nuisance (>4 in to 1 ft) .","Source: NYC DEP Stormwater Flood Map — Moderate (2.13 in/hr, current SLR).
Address inside scenario footprint: yes.
Modeled depth class: Nuisance (>4 in to 1 ft).",b0188,number,0
b0189_none,burr/f3d7d0bd-c750-418b-b522-f2bf9cbde94a,prithvi_water,"Experimental: satellite-detected surface water about 14 hours after Hurricane Ida (Sentinel-2, 2021-09-02): 0 water polygons within 500 m of this address, nearest 11135.6 m away .","nearest_distance_m: 11135.6
n_polygons_within_500m: 0
scene_id: pre HLS.S30.T18TWK.2021237T153809.v2.0 | post HLS.S30.T18TWK.2021245T154911.v2.0
scene_date: pre 2021-08-25, post 2021-09-02
headline_value: 0 within 500 m
subhead_text: surface water after Ida, experimental
narrative: Experimental: satellite-detected surface water about 14 hours after Hurricane Ida (Sentinel-2, 2021-09-02): 0 water polygons within 500 m of this address, nearest 11135.6 m away. Most are marsh, shoreline and park water; street and basement flooding had drained by then and is not visible in this layer.
raster_kind: prithvi
illustrative: False",b0189,none,1
b0189_doc_swap,burr/f3d7d0bd-c750-418b-b522-f2bf9cbde94a,fema_nfhl,"Experimental: satellite-detected surface water about 14 hours after Hurricane Ida (Sentinel-2, 2021-09-02): 0 water polygons within 500 m of this address, nearest 11135.6 m away .","fld_zone: AE
zone_subty: None
sfha: True
firm_panel: 3604970192F
effective_year: 2007
narrative: This address sits in FEMA flood zone AE (a Special Flood Hazard Area), per NFHL FIRM panel 3604970192F, effective 2007.",b0189,doc_swap,0
b0189_number,burr/f3d7d0bd-c750-418b-b522-f2bf9cbde94a,prithvi_water,"Experimental: satellite-detected surface water about 14 hours after Hurricane Ida (Sentinel-2, 2021-09-02): 0 water polygons within 500 m of this address, nearest 33406.8 m away .","nearest_distance_m: 11135.6
n_polygons_within_500m: 0
scene_id: pre HLS.S30.T18TWK.2021237T153809.v2.0 | post HLS.S30.T18TWK.2021245T154911.v2.0
scene_date: pre 2021-08-25, post 2021-09-02
headline_value: 0 within 500 m
subhead_text: surface water after Ida, experimental
narrative: Experimental: satellite-detected surface water about 14 hours after Hurricane Ida (Sentinel-2, 2021-09-02): 0 water polygons within 500 m of this address, nearest 11135.6 m away. Most are marsh, shoreline and park water; street and basement flooding had drained by then and is not visible in this layer.
raster_kind: prithvi
illustrative: False",b0189,number,0
b0189_direction,burr/f3d7d0bd-c750-418b-b522-f2bf9cbde94a,prithvi_water,"Experimental: satellite-detected surface water about 14 hours after Hurricane Ida (Sentinel-2, 2021-09-02): 0 water polygons beyond 500 m of this address, nearest 11135.6 m away .","nearest_distance_m: 11135.6
n_polygons_within_500m: 0
scene_id: pre HLS.S30.T18TWK.2021237T153809.v2.0 | post HLS.S30.T18TWK.2021245T154911.v2.0
scene_date: pre 2021-08-25, post 2021-09-02
headline_value: 0 within 500 m
subhead_text: surface water after Ida, experimental
narrative: Experimental: satellite-detected surface water about 14 hours after Hurricane Ida (Sentinel-2, 2021-09-02): 0 water polygons within 500 m of this address, nearest 11135.6 m away. Most are marsh, shoreline and park water; street and basement flooding had drained by then and is not visible in this layer.
raster_kind: prithvi
illustrative: False",b0189,direction,0
b0190_none,burr/f3d7d0bd-c750-418b-b522-f2bf9cbde94a,microtopo,Elevation 14.86 m; this point sits at the 9.7th percentile of elevation within a 200 m window (lower percentile = topographic low); HAND 0.0 m above nearest drainage; TWI 22.83 .,"Source: USGS 3DEP 30 m DEM (LiDAR-derived) via py3dep, with TWI and HAND derived using whitebox-workflows hydrology toolkit.
Point elevation at this address: 14.86 m above sea level.
Topographic position relative to surroundings: topographic LOW POINT — surface runoff in the 200 m neighbourhood routes toward this location.
Fraction of cells within 200 m radius that are LOWER in elevation than this address: 9.7%.
Fraction of cells within 750 m radius that are LOWER in elevation than this address: 29.4%.
Basin relief (max elevation in 750 m AOI minus address elevation): 34.87 m.
Height Above Nearest Drainage (HAND): 0.0 m. Interpretation: very low (sub-meter) — the address sits at or near drainage level. HAND is the standard hydrology index for vertical distance from a cell to the nearest channel; used by USGS, USACE, and InfoWorks ICM.
Topographic Wetness Index (TWI): 22.83. Interpretation: very high — saturation-prone terrain. TWI = ln(specific catchment area / tan slope) is the TOPMODEL framework's saturation propensity metric.",b0190,none,1
b0190_doc_swap,burr/f3d7d0bd-c750-418b-b522-f2bf9cbde94a,dep_moderate_current,Elevation 14.86 m; this point sits at the 9.7th percentile of elevation within a 200 m window (lower percentile = topographic low); HAND 0.0 m above nearest drainage; TWI 22.83 .,"Source: NYC DEP Stormwater Flood Map — Moderate (2.13 in/hr, current SLR).
Address inside scenario footprint: yes.
Modeled depth class: Nuisance (>4 in to 1 ft).",b0190,doc_swap,0
b0190_number,burr/f3d7d0bd-c750-418b-b522-f2bf9cbde94a,microtopo,Elevation 14.86 m; this point sits at the 9.7th percentile of elevation within a 400 m window (lower percentile = topographic low); HAND 0.0 m above nearest drainage; TWI 22.83 .,"Source: USGS 3DEP 30 m DEM (LiDAR-derived) via py3dep, with TWI and HAND derived using whitebox-workflows hydrology toolkit.
Point elevation at this address: 14.86 m above sea level.
Topographic position relative to surroundings: topographic LOW POINT — surface runoff in the 200 m neighbourhood routes toward this location.
Fraction of cells within 200 m radius that are LOWER in elevation than this address: 9.7%.
Fraction of cells within 750 m radius that are LOWER in elevation than this address: 29.4%.
Basin relief (max elevation in 750 m AOI minus address elevation): 34.87 m.
Height Above Nearest Drainage (HAND): 0.0 m. Interpretation: very low (sub-meter) — the address sits at or near drainage level. HAND is the standard hydrology index for vertical distance from a cell to the nearest channel; used by USGS, USACE, and InfoWorks ICM.
Topographic Wetness Index (TWI): 22.83. Interpretation: very high — saturation-prone terrain. TWI = ln(specific catchment area / tan slope) is the TOPMODEL framework's saturation propensity metric.",b0190,number,0
b0190_direction,burr/f3d7d0bd-c750-418b-b522-f2bf9cbde94a,microtopo,Elevation 14.86 m; this point sits at the 9.7th percentile of elevation within a 200 m window (higher percentile = topographic low); HAND 0.0 m above nearest drainage; TWI 22.83 .,"Source: USGS 3DEP 30 m DEM (LiDAR-derived) via py3dep, with TWI and HAND derived using whitebox-workflows hydrology toolkit.
Point elevation at this address: 14.86 m above sea level.
Topographic position relative to surroundings: topographic LOW POINT — surface runoff in the 200 m neighbourhood routes toward this location.
Fraction of cells within 200 m radius that are LOWER in elevation than this address: 9.7%.
Fraction of cells within 750 m radius that are LOWER in elevation than this address: 29.4%.
Basin relief (max elevation in 750 m AOI minus address elevation): 34.87 m.
Height Above Nearest Drainage (HAND): 0.0 m. Interpretation: very low (sub-meter) — the address sits at or near drainage level. HAND is the standard hydrology index for vertical distance from a cell to the nearest channel; used by USGS, USACE, and InfoWorks ICM.
Topographic Wetness Index (TWI): 22.83. Interpretation: very high — saturation-prone terrain. TWI = ln(specific catchment area / tan slope) is the TOPMODEL framework's saturation propensity metric.",b0190,direction,0
b0191_none,burr/f3d7d0bd-c750-418b-b522-f2bf9cbde94a,nws_obs,"Latest METAR at JFK Airport, NY (7.7 km away): 17.0°C (obs 2026-09-26T18:35) .","station_id: KJFK
station_name: JFK Airport, NY
distance_km: 7.7
obs_time: 2026-09-26T18:35:00+00:00
temp_c: 17.0
precip_last_hour_mm: None
precip_last_3h_mm: None
precip_last_6h_mm: None
narrative: Latest METAR at JFK Airport, NY (7.7 km away): 17.0°C (obs 2026-09-26T18:35).
error: None",b0191,none,1
b0191_doc_swap,burr/f3d7d0bd-c750-418b-b522-f2bf9cbde94a,ida_hwm,"Latest METAR at JFK Airport, NY (7.7 km away): 17.0°C (obs 2026-09-26T18:35) .","n_within_radius: 0
radius_m: 800
max_elev_ft: None
max_height_above_gnd_ft: None
nearest_dist_m: 2092.0
nearest_site: Intersection of 182nd St. and 90th Ave., Jamaica, Queens
nearest_elev_ft: 48.2
narrative: No Hurricane Ida (Sept 2021) high-water marks were surveyed within 800 m of this address. Nearest USGS-surveyed mark: Intersection of 182nd St. and 90th Ave., Jamaica, Queens (2092 m away).",b0191,doc_swap,0
b0191_number,burr/f3d7d0bd-c750-418b-b522-f2bf9cbde94a,nws_obs,"Latest METAR at JFK Airport, NY (11.6 km away): 17.0°C (obs 2026-09-26T18:35) .","station_id: KJFK
station_name: JFK Airport, NY
distance_km: 7.7
obs_time: 2026-09-26T18:35:00+00:00
temp_c: 17.0
precip_last_hour_mm: None
precip_last_3h_mm: None
precip_last_6h_mm: None
narrative: Latest METAR at JFK Airport, NY (7.7 km away): 17.0°C (obs 2026-09-26T18:35).
error: None",b0191,number,0
b0192_none,burr/f3d7d0bd-c750-418b-b522-f2bf9cbde94a,noaa_tides,"Latest reading at Kings Point, NY: 6.57 ft above MLLW (+1.22 ft vs predicted tide) .","Source: NOAA CO-OPS Tides & Currents API (api.tidesandcurrents.noaa.gov), 6-min cadence.
Nearest tide gauge: Kings Point, NY (NOAA station 8516945, 11.1 km away).
Observation time (LST/LDT): 2026-09-26 14:48.
Current observed water level above MLLW: 6.57 ft.
Astronomical tide prediction at the same instant: 5.35 ft above MLLW.
Residual (observed minus predicted): 1.22 ft — elevated above prediction (positive residual is consistent with wind-driven setup or storm surge).
Note: this is real-time tidal context for nearby coastal water level. The address itself may be inland — the reading describes the bay/harbor level the gauge is in, not the address.",b0192,none,1
b0192_doc_swap,burr/f3d7d0bd-c750-418b-b522-f2bf9cbde94a,ttm_311_forecast,"Latest reading at Kings Point, NY: 6.57 ft above MLLW (+1.22 ft vs predicted tide) .","Source: IBM Granite TimeSeries TTM r2 (Ekambaram et al. 2024, NeurIPS) zero-shot forecast on NYC 311 flood-complaint history (Sewer Backup, Catch Basin Clogged/Flooding, Street Flooding, Manhole Overflow) within 200 m of the address.
Context window: 512 days (73 weeks) ending 2026-09-26.
Total complaints in context window: 3.
History recent 30-day rate: 0.0 complaints/day (≈0.04 per week).
Forecast horizon: 96 days (13 weeks) ahead.
Forecast rate: 0.005 complaints/day (≈0.04 per week).
Forecast peak day: 0.02 complaints, day +19.
Acceleration cue: no — forecast in line with recent baseline.
INTERPRETATION: this is a per-address pattern forecast, not a city-wide trend. Zero-history addresses get a zero-baseline forecast (legitimate); the more relevant cite is when there's a multi-month complaint history that the model is extrapolating.",b0192,doc_swap,0
b0192_number,burr/f3d7d0bd-c750-418b-b522-f2bf9cbde94a,noaa_tides,"Latest reading at Kings Point, NY: 19.71 ft above MLLW (+1.22 ft vs predicted tide) .","Source: NOAA CO-OPS Tides & Currents API (api.tidesandcurrents.noaa.gov), 6-min cadence.
Nearest tide gauge: Kings Point, NY (NOAA station 8516945, 11.1 km away).
Observation time (LST/LDT): 2026-09-26 14:48.
Current observed water level above MLLW: 6.57 ft.
Astronomical tide prediction at the same instant: 5.35 ft above MLLW.
Residual (observed minus predicted): 1.22 ft — elevated above prediction (positive residual is consistent with wind-driven setup or storm surge).
Note: this is real-time tidal context for nearby coastal water level. The address itself may be inland — the reading describes the bay/harbor level the gauge is in, not the address.",b0192,number,0
b0192_direction,burr/f3d7d0bd-c750-418b-b522-f2bf9cbde94a,noaa_tides,"Latest reading at Kings Point, NY: 6.57 ft below MLLW (+1.22 ft vs predicted tide) .","Source: NOAA CO-OPS Tides & Currents API (api.tidesandcurrents.noaa.gov), 6-min cadence.
Nearest tide gauge: Kings Point, NY (NOAA station 8516945, 11.1 km away).
Observation time (LST/LDT): 2026-09-26 14:48.
Current observed water level above MLLW: 6.57 ft.
Astronomical tide prediction at the same instant: 5.35 ft above MLLW.
Residual (observed minus predicted): 1.22 ft — elevated above prediction (positive residual is consistent with wind-driven setup or storm surge).
Note: this is real-time tidal context for nearby coastal water level. The address itself may be inland — the reading describes the bay/harbor level the gauge is in, not the address.",b0192,direction,0
b0193_none,burr/f3d7d0bd-c750-418b-b522-f2bf9cbde94a,ttm_311_forecast,Experimental: 19 flood-related 311 complaints within 200 m over the last 512 days; a zero-shot TTM forecast with no rainfall input and no backtest projects about 0.15 per week for the next 96 days .,"Source: IBM Granite TimeSeries TTM r2 (Ekambaram et al. 2024, NeurIPS) zero-shot forecast on NYC 311 flood-complaint history (Sewer Backup, Catch Basin Clogged/Flooding, Street Flooding, Manhole Overflow) within 200 m of the address.
Context window: 512 days (73 weeks) ending 2026-09-26.
Total complaints in context window: 19.
History recent 30-day rate: 0.0 complaints/day (≈0.26 per week).
Forecast horizon: 96 days (13 weeks) ahead.
Forecast rate: 0.021 complaints/day (≈0.15 per week).
Forecast peak day: 0.09 complaints, day +16.
Acceleration cue: no — forecast in line with recent baseline.
INTERPRETATION: this is a per-address pattern forecast, not a city-wide trend. Zero-history addresses get a zero-baseline forecast (legitimate); the more relevant cite is when there's a multi-month complaint history that the model is extrapolating.",b0193,none,1
b0193_doc_swap,burr/f3d7d0bd-c750-418b-b522-f2bf9cbde94a,ida_hwm,Experimental: 19 flood-related 311 complaints within 200 m over the last 512 days; a zero-shot TTM forecast with no rainfall input and no backtest projects about 0.15 per week for the next 96 days .,"n_within_radius: 0
radius_m: 800
max_elev_ft: None
max_height_above_gnd_ft: None
nearest_dist_m: 1417.0
nearest_site: Intersection of Carroll St. and Nevins St., Gowanus, Brooklyn
nearest_elev_ft: 10.7
narrative: No Hurricane Ida (Sept 2021) high-water marks were surveyed within 800 m of this address. Nearest USGS-surveyed mark: Intersection of Carroll St. and Nevins St., Gowanus, Brooklyn (1417 m away).",b0193,doc_swap,0
b0193_number,burr/f3d7d0bd-c750-418b-b522-f2bf9cbde94a,ttm_311_forecast,Experimental: 19 flood-related 311 complaints within 200 m over the last 512 days; a zero-shot TTM forecast with no rainfall input and no backtest projects about 0.04 per week for the next 96 days .,"Source: IBM Granite TimeSeries TTM r2 (Ekambaram et al. 2024, NeurIPS) zero-shot forecast on NYC 311 flood-complaint history (Sewer Backup, Catch Basin Clogged/Flooding, Street Flooding, Manhole Overflow) within 200 m of the address.
Context window: 512 days (73 weeks) ending 2026-09-26.
Total complaints in context window: 19.
History recent 30-day rate: 0.0 complaints/day (≈0.26 per week).
Forecast horizon: 96 days (13 weeks) ahead.
Forecast rate: 0.021 complaints/day (≈0.15 per week).
Forecast peak day: 0.09 complaints, day +16.
Acceleration cue: no — forecast in line with recent baseline.
INTERPRETATION: this is a per-address pattern forecast, not a city-wide trend. Zero-history addresses get a zero-baseline forecast (legitimate); the more relevant cite is when there's a multi-month complaint history that the model is extrapolating.",b0193,number,0
b0193_direction,burr/f3d7d0bd-c750-418b-b522-f2bf9cbde94a,ttm_311_forecast,Experimental: 19 flood-related 311 complaints beyond 200 m over the last 512 days; a zero-shot TTM forecast with no rainfall input and no backtest projects about 0.15 per week for the next 96 days .,"Source: IBM Granite TimeSeries TTM r2 (Ekambaram et al. 2024, NeurIPS) zero-shot forecast on NYC 311 flood-complaint history (Sewer Backup, Catch Basin Clogged/Flooding, Street Flooding, Manhole Overflow) within 200 m of the address.
Context window: 512 days (73 weeks) ending 2026-09-26.
Total complaints in context window: 19.
History recent 30-day rate: 0.0 complaints/day (≈0.26 per week).
Forecast horizon: 96 days (13 weeks) ahead.
Forecast rate: 0.021 complaints/day (≈0.15 per week).
Forecast peak day: 0.09 complaints, day +16.
Acceleration cue: no — forecast in line with recent baseline.
INTERPRETATION: this is a per-address pattern forecast, not a city-wide trend. Zero-history addresses get a zero-baseline forecast (legitimate); the more relevant cite is when there's a multi-month complaint history that the model is extrapolating.",b0193,direction,0
b0194_none,burr/f9743887-ace2-4195-819c-58ac42e11ce7,fema_nfhl,"This address sits in FEMA flood zone X, per NFHL FIRM panel 3604970379F, effective 2007 .","fld_zone: X
zone_subty: AREA OF MINIMAL FLOOD HAZARD
sfha: False
firm_panel: 3604970379F
effective_year: 2007
narrative: This address sits in FEMA flood zone X, per NFHL FIRM panel 3604970379F, effective 2007.",b0194,none,1
b0194_doc_swap,burr/f9743887-ace2-4195-819c-58ac42e11ce7,ttm_forecast,"This address sits in FEMA flood zone X, per NFHL FIRM panel 3604970379F, effective 2007 .","Source: Granite TimeSeries TTM r2 (Ekambaram et al. 2024, NeurIPS) — ibm-granite/granite-timeseries-ttm-r2 via granite-tsfm. Zero-shot forecast of the surge residual (observed minus astronomical tide) at the Battery, NY (NOAA station 8518750). 6-min cadence, ~51 h context, ~9.6 h horizon..
Gauge: The Battery, NY (NOAA 8518750, 2.5 km from address — closest of Battery / Kings Point / Sandy Hook).
Context window: 512 samples (~51.2 h of 6-min residual).
Forecast horizon: 96 samples (~9.6 h ahead).
Recent residual: 0.17 ft (residual = observed water level minus astronomical prediction).
Recent peak |residual| in context: 0.47 ft.
Forecast peak residual: 0.18 ft, expected 6 minutes from now (at 2026-05-06T06:23Z UTC).
INTERPRETATION: positive residual is a wind-driven setup or storm-surge component on top of the tide; the model predicts the non-tidal part NOAA's astronomical predictor does not cover.",b0194,doc_swap,0
b0194_number,burr/f9743887-ace2-4195-819c-58ac42e11ce7,fema_nfhl,"This address sits in FEMA flood zone X, per NFHL FIRM panel 1802485190F, effective 2007 .","fld_zone: X
zone_subty: AREA OF MINIMAL FLOOD HAZARD
sfha: False
firm_panel: 3604970379F
effective_year: 2007
narrative: This address sits in FEMA flood zone X, per NFHL FIRM panel 3604970379F, effective 2007.",b0194,number,0
b0195_none,burr/f9743887-ace2-4195-819c-58ac42e11ce7,ida_hwm,"O, Midwood, Brooklyn (11131 m away) .","n_within_radius: 0
radius_m: 800
max_elev_ft: None
max_height_above_gnd_ft: None
nearest_dist_m: 11131.0
nearest_site: Coney Island Ave., between Ave. P and Ave. O, Midwood, Brooklyn
nearest_elev_ft: 29.1
narrative: No Hurricane Ida (Sept 2021) high-water marks were surveyed within 800 m of this address. Nearest USGS-surveyed mark: Coney Island Ave., between Ave. P and Ave. O, Midwood, Brooklyn (11131 m away).",b0195,none,1
b0195_doc_swap,burr/f9743887-ace2-4195-819c-58ac42e11ce7,rag_nycha,"O, Midwood, Brooklyn (11131 m away) .","Source: NYCHA, Flood Resilience: Lessons Learned, page 74.
Retrieved passage (verbatim): Flood Resilience at NYCHA: Memorializing Lessons Learned Through the Hurricane Sandy Disaster Recovery Program 74 Appendix Recovery and Resilience Scope Overview ASTORIA BARUCH BEACH 41ST STREET CAMPOS PLAZA II CAREY GARDENS CARLTON MANOR CONEY ISLAND (SITE 8) CONEY ISLAND HOUSES CONEY ISLAND IB CONEY ISLAND 4&5 EAST RIVER GOWANUS GRAVESEND HABER HAMMEL ISAACS LA GUARDIA LAVANBURG HOMES LINCOLN HOUSES LOWER EAST SIDE REHAB 5 METRO NORTH NEW LANE OCEAN BAY APARTMENTS (BAYSIDE) OCEAN BAY APARTMENTS (OCEANSIDE) O'DWYER RANGEL REDFERN RED HOOK EAST RED HOOK WEST RIIS RIIS II SMITH SURFSIDE TWO BRIDGES WALD Total SiTE IMPROVEMENT Electrical Feeders Replacement ● ● ● ● ● ● ● ● ● ● ● ● ● ● ● ● ● ● ● ● ● Only Slope Stabilization Scope ● ● ● ● ● ● ● ● ● ● ● ● ● 35 Upgraded Site Lighting ● ● ● ● ● ● ● ● ● ● ● ● ● ● ● ● ● ● ● ● ● ● ● ● ● ● ● ● ● ● 30 Upgraded Playground Areas ● ● ● ● ● ● ● ● ● ● ● ● ● ● ● ● ● ● ● ● ● ● ● ● ● 25 Green Infrastructure Implementation ● ● ● ● ● ● ● ● ● 9 FACILITIES Roof Replacement ● ● ● ● ● ● ● ● ● ● ● ● ● ● ● ● ● ● ● ● ● ● ● ● ● ● ● ● 28 Façade Repair ● ● ● ● ● ● ● ● ● 11 Lobby Upgrade ● ● ● ● ● ● ● ● ● ● ● ● ● ● ● 15 Community Center Upgrade ● ● ● ● ● ● ● 7 Community Center Addition ● ● 2 Child Care Center Upgrade/Addition ● ● ● 3 Boiler Room Addition ● ● ● ● ● ● ● ● ● ● ● ● ● ● ● ● ● ● 18 MEP Building Annexes ● ● ● ● ● ● ● ● ● ● ● ● ● ● ● ● ● ● ● ● ● ● ● 23 FLOOD PROOFING Development Flood Wall ● ● 2 Wet flood proofing ● ● ● ● ● 5 Dry flood proofing ● ● ● ● ● ● ● ● ● ● ● ● ● ● ● ● ● ● ● ● ● ● ● ● ● ● ● ● ● ● ● 32 Passive barriers ● ● ● ● ● ● ● ● ● ● ● 11 Manually deployed barriers ● ● ● ● ● ● ● ● ● ● ● ● ● ● ● ● ● ● ● ● ● ● 22 ELECTRICAL SYSTEMS Upgraded Switchgears ● ● ● ● ● ● ● ● ● ● ● ● ● ● ● ● ● ● ● ● ● ● ● ● ● ● ● ● ● ● ● ● ● ● 34 Relocating all Panels above Project Flood Elevation ● ● ● ● ● ● ● ● ● ● ● ● ● ● ● ● ● ● ● ● ● ● ● ● ● ● ● 27 Centralized Ba",b0195,doc_swap,0
b0195_number,burr/f9743887-ace2-4195-819c-58ac42e11ce7,ida_hwm,"O, Midwood, Brooklyn (16696 m away) .","n_within_radius: 0
radius_m: 800
max_elev_ft: None
max_height_above_gnd_ft: None
nearest_dist_m: 11131.0
nearest_site: Coney Island Ave., between Ave. P and Ave. O, Midwood, Brooklyn
nearest_elev_ft: 29.1
narrative: No Hurricane Ida (Sept 2021) high-water marks were surveyed within 800 m of this address. Nearest USGS-surveyed mark: Coney Island Ave., between Ave. P and Ave. O, Midwood, Brooklyn (11131 m away).",b0195,number,0
b0195_place,burr/f9743887-ace2-4195-819c-58ac42e11ce7,ida_hwm,"O, Midwood, Two Bridges (11131 m away) .","n_within_radius: 0
radius_m: 800
max_elev_ft: None
max_height_above_gnd_ft: None
nearest_dist_m: 11131.0
nearest_site: Coney Island Ave., between Ave. P and Ave. O, Midwood, Brooklyn
nearest_elev_ft: 29.1
narrative: No Hurricane Ida (Sept 2021) high-water marks were surveyed within 800 m of this address. Nearest USGS-surveyed mark: Coney Island Ave., between Ave. P and Ave. O, Midwood, Brooklyn (11131 m away).",b0195,place,0
b0196_none,burr/f9743887-ace2-4195-819c-58ac42e11ce7,nws_obs,"Latest METAR at JFK Airport, NY (8.5 km away): 17.0°C (obs 2026-09-26T18:35) .","station_id: KJFK
station_name: JFK Airport, NY
distance_km: 8.5
obs_time: 2026-09-26T18:35:00+00:00
temp_c: 17.0
precip_last_hour_mm: None
precip_last_3h_mm: None
precip_last_6h_mm: None
narrative: Latest METAR at JFK Airport, NY (8.5 km away): 17.0°C (obs 2026-09-26T18:35).
error: None",b0196,none,1
b0196_doc_swap,burr/f9743887-ace2-4195-819c-58ac42e11ce7,fema_nfhl,"Latest METAR at JFK Airport, NY (8.5 km away): 17.0°C (obs 2026-09-26T18:35) .","fld_zone: AE
zone_subty: None
sfha: True
firm_panel: 3604970329F
effective_year: 2007
narrative: This address sits in FEMA flood zone AE (a Special Flood Hazard Area), per NFHL FIRM panel 3604970329F, effective 2007.",b0196,doc_swap,0
b0196_number,burr/f9743887-ace2-4195-819c-58ac42e11ce7,nws_obs,"Latest METAR at JFK Airport, NY (12.8 km away): 17.0°C (obs 2026-09-26T18:35) .","station_id: KJFK
station_name: JFK Airport, NY
distance_km: 8.5
obs_time: 2026-09-26T18:35:00+00:00
temp_c: 17.0
precip_last_hour_mm: None
precip_last_3h_mm: None
precip_last_6h_mm: None
narrative: Latest METAR at JFK Airport, NY (8.5 km away): 17.0°C (obs 2026-09-26T18:35).
error: None",b0196,number,0
b0197_none,burr/f9743887-ace2-4195-819c-58ac42e11ce7,ttm_311_forecast,Experimental: 6 flood-related 311 complaints within 200 m over the last 512 days; a zero-shot TTM forecast with no rainfall input and no backtest projects about 0.04 per week for the next 96 days .,"Source: IBM Granite TimeSeries TTM r2 (Ekambaram et al. 2024, NeurIPS) zero-shot forecast on NYC 311 flood-complaint history (Sewer Backup, Catch Basin Clogged/Flooding, Street Flooding, Manhole Overflow) within 200 m of the address.
Context window: 512 days (73 weeks) ending 2026-09-26.
Total complaints in context window: 6.
History recent 30-day rate: 0.0 complaints/day (≈0.08 per week).
Forecast horizon: 96 days (13 weeks) ahead.
Forecast rate: 0.005 complaints/day (≈0.04 per week).
Forecast peak day: 0.02 complaints, day +8.
Acceleration cue: no — forecast in line with recent baseline.
INTERPRETATION: this is a per-address pattern forecast, not a city-wide trend. Zero-history addresses get a zero-baseline forecast (legitimate); the more relevant cite is when there's a multi-month complaint history that the model is extrapolating.",b0197,none,1
b0197_doc_swap,burr/f9743887-ace2-4195-819c-58ac42e11ce7,sandy_nta,Experimental: 6 flood-related 311 complaints within 200 m over the last 512 days; a zero-shot TTM forecast with no rainfall input and no backtest projects about 0.04 per week for the next 96 days .,"overlap_area_m2: 2295577.1
polygon_area_m2: 5649571.1
fraction: 0.4063 (40.6 %, 41 %)
inside: True",b0197,doc_swap,0
b0197_number,burr/f9743887-ace2-4195-819c-58ac42e11ce7,ttm_311_forecast,Experimental: 6 flood-related 311 complaints within 200 m over the last 512 days; a zero-shot TTM forecast with no rainfall input and no backtest projects about 0.04 per week for the next 48 days .,"Source: IBM Granite TimeSeries TTM r2 (Ekambaram et al. 2024, NeurIPS) zero-shot forecast on NYC 311 flood-complaint history (Sewer Backup, Catch Basin Clogged/Flooding, Street Flooding, Manhole Overflow) within 200 m of the address.
Context window: 512 days (73 weeks) ending 2026-09-26.
Total complaints in context window: 6.
History recent 30-day rate: 0.0 complaints/day (≈0.08 per week).
Forecast horizon: 96 days (13 weeks) ahead.
Forecast rate: 0.005 complaints/day (≈0.04 per week).
Forecast peak day: 0.02 complaints, day +8.
Acceleration cue: no — forecast in line with recent baseline.
INTERPRETATION: this is a per-address pattern forecast, not a city-wide trend. Zero-history addresses get a zero-baseline forecast (legitimate); the more relevant cite is when there's a multi-month complaint history that the model is extrapolating.",b0197,number,0
b0197_direction,burr/f9743887-ace2-4195-819c-58ac42e11ce7,ttm_311_forecast,Experimental: 6 flood-related 311 complaints beyond 200 m over the last 512 days; a zero-shot TTM forecast with no rainfall input and no backtest projects about 0.04 per week for the next 96 days .,"Source: IBM Granite TimeSeries TTM r2 (Ekambaram et al. 2024, NeurIPS) zero-shot forecast on NYC 311 flood-complaint history (Sewer Backup, Catch Basin Clogged/Flooding, Street Flooding, Manhole Overflow) within 200 m of the address.
Context window: 512 days (73 weeks) ending 2026-09-26.
Total complaints in context window: 6.
History recent 30-day rate: 0.0 complaints/day (≈0.08 per week).
Forecast horizon: 96 days (13 weeks) ahead.
Forecast rate: 0.005 complaints/day (≈0.04 per week).
Forecast peak day: 0.02 complaints, day +8.
Acceleration cue: no — forecast in line with recent baseline.
INTERPRETATION: this is a per-address pattern forecast, not a city-wide trend. Zero-history addresses get a zero-baseline forecast (legitimate); the more relevant cite is when there's a multi-month complaint history that the model is extrapolating.",b0197,direction,0
